text,category
"Subject: Seasonal HVAC Transition and Temporary Floor Closures starting [DATE_1]

Hello Team,

It is that time of the year again! To prepare our office building for the winter season, we will be transitioning our HVAC system from cooling to heating mode.

To perform the necessary calibration and duct cleaning safely, we will be closing floors 11 through 14 sequentially according to the following timeline:
* Floors 11 & 12: Closed all day on [DATE_1]
* Floors 13 & 14: Closed all day on [DATE_2]

During these closures, employees assigned to these floors are requested to work remotely. Please coordinate with your department heads to ensure seamless business continuity.

For any questions, please contact our Facilities Team Lead, [PERSON_1], at [EMAIL_1].

Thank you for your understanding and cooperation as we work to keep our office cozy for the upcoming colder months.

Kind regards,
Office Operations Department",admin
"Subject: Emergency Patching Schedule: PostgreSQL Database Vulnerability

Hi dev-leads,

Following up on the security alert sent earlier today by [PERSON_1], we need to coordinate the emergency patching of all production PostgreSQL databases due to the critical vulnerability disclosed under CVE-[DATE_1].

Below is the proposed schedule for applying the security hotfix:
- Dev/Staging environments: Tonight, [DATE_2] at 6:00 PM UTC.
- Production environments (Region A): Tomorrow, [DATE_3] at 2:00 AM UTC.
- Production environments (Region B): Tomorrow, [DATE_3] at 4:00 AM UTC.

Please ensure that your application teams have verified that our read-replicas can handle the failover during the rolling restarts.

If you anticipate any issues with this schedule, ping me directly on Slack or email [EMAIL_1].

Thanks,

[PERSON_2]
Principal DevOps Architect, [ORG_1]",security
"Subject: Planning: Joint Webinar & API Integration Launch

Hi [PERSON_1],

It’s been great collaborating with the [ORG_1] engineering team on the new webhook integration. Now that we are nearing the public beta release, I wanted to initiate discussions around our co-marketing launch plan.

We’ve had great success with joint webinars in the past, and we believe a live walkthrough of the [ORG_2] and [ORG_1] API workflow would generate significant interest for both our customer bases. We are targeting [DATE_1] for the event.

Let's set up a planning sync later this week. Let me know if any of the following slots work for you and your team:
- Thursday, [DATE_2] at 2:00 PM EST
- Friday, [DATE_3] at 11:00 AM EST

Looking forward to building some buzz around this integration!

Best,

[PERSON_2]
Director of Partner Enablement, [ORG_2]
[PHONE_1]",vendor
"Subject: Milestone Sign-off Request: Phase 1 Discovery & Configuration

Hi [PERSON_1],

I hope you're having a great week. We have successfully completed Phase 1 (Discovery & Environment Configuration) of your onboarding journey.

As discussed, we have configured your tenant according to the specifications outlined in our initial kickoff. To proceed to the integration phase, we require your formal sign-off on this milestone.

Could you please review the attached configuration summary and reply to this email with ""APPROVED"" by [DATE_1]? If you have any final adjustments, please let me know and we can hop on a quick call.

Thanks,

[PERSON_2]
Implementation Specialist, [ORG_2]",client
"Subject: Proposal: [ORG_1] Enterprise Seat Expansion & Tier Pricing

Dear [PERSON_1],

Thank you for reaching out regarding the license expansion for [ORG_1]. We are thrilled to see your teams growing so rapidly and are fully prepared to support your scale.

To accommodate your request for 250 additional Enterprise seats, I have put together a custom tier pricing proposal. By moving into our Tier 3 Enterprise Bracket (500+ users), we can reduce your per-seat cost from [MONEY_1] to [MONEY_2] per user/year. 

Here is a summary of the adjusted annual terms:
- Current Seats: 350 at [MONEY_1] / year
- New Seats: 250 at [MONEY_2] / year
- Total Annual Commitment: [MONEY_3]

If these terms are acceptable, please let me know, and I will have our finance team generate the addendum for your signature. We can provision the new licenses within 2 hours of receiving the signed agreement.

Best,

[PERSON_2]
Senior Account Executive
[ORG_2]
[PHONE_1]",client
"Subject: Joint Case Study & Co-Marketing Sync: [ORG_1] Integration

Hi [PERSON_1] and [PERSON_2],

I'm reaching out from the partner success team at [ORG_3]. Our mutual customer, [ORG_4], has seen incredible results since implementing our joint API integration—specifically a 40% reduction in latency and saving over [MONEY_1] in monthly infrastructure costs.

We would love to feature [ORG_4] in a joint case study and co-marketing campaign. To make this happen, we need to align on the technical messaging and get approval on the press release drafts.

Can we schedule a 20-minute sync next week? Please let me know if [DATE_1] or [DATE_2] works best for your team.

Best,

[PERSON_3]
Head of Global Partner Marketing, [ORG_3]
[EMAIL_1]",vendor
"Subject: Lobby coffee in 5?

Hey [PERSON_1],

I'm heading down to the lobby cafe to grab a flat white before we sync up for standup at [DATE_1]. Want to tag along? We can chat about your weekend plans.

Let me know if you want to walk down together!

Cheers,
[PERSON_2]",personal
"Subject: Schedule Your Hardware Upgrade and Legacy Device Handover - Executive Support

Dear [PERSON_1],

According to our executive hardware lifecycle schedule, you are due for a laptop upgrade. We have prepared a new custom-configured 16-inch MacBook Pro for you.

To minimize any disruption to your schedule, a member of our Executive IT Support team will perform a white-glove migration. We will transfer your data, local profiles, and corporate configurations directly from your old laptop to the new one.

Please let us know your availability on [DATE_1] or [DATE_2] for a 60-minute desk-side session. 

Once the migration is complete, our technician will take immediate custody of your old laptop to log it into our asset tracking system and route it to our secure shredding and recycling partner.

Kindly reply with your preferred time slot, and we will secure the booking.

Best regards,

[PERSON_2]
Executive IT Support Specialist
[ORG_1] Corporate Systems",admin
"Subject: ACTION REQUIRED: Past Due Security Awareness Training - [DATE_1] Deadline

Hi [PERSON_1],

Our records indicate that you have not yet completed the mandatory Q3 Security Awareness Training module, which was due on [DATE_2]. 

As a reminder, completing this training is a mandatory compliance requirement under our SOC 2 Type II and ISO 27001 certification frameworks. Failure to complete these modules within the designated timeframe compromises our compliance posture and puts our corporate systems at risk.

Please log in to the [ORG_1] training portal via Okta or use the direct link below to complete the remaining 15-minute module on Secure Data Handling and Password Hygiene:

Link: https://training.[org_2].com/dashboard/sso

If you do not complete this module by [DATE_1], your access to corporate resources may be temporarily restricted until compliance is met. If you are experiencing technical difficulties, please contact the Security Compliance team at [EMAIL_1] or call [PHONE_1].

Thank you for your prompt attention to this matter.

Best,

[PERSON_2]
Director of Security Compliance
[ORG_1]",security
"Subject: Evaluating [ORG_1] for [ORG_2] - Demo & Security Overview Request

To the Sales Team at [ORG_1],

I am a Senior IT Consultant working on behalf of [ORG_2]. They have tasked me with identifying and vetting modern project management platforms that can scale to [NUMBER_1] users.

We would like to arrange a 1-hour video call to go over a high-level product demo, but more importantly, to discuss your enterprise security architecture. [ORG_2]'s internal risk assessment requires all cloud vendors to provide:
- A completed HECVAT or similar security assessment
- Details on network security and intrusion detection systems
- Disaster recovery and business continuity plans

If you could share these documents under NDA, or provide a secure link to your trust portal, that would greatly accelerate our evaluation process. Let's aim to schedule the demo for [DATE_1] if possible.

Kind regards,

[PERSON_1]
Senior IT Consultant
[EMAIL_1]
On behalf of [ORG_2]",client
"Subject: Cross-team: Implementing staging deployment gates after recent outages

Hi QA and Platform teams,

Following the recent staging environment outages, we want to introduce additional deployment gates to protect our shared staging environments. The goal is to prevent broken builds from blocking the QA automation runs.

Going forward, we are proposing that all database migrations must pass an automated static analysis check before they can be merged into the develop branch. Additionally, we will restrict automated staging deployments to twice daily ([DATE_1] morning and afternoon) to allow for better monitoring.

Please let me know if your team has any concerns about this cadence or if we need to adjust the automated test runner schedules.

Regards,
[PERSON_1]
Director of Engineering, [ORG_1]",internal
"Subject: Update on [ORG_1] Renewal Proposal

Hi [PERSON_1],

Thanks for checking in. We have reviewed the renewal quote of [MONEY_1] for the upcoming year.

While we love the product, we have received a competitive offer from another vendor that is significantly lower. We would prefer to stay with [ORG_2], but we need to justify the cost to our leadership team.

If we commit to a 3-year term, would you be able to offer a multi-year discount that brings the annual cost down to [MONEY_2]? If so, we can sign the agreement by [DATE_1] and initiate the purchase order process immediately.

Let me know your thoughts.

Best,

[PERSON_2]
VP of Operations, [ORG_1]
[PHONE_1]",client
"Subject: SLA Compliance Review & Credit Request for [DATE_1] Outages

Hi [PERSON_1],

I hope you're doing well. I wanted to reach out regarding the system stability issues we encountered during the week of [DATE_1].

According to our internal telemetry, the [ORG_1] platform suffered three separate micro-outages that cumulative-wise totaled over 180 minutes of downtime. Based on our enterprise agreement, any monthly uptime falling below 99.9% triggers a 5% credit, and falling below 99.5% triggers a 15% credit. Our calculations show we hit 99.3% for the month of [DATE_2].

Therefore, we are formally requesting a credit of [MONEY_1] to be applied to our upcoming invoice.

Please let me know if you need our system logs to cross-reference with your engineering team's report. We would like to get this resolved and finalized before our next scheduled sync on [DATE_3].

Best,

[PERSON_2]
Head of IT Operations, [ORG_2]",client
"Subject: Scheduling: Post-Mortem Review - Staging-2 Outage [DATE_1]

Hi Team,

I've scheduled our post-mortem review for the staging-2 outage that occurred on [DATE_1]. The goal is to walk through the timeline, discuss what went wrong, and capture action items to prevent this from hitting production.

Date: [DATE_2]
Time: 10:00 AM - 11:00 AM EST
Google Meet: [EMAIL_1]

Please review the draft post-mortem document in our shared drive before the meeting and add any timeline details from your respective teams. We want to ensure we have a complete picture of the event from the initial deployment to the mitigation.

See you all there,
[PERSON_1]
Engineering Manager, [ORG_1]",internal
"Subject: Joint GTM & Integration Launch Sync: [ORG_1] + [ORG_2]

Hi [PERSON_1],

I hope you're having a productive week. Following up on the successful deployment of our mutual API integration last month, I wanted to schedule a quick 30-minute sync to discuss our upcoming co-marketing initiatives.

Our marketing team has drafted a joint blog post outlining how our mutual customers can leverage the new integration to streamline their data pipelines. We'd love to get your feedback on the draft, as well as discuss potentially launching a co-branded email campaign and setting up a joint landing page on our ecosystem directory.

Are you available sometime on [DATE_1] or [DATE_2] for a quick alignment call?

Best regards,

[PERSON_2]
Head of Partner Relations, [ORG_1]",vendor
"Subject: Completed: Signatures obtained for MNDA - [ORG_1] & [ORG_2]

Dear [PERSON_1],

Please find attached the fully executed Mutual Non-Disclosure Agreement (MNDA) between [ORG_1] and [ORG_2], completed on [DATE_1].

All parties have countersigned the document. A copy of this agreement has been securely archived in our contract management database and associated with your vendor profile for compliance auditing purposes.

If you require any further security documentation, such as our ISO 27001 certificate or our latest penetration testing executive summary, please reach out directly to our security compliance desk at [EMAIL_1].

Thank you for your cooperation in maintaining our mutual security standards.

Sincerely,

Legal & Compliance Department, [ORG_2]",security
"Subject: Budget Planning [DATE_1] - Enterprise Seat Pricing Inquiry

Dear [PERSON_1],

We are currently in the process of finalizing our IT and software budgets for the [DATE_1] fiscal year. [ORG_1] has been utilizing your platform for our core team, and we are planning a massive rollout to our wider field workforce next year.

Currently, we have 150 active licenses. We expect this number to grow to approximately 850 licenses by mid-year. 

Could you please provide a formal breakdown of your enterprise pricing structure for the following tiers?
- 200 to 500 seats
- 501 to 1,000 seats

Additionally, please clarify if your enterprise tier includes dedicated customer success support and custom SLA guarantees, or if those are priced as add-ons. Having this information by the end of this week will help us secure the necessary budget allocation.

Sincerely,

[PERSON_2]
IT Procurement & Licensing Lead
[ORG_1]
[EMAIL_1]",client
"Subject: Milestone 2 Sign-off & Next Steps - [ORG_1] Integration Setup

Dear [PERSON_1],

We have successfully completed Milestone 2: Core Integration Setup for the [ORG_1] platform integration. All endpoint connections have been established, and we have successfully completed our end-to-end testing in the sandbox environment.

As part of our standard onboarding protocol, we need your formal sign-off on this milestone to transition into the User Acceptance Testing (UAT) phase. Please review the attached Integration Sign-off Document and reply with your approval by the end of the day on [DATE_1].

Once we receive your sign-off, we will schedule the UAT kickoff call to walk your business users through the testing scripts and expectations.

Thank you,

[PERSON_2]
Onboarding Manager, [ORG_2]
[EMAIL_1]",client
"Subject: Q4 Mobile Feature Roadmap & Resource Allocation

Hi everyone,

Following our leadership alignment meeting on [DATE_1], I am sharing the finalized Q4 priorities for the [ORG_1] Mobile App. Our main goal is to parity the web app's checkout experience and reduce checkout friction.

Key deliverables and timelines:
- Native Apple Pay Integration: Kickoff on [DATE_2], target release [DATE_3]
- Offline Mode for Core Workflows: Technical spike in sprint 22, MVP release [DATE_4]
- Push Notification Settings Refactor: Target release [DATE_5]

[PERSON_1], could you please review the technical requirements for the Apple Pay integration and flag if we need to pull in any platform engineers? Let's discuss during our standup tomorrow.

Thanks,

[PERSON_2]
Product Management",internal
"Subject: [ORG_1] Q3 SLA Performance Review and Outage Credits

Hi [PERSON_1],

As we prepare for our quarterly business review next week, I wanted to pre-emptively share our tracking of your platform's SLA metrics for Q3.

Our team has recorded three major incidents during this quarter (specifically on [DATE_1], [DATE_2], and [DATE_3]). The cumulative downtime totals 8.5 hours, which brings our quarterly availability down to 99.1%, falling short of the contracted 99.95% availability threshold.

According to the SLA compensation matrix in our contract, this tier of breach entitles [ORG_1] to a billing credit of [MONEY_1]. Please review the attached incident log and confirm that this credit will be reflected on our upcoming invoice for [DATE_4].

I look forward to discussing your platform stabilization roadmap during our call on Thursday.

Best,

[PERSON_2]
VP of Engineering, [ORG_1]",client
"Subject: Bug Triage Notes & Action Items - [DATE_1]

Hi all,

Here are the notes and action items from our weekly bug triage meeting held on [DATE_1]:

- **Issue [ORG_1]-9028 (Critical):** Memory leak identified in the websocket connection manager during load testing. Assigned to [PERSON_1]. Target resolution: [DATE_2].
- **Issue [ORG_1]-9035 (Major):** Automation failures on the billing page due to dynamic ID generation. [PERSON_2] will rewrite the selectors using data-testid attributes today.
- **Issue [ORG_1]-9041 (Minor):** Tooltip misalignment on the dashboard. Triaged to backlog; scheduled for sprint 24.

As a reminder, our threshold for release is zero critical or major open bugs. Let's make sure we address the blockers before the code freeze next Friday.

Regards,
[PERSON_3]
Product Owner, [ORG_1]",internal
"Subject: Post-Release Automation Bug Triage: [DATE_1] Hotfix Required

Hi all,

The automated smoke tests for release v2.4.1 failed post-deployment in the EU-West region. The API gateway is returning 502 Bad Gateway errors during the token validation check.

We have rolled back the deployment to v2.4.0 for now to mitigate customer impact. I've set up a war room bridge to triage the root cause of this failure. 

Meeting Details:
- Bridge link: [EMAIL_1] (Teams link attached to calendar invite)
- Time: 2:00 PM EST
- Lead: [PERSON_1]

Please prioritize this over all other active sprint tasks.

Regards,
[PERSON_2]
VP of Engineering, [ORG_1]",internal
"Subject: RE: Capacity Review & Q3 Cloud Infrastructure Overage - [ORG_1] / [ORG_2]

Hi [PERSON_1],

I hope you are doing well. I wanted to follow up on the monthly infrastructure usage report we generated for [ORG_1] last week.

We noticed a sustained 40% increase in your RAM and block storage consumption across your European region clusters since [DATE_1]. This has pushed your account into the ""Tier 2 Overage"" bracket. If this trend continues, your Q3 cloud spend will exceed your initial budget allocation by roughly [MONEY_1].

We'd like to proactively schedule a capacity planning call with your engineering leads and [PERSON_2], our Cloud Architect, to discuss:
- Right-sizing your current virtual machine instances
- Moving to a multi-year reserved instance model to lower the baseline cost
- Adjusting your auto-scaling policies

Are you free for a quick sync on [DATE_2] at 2:00 PM EST?

Thanks,

[PERSON_3]
Enterprise Partner Success, [ORG_2]",vendor
"Subject: PR Review: Adding bio and preferences fields to UserProfile (PR #402)

Hi [PERSON_1],

I was looking over your PR for the user profile schema expansion today. The new ORM model fields look good overall, but I have a major concern regarding the migration file `20231024_add_bio_and_preferences.py`.

You've defined the `preferences` column as a JSONB field that is non-nullable without providing a default value. Since our `users` table already has over 4 million rows in production, running this migration as-is will fail or lock the table while the database tries to write nulls to existing rows. 

Could we change the column to be nullable first, run a backfill script to populate empty JSON objects `{}`, and then apply the non-nullable constraint in a subsequent release? Let's chat about this at the standup tomorrow.

Best,
[PERSON_2]",internal
"Subject: IMPORTANT: [ORG_1] Year-End Office Shutdown & Facility Guidelines

Hello team,

As a reminder, our annual year-end holiday shutdown is scheduled to begin on [DATE_1], with offices officially reopening on [DATE_2]. 

During this shutdown, all corporate offices will operate on minimal power. Heating and cooling systems will be set to energy-saving mode, and cleaning services will be suspended. 

Before you leave for the break, please ensure you:
- Turn off and unplug all non-essential electronic devices at your desk.
- Empty any perishable food items from the shared breakroom refrigerators by [DATE_3] at 3:00 PM. Any items left behind will be discarded.
- Ensure all external doors and windows in your work area are securely closed and locked.

Thank you for your cooperation, and we hope you have a wonderful winter break!

Best,

[PERSON_1]
Office Manager, [ORG_1]",admin
"Subject: Kickoff Call & Onboarding Plan: [ORG_1] x [ORG_2]

Hi [PERSON_1],

Welcome to [ORG_2]! We are thrilled to partner with you and the entire team at [ORG_1]. My name is [PERSON_2], and I will be your dedicated Customer Success Manager throughout your onboarding journey and beyond.

To officially get started, we would like to schedule our Onboarding Kickoff Call. During this 45-minute session, we will:
- Introduce our core implementation team
- Align on your primary business objectives and success metrics
- Review the onboarding timeline and key milestones
- Establish our weekly sync schedule and communication channels

Please let me know if any of the following times work for your team next week:
- [DATE_1] at 10:00 AM EST
- [DATE_2] at 2:00 PM EST

If none of those work, feel free to book a slot directly via my calendar link or suggest a few alternatives. Looking forward to working together!

Best regards,

[PERSON_2]
Director of Customer Success, [ORG_2]
[EMAIL_1]
[PHONE_1]",client
"Subject: Inquiry: Enterprise Demo and Architecture/Security Review - [ORG_1]

Dear [ORG_1] Sales Team,

I am reaching out to request a comprehensive demo of your platform for our engineering and security leadership team here at [ORG_2]. We are planning a migration of our communication stack in Q3 and are looking at your enterprise offering as a potential fit.

Our engineering team is particularly interested in your API capabilities and integration with our existing identity providers (SAML/SSO). Additionally, our CISO has requested a brief overview of your vulnerability management program, penetration testing frequency, and incident response plan.

Do you have 30 minutes to jump on a Zoom call next Tuesday, [DATE_1], at [TIME_1]? Please feel free to send over a calendar invite or share a scheduling link.

Sincerely,

[PERSON_1]
VP of Engineering, [ORG_2]
[EMAIL_1]",client
"Subject: Action Required: Review Co-Branded Case Study Draft - [ORG_1] Integration

Hi [PERSON_1],

Our content team has just finished the first draft of our joint case study featuring [ORG_3] and how they utilized the [ORG_1]-[ORG_2] API integration to save [MONEY_1] in annual operational costs.

Before we push this live on our partner directory and newsletter, we want to ensure your brand guidelines and technical details are accurately represented. Could you please have your product marketing team review the draft by [DATE_1]?

Let us also schedule a quick 15-minute call next week to align on the distribution plan and social media promotion strategy.

Thanks for your partnership,

[PERSON_2]
Content & Partner Marketing Lead, [ORG_1]",vendor
"Subject: Action Items: Staging Post-Mortem [DATE_1]

Team,

Thanks for the constructive post-mortem discussion today regarding the [DATE_1] staging outage. Here is the summary of the action items we agreed upon:

1. [PERSON_1] to update the Terraform configuration to scale up the staging RDS instance connection limits (Target: [DATE_2]).
2. [PERSON_2] to implement a circuit breaker and connection timeout limit in the notification microservice (Target: [DATE_3]).
3. [PERSON_3] to configure Datadog alerts for staging DB connection utilization above 80%.

Let's track these in our Jira board under epic ENG-492. Let's ensure these are completed before our next major release cycle.

Thanks,

[PERSON_4]",internal
"Subject: Happy 5-Year Work Anniversary, [PERSON_1]! 🎉

Hey [PERSON_1],

I just realized your 5-year work anniversary is today! [DATE_1] marks half a decade of you keeping this place running. I honestly don't know how the [ORG_1] team survived before you joined us.

From navigating those crazy Q3 launches to all the coffee runs we've made to get through the afternoon slumps, it's been an absolute blast working alongside you. Thanks for always being a friendly face and a sounding board.

Let's grab a coffee or lunch sometime this week to celebrate—my treat! Let me know what your schedule looks like.

Cheers,

[PERSON_2]",personal
"Subject: Invoice [NUMBER] - [ORG_1] Services for [DATE_1] - [ORG_2]

Hi [PERSON_1],

Please find attached invoice #[NUMBER] for the software development and consulting services provided by [ORG_1] to [ORG_2] during [DATE_1]. The total amount due is [MONEY_1], with payment terms of Net 30.

Please note that we have recently updated our banking details. All future ACH and wire transfers should be directed to the updated account details below:

Bank Name: [ORG_3]
Routing Number: [NUMBER]
Account Number: [NUMBER]
Swift Code: [CODE]

If you need a new W-9 or vendor verification form reflecting these changes, please let me know and I will provide it immediately.

Best regards,

[PERSON_2]
Billing Department, [ORG_1]",vendor
"Subject: Statement of Work: [ORG_1] Cloud Migration Strategy & Architecture Consultation

Hi [PERSON_1],

Following up on our discovery call last week, I am pleased to share the draft Statement of Work (SOW) for the [ORG_1] Cloud Migration Strategy engagement. Our team at [ORG_2] has outlined a comprehensive 12-week roadmap designed to transition your legacy infrastructure to AWS seamlessly.

As detailed in the attached document, the project will consist of three main phases:
- Phase 1: Discovery & Legacy Assessment
- Phase 2: Target State Architecture Design
- Phase 3: Migration Execution Roadmap & Cost Optimization Blueprint

The total estimated professional services fee for this engagement is [MONEY_1], billed on a milestone basis as outlined in Section 4. We are targeting a kick-off date of [DATE_1], pending final approvals and MSA completion.

Please review the attached SOW and let me know if you have any questions or feedback. I am happy to schedule a brief call on [DATE_2] to walk through the deliverables in detail.

Best regards,

[PERSON_2]
Principal Architect, [ORG_2]
[EMAIL_1]
[PHONE_1]",vendor
"Subject: Action Required: Localized HVAC Repairs and Temporary Desk Relocation (Zone C)

Hi [ORG_1] Finance Team,

Please be aware that our facilities contractor, [ORG_2], will be performing localized repairs on the HVAC branch line directly above Zone C on the 9th floor.

To ensure the safety of our staff and allow technicians room to work, Zone C will be closed on Thursday, [DATE_1] and Friday, [DATE_2].

If your desk is located in Zone C (Desks 9-100 through 9-125), please plan to hot-desk in Zone A or Zone B for those two days. There are plenty of open workspaces available, and all monitors and docks are fully operational.

We apologize for this localized inconvenience. If you have any questions or need assistance finding an alternative desk, please reach out to [PERSON_1] at [EMAIL_1].

Thank you,

[PERSON_2]
Facilities Coordinator",admin
"Subject: BLOCKER: v3.4.0-rc2 Sanity Test Failures (Database Migration Error)

Hi Release Team,

We have encountered a critical blocking issue during our automated sanity checks on the v3.4.0-rc2 build deployed to the staging environment. 

All automated sanity tests are currently failing at the initialization step because the database migration script (`V3.4__add_user_preferences.sql`) failed to execute. The logs show a duplicate key constraint violation on the `user_settings` table, which is preventing the application container from starting up.

Because of this, we cannot proceed with the manual exploratory testing of the release candidate. I have rolled back the staging environment to v3.4.0-rc1 for now so that the design team can continue their reviews.

[PERSON_1], could your team look into the migration script path? You can reach me at [PHONE_1] if you need the direct database error logs.

Best,

[PERSON_2]
Director of Quality Assurance, [ORG_1]",internal
"Subject: Happy 3 Years, [PERSON_1]! 🥳

Hi [PERSON_1],

Happy 3rd work anniversary!

The entire team wanted to send a quick note to celebrate you today. It’s hard to believe it’s been three years since you joined [ORG_1]. We are all so incredibly lucky to have you around—not just for your wizardry with spreadsheets, but for always bringing the best snacks to the breakroom and keeping our spirits high.

We’ve put together a little digital card from everyone, which we sent over to [EMAIL_1] so you can read all the nice notes.

Here’s to many more years of laughs and lunch dates!

Cheers,

[PERSON_2] and the team",personal
"Subject: URGENT: Signature Required - [ORG_1] Data Processing Addendum & UK Addendum

Hi [PERSON_1],

Following up on our previous thread regarding the cross-border data transfer review. Our legal counsel has finalized the review of [ORG_1]'s Data Processing Addendum (DPA), which now includes the necessary UK Landlord Addendum and the standard EU SCCs.

Because this vendor processes highly sensitive customer PII, we cannot proceed with the integration until this DPA is fully executed by both parties. 

Please review the DocuSign link sent earlier today and execute the document before [DATE_1]. If you have any remaining technical security questions regarding their encryption standards, please loop in [PERSON_2] from the AppSec team.

Thank you,

[PERSON_3]
Security Risk & Compliance Analyst
[ORG_2]",security
"Subject: Joint Marketing & API Integration Launch Sync - [ORG_1] + [ORG_2]

Hi [PERSON_1],

I hope you're having a productive week. Now that our technical teams have finalized the v2 API integration between [ORG_1] and [ORG_2], I wanted to connect regarding our co-marketing launch plan.

We are excited to showcase this integration to our respective user bases. I’d like to propose a quick 30-minute sync on [DATE_1] to discuss joint collateral, including a co-authored blog post, a shared landing page, and a potential joint newsletter feature.

Could you let me know your availability for next week? Alternatively, feel free to book a slot directly on my calendar or reply to this thread with times that work for your team.

Best regards,

[PERSON_2]
Partner Marketing Manager, [ORG_1]
[EMAIL_1]",vendor
"Subject: ACTION REQUIRED: Upcoming HVAC Maintenance and Floor 4 & 5 Closure

Dear Team,

Please be advised that [ORG_1] Facilities will be conducting essential HVAC system maintenance and duct cleaning next week. As a result, Floors 4 and 5 will be fully closed from [DATE_1] through [DATE_2].

During this period, access to these floors will be strictly prohibited to ensure safety and to allow the technicians to work efficiently. Please coordinate with your manager to work from home or utilize the hot-desking spaces available on Floor 2 and Floor 3.

If you have any questions or require special accommodations to retrieve equipment before the closure, please contact [PERSON_1] at [EMAIL_1] or call [PHONE_1]. Thank you for your cooperation.

Best regards,

[PERSON_2]
Director of Facilities, [ORG_1]",admin
"Subject: ACTION REQUIRED: Compliance Review of Updated DPA for [ORG_1]

Hi [PERSON_1],

As part of our ongoing GDPR and Schrems II alignment, our security compliance team is reviewing the updated Data Processing Addendum (DPA) received from [ORG_1]. Since they host our EU customer telemetry, we need to ensure their Standard Contractual Clauses (SCCs) are fully executed and that they have opted into the EU-US Data Privacy Framework.

Please review the attached assessment form and confirm if we need to initiate a supplementary Transfer Impact Assessment (TIA) for this specific data flow. We need this wrapped up before our upcoming ISO 27001 stage 2 audit on [DATE_1].

Thanks,

[PERSON_2]
Security & Privacy Compliance Lead
[ORG_2]",security
"Subject: Quick favor: Sign [PERSON_1]'s Milestone Birthday Card! 🎈

Hey guys,

Can you believe [PERSON_1] is hitting a milestone birthday next week? We definitely can't let this one pass by quietly!

We’ve created a special virtual card to commemorate the occasion. Since it's a big one, we’re trying to get as many people from the [ORG_1] division to sign as possible.

Please add your wishes, photos, or inside jokes here: https://www.groupgreeting.com/card/[PERSON_1]-milestone

We're planning a surprise virtual gathering on [DATE_1] at 3 PM. I'll send out a calendar invite shortly. Please don't mention anything to them yet!

If you have any questions or want to help coordinate a virtual game, feel free to ping me on Slack or call me at [PHONE_1].

Thanks,

[PERSON_2]",personal
"Subject: Security Incident Response: Active Zero-Day Threat - Incident War Room Open

Hi All,

We are initiating an active incident response protocol following a threat intelligence briefing regarding a zero-day vulnerability in our external web server gateway. We have detected anomalous reconnaissance traffic that suggests potential targeting of our external endpoints.

An emergency patch has been prepared by our vendor, and we are currently validating it in our sandbox environment.

We are establishing an ongoing incident response War Room starting immediately. All key infrastructure, security, and network engineering leads are required to join.

War Room Details:
- Bridge Link: [EMAIL_1] (Teams link attached in calendar invite)
- Dial-in: [PHONE_1]
- Lead Incident Commander: [PERSON_1]

Timeline of events and patch deployment schedule:
- 14:00 EST: Sandbox validation completed
- 15:00 EST: Canary deployment in staging environment
- 17:00 EST: Hotfix rollout to production cluster A & B

Updates will be posted to the #sec-incident-war-room Slack channel every 30 minutes. Please route all external inquiries regarding this event to [PERSON_2] in Corporate Communications.

Best,

[PERSON_1]
Incident Commander / SecOps Manager
[ORG_1] Security",security
"Subject: Friday lunch plans? 🌮

Hey guys,

A few of us are planning to head down to the new taco spot down the street from the [ORG_1] office this Friday around 12:30 PM. 

It's supposed to be super casual, just a nice break from our screens and a chance to chat about weekend plans. 

Let me know by Thursday afternoon if you want to join so I can call ahead and grab a big enough table for us. If you can't make it, no worries at all—we'll catch you at the next one!

Cheers,

[PERSON_1]",personal
"Subject: [ORG_1] Invoice [NUMBER] - Milestone 3 Deliverables - [ORG_2]

Dear [PERSON_1],

We are pleased to submit our invoice for the successful completion of Milestone 3 (Cloud Migration and Security Audit) under our master services agreement.

Invoice Details:
- Invoice Number: [NUMBER]
- Date: [DATE_1]
- Total Due: [MONEY_1]
- Due Date: [DATE_2]

Please process payment via electronic fund transfer (EFT) to our standard remittance account:

Beneficiary: [ORG_1] LLC
Bank: [ORG_3]
Routing/ABA: [NUMBER]
Account: [NUMBER]
Reference: INV-[NUMBER]

If you have any questions regarding this invoice or require additional supporting documentation, please reach out to [EMAIL_1] or call [PHONE_1].

Sincerely,

[PERSON_2]
Accounts Receivable, [ORG_1]",vendor
"Subject: Invoice from [ORG_1] - [ORG_2] Annual Gala Catering

Hello [PERSON_1],

Thank you for choosing [ORG_1] to cater your annual gala on [DATE_1]. It was a pleasure working with your team to make the event a success.

Attached is the final invoice #[NUMBER] detailing the food, beverage, and staffing services provided. The remaining balance due is [MONEY_1], after deducting the initial deposit.

Please remit payment by [DATE_2] using one of the options below:

1. ACH/Direct Deposit:
   Bank: [ORG_3]
   Routing: [NUMBER]
   Account: [NUMBER]

2. Check by Mail:
   Please make checks payable to [ORG_1] and mail to:
   [ORG_1], Attn: Accounts Receivable, [ADDRESS]

Please send all payment receipts or remittance advices to [EMAIL_1].

Thank you again,

[PERSON_2]
Event Billing Coordinator, [ORG_1]",vendor
"Subject: Nightly Regression Failures: [DATE_1] Staging Build #402

Hi team,

Our nightly regression test suite on Staging-US-East failed last night with a 42% success rate, down from our usual 98%. The primary culprit appears to be the new authentication flow introduced in PR #902.

The test suite `auth_service_spec.js` timed out repeatedly during the OAuth handshake step. I have already logged a blocker ticket in Jira under [ORG_1]-11204. 

Let's use the first 10 minutes of our morning standup to triage this. [PERSON_1], since you approved the PR, could you take a quick look at the logs before we sync?

Best,
[PERSON_2]
Lead QA Automation Engineer
[ORG_1]",internal
"Subject: Revised SOW: [ORG_1] - Brand Strategy & Market Research

Dear [PERSON_1],

Following our workshop on Tuesday, I have updated the Statement of Work (SOW) for the upcoming Brand Strategy and Market Research engagement.

Key updates in this version:
* Reduced the focus group sample size in Europe, bringing the total cost down to [MONEY_1] (previously [MONEY_2]).
* Shifted the final presentation deliverable to [DATE_1] to accommodate your leadership team's schedule.
* Added [PERSON_2] as the Lead Advisor for the qualitative research phase.

Please let me know if these adjustments align with your budget and timeline expectations. Once you approve, I will send the finalized DocuSign link for your execution.

Kind regards,

[PERSON_3]
[ORG_4] Advisory Group
[PHONE_1]",vendor
"Subject: SOW Submission: Marketing Automation Platform Implementation

Dear [PERSON_1],

Following our productive conversation with the marketing team, I am submitting the finalized Statement of Work (SOW) for the implementation of your new marketing automation suite.

I have cc'd [PERSON_2] from your procurement department, as we have incorporated the standard master services agreement (MSA) terms that were agreed upon last year between [ORG_1] and [ORG_2]. This SOW is priced at [MONEY_1] and covers training, template migration, and campaign launch support.

We are prepared to kick off as early as [DATE_1] pending procurement's final approval. Please let me know if you need any additional information or documentation to facilitate the purchase order generation.

Kind regards,

[PERSON_3]
Director of Client Partnerships, [ORG_2]
[EMAIL_1]",vendor
"Subject: RE: [ORG_1] Enterprise Renewal Quote - [ORG_2]

Hi [PERSON_1],

Thanks for sending over the renewal quote for our upcoming subscription term starting [DATE_1]. We've reviewed the [MONEY_1] annual pricing proposed for the enterprise tier.

Since we are looking to commit to [ORG_1] long-term and expect our user base to remain stable, we would like to explore a 3-year agreement instead of a standard 12-month renewal. Could you please provide a revised quote that includes a multi-year discount?

We would be open to discussing either an upfront payment for the full 3 years or annual payments locked in at a discounted rate, depending on which option yields the best terms. Let me know what we can work out.

Best regards,

[PERSON_2]
Director of IT, [ORG_2]
[EMAIL_1]",client
"Subject: Cypress E2E Test Failures - Main Branch - [DATE_1]

Hello frontend-team,

Our scheduled Cypress run failed on the main branch this morning. The main culprit appears to be the newly introduced onboarding wizard layout.

The test suite `onboarding_flow_spec.js` is failing consistently at step 3 because the ""Next"" button is being covered by the customer support widget overlay on smaller viewport sizes.

[PERSON_1] - since you worked on the onboarding UI updates, could you take a quick look? It seems like we just need to adjust the z-index of the support widget or adjust the responsive padding of the wizard container. 

You can find the video recording of the failed test run attached to the JIRA ticket ENG-8902. Please let me know once a patch is ready so I can manually trigger the pipeline rerun.

Regards,

[PERSON_2]
Frontend QA Engineer",internal
"Subject: IMPORTANT: Weekend Building Closure for HVAC System Maintenance - [DATE_1]

Dear Team,

Please be advised that the [ORG_1] HQ building will be completely closed on [DATE_1] and [DATE_2] for critical, scheduled HVAC system maintenance and air filter replacement. During this time, there will be no heating, ventilation, or air conditioning, and access to all floors will be strictly restricted for safety reasons.

All staff are expected to work remotely during this period. If you have critical physical assets that you need to retrieve before the weekend, please ensure you do so by 5:00 PM on [DATE_3]. Badge access to the building will be deactivated starting Friday at 8:00 PM and will be restored on Monday at 6:00 AM.

We apologize for any inconvenience this may cause and appreciate your cooperation in maintaining our facility. If you have any urgent questions, please contact [PERSON_1] at [EMAIL_1].

Best regards,
Facilities & Office Operations
[ORG_1]",admin
"Subject: RE: License Expansion Request - [ORG_1]

Hi [PERSON_1],

I hope you are having a productive week. Following up on our brief discussion last Thursday, our design and engineering departments are scaling up faster than anticipated. We need to add an additional 150 seats to our existing Enterprise plan as soon as possible.

Could you please send over an updated quote reflecting this expansion? Given that this addition will bring our total active user count to over 600, we would like to request a volume discount on the per-seat pricing. Our current rate of [MONEY_1] per user/month was negotiated under the 400-seat tier, so we hope there is some flexibility here.

We would like to have these active by [DATE_1] so we can onboard the new hires on their first day. Looking forward to your proposal.

Best regards,

[PERSON_2]
Director of IT Operations
[ORG_1]
[EMAIL_1]
[PHONE_1]",client
"Subject: QA Automation Weekly Report: Sprint 24 Health & Flaky Test Triage

Hi Team,

Here is our weekly QA automation health update for Sprint 24. 

Our overall pipeline pass rate dropped to 89.2% this week, down from our target of 95%. This decline is largely due to network instability in our staging database containers, causing database clean-up scripts to time out between test runs.

Key Metrics:
- Total Tests Executed: 4,200
- Total Failures: 453 (320 identified as infrastructure/flaky, 133 genuine bugs)
- New Bugs Logged: [ORG_1]-1209 through [ORG_1]-1342

Please review the attached spreadsheet of flaky tests and ensure your sub-teams pick up their assigned triage tickets before the sprint planning session on Friday.

Best regards,
[PERSON_1]
Director of Quality Engineering
[EMAIL_2] | [PHONE_1]",internal
"Subject: Folio Receipt from [ORG_1] Residence for [PERSON_1] - [DATE_1]

Dear [PERSON_1],

Thank you for choosing the [ORG_1] Residence for your recent stay during the [ORG_2] Annual Strategy Offsite.

Please find attached your detailed hotel receipt (folio) for your stay from [DATE_1] to [DATE_2].

Total Charged: [MONEY_1]
Payment Method: Corporate Visa ending in *4412

A summary of your charges:
- Room Rate: [MONEY_2] per night
- Taxes & Fees: [MONEY_3]
- Incidentals (Room Service): [MONEY_4]

If you need to submit this for reimbursement through our internal expense system, please save this email as a PDF. For any billing discrepancies, please contact our front desk at [PHONE_1] or reach out via email at [EMAIL_1].

Warm regards,

Guest Services
[ORG_1] Residence",admin
"Subject: Moving today's 1:1 to this afternoon?

Hi [PERSON_1],

I am currently deep in debugging the memory leak issue on the production branch for [ORG_1] and would love to keep my head down and maintain this momentum for a bit longer. 

Would it be possible to push our 1:1 to 4:30 PM today, or alternatively move it to [DATE_1] in the morning?

Once we sync up, I want to review:
- Status update and root cause analysis of the memory leak
- Demo of the new frontend telemetry dashboard components
- Resource planning for the upcoming security audit

Sorry for the last-minute shift, and thanks for understanding!

Best,

[PERSON_2]
Lead Engineer, [ORG_2]",internal
"Subject: Flight Booking Confirmation: [PERSON_1] - Q3 Strategy Offsite

Your flight has been successfully booked through [ORG_1] Corporate Travel. Please review your itinerary below:

Passenger: [PERSON_1]
Booking Reference: TX982L
Frequent Flyer: [ORG_2] Mileage Plus

Outbound Flight:
- Date: [DATE_1]
- Flight: [ORG_2] Flight 1420
- Departure: 08:30 AM
- Arrival: 11:45 AM
- Seat: 12D (Economy Plus)

Return Flight:
- Date: [DATE_2]
- Flight: [ORG_2] Flight 1685
- Departure: 04:15 PM
- Arrival: 07:30 PM
- Seat: 14C (Economy Plus)

Total Fare: [MONEY_1] (Charged to Corporate Card ending in 4012)

If you need to make any changes or cancel your reservation, please contact the corporate travel helpdesk at [PHONE_1] or email [EMAIL_1]. Safe travels!",admin
"Subject: [ORG_1] Cloud Service Level Alert: Database Instance Capacity Limit Reached

Attention: IT Procurement & Infrastructure Team

This is an official notification from [ORG_1] Support regarding your managed database cluster (Subscription ID: #DB-99238-A).

As of [DATE_1], your storage volume has reached 95% capacity (4.75 TB of 5.0 TB allocated). To prevent database locking and service degradation, our system will initiate an automatic storage expansion of 1 TB on [DATE_2].

This automatic scaling will result in a recurring monthly overage charge of [MONEY_1] starting on your next billing cycle. If you wish to optimize this storage or transition to our high-density storage capacity plan, please contact your account representative, [PERSON_1], at [EMAIL_1] before the expansion date.

Sincerely,
[ORG_1] Cloud Infrastructure Operations",vendor
"Subject: Legal Review: Draft DPA with [ORG_1] (International Transfer Concerns)

Hi [PERSON_1],

I have completed my initial redline of the draft Data Processing Addendum (DPA) sent over by [ORG_1] for our upcoming enterprise integration. While their general security controls look acceptable, I have significant concerns regarding Section 7 (International Data Transfers).

Currently, the draft references outdated 2010 Standard Contractual Clauses (SCCs) and lacks any mention of the UK Addendum or the Swiss Federal Act on Data Protection. Given that we will be transferring HR and payroll data of our European and UK employees to their platform, we must insist on the following revisions:
- Updating the agreement to incorporate the June 2021 EU SCCs (Controller-to-Processor module).
- Adding the UK Information Commissioner's Office (ICO) international data transfer addendum.
- Including a clause requiring [ORG_1] to notify us immediately if they are unable to comply with the SCCs due to local laws in their processing jurisdiction.

I have attached my redlines to this email. Please forward these to [ORG_1]'s legal team and let them know we cannot sign off on the master service agreement until these security and privacy compliance gaps are resolved.

Thanks,

[PERSON_2]
Senior Corporate Counsel (Privacy & Security)
[ORG_2]",security
"Subject: Double Digits! Happy 10th Anniversary, [PERSON_1]! 🥳

Hi [PERSON_1],

A very happy 10-year work anniversary to you! Wow, a whole decade at [ORG_1] is an incredible milestone.

I was just thinking back to when we first started working together back in [DATE_1]. You’ve been the anchor of this department through so many changes, reorganizations, and successful launches. It’s truly a privilege to work with someone who brings so much dedication and good humor to the office every single day.

Thank you for being a fantastic mentor, colleague, and friend.

I hope the leadership team is treating you to something nice today! Let's definitely catch up soon for lunch—my treat.

Cheers,
[PERSON_2]",personal
"Subject: Happy early birthday, [PERSON_1]! 🎉

Hey everyone,

Our wonderful teammate [PERSON_1] is celebrating their birthday on [DATE_1]! Since we are all spread out across different offices, let's make sure they feel the love digitally.

I’ve put together a Kudoboard for them. Please hop on and leave a nice message, a funny memory, or just a simple happy birthday note. Let’s try to get all our signatures in by [DATE_2] at the latest.

Here is the link to sign: https://[ORG_1].kudoboard.com/boards/[PERSON_1]birthday

Thanks, and let me know if you have any questions!

Best,
[PERSON_2]",personal
"Subject: Escalation: Recurring SLA Violations and Service Credit Request

Hi [PERSON_1],

I am reaching out to escalate our ongoing concerns regarding the performance of the [ORG_1] platform. Over the past quarter, we have experienced three separate instances of major downtime: [DATE_1], [DATE_2], and [DATE_3].

We have tolerated these disruptions in good faith, but the persistent failure to meet the contractually guaranteed 99.9% uptime is no longer acceptable. According to our calculations, the cumulative downtime across these dates entitles us to a total service credit of [MONEY_1].

Additionally, we would like to schedule a review meeting with your technical leadership to understand your mitigation strategy. If these SLA breaches continue, we will have to explore options for early termination of our enterprise contract with [ORG_1] due to non-performance.

Please confirm receipt of this request and provide an update on the service credits by the end of the week.

Regards,

[PERSON_2]
VP of Technology, [ORG_2]",client
"Subject: Hiking [ORG_1] Canyon this Sunday - join us!

Hi [PERSON_1],

A few of us from the [ORG_2] team are planning a day trip up to [ORG_1] Canyon this coming Sunday, [DATE_1]. We're aiming to start early—probably meeting at the trailhead around 8:00 AM to beat the crowd and the midday heat.

It's about a 6-mile loop with some beautiful waterfall views. Afterward, we're planning to stop by [ORG_3] Brewery for lunch and some well-deserved drinks.

Would love for you to join us if you're free! Let me know by Friday so we can coordinate carpooling. You can reach me at [PHONE_1] if you want to text about it.

Warmly,
[PERSON_2]",personal
"Subject: Kickoff Call: [ORG_1] x [ORG_2] Enterprise Onboarding

Hi [PERSON_1],

Welcome to [ORG_2]! We are thrilled to partner with you and the rest of the team at [ORG_1] to get your enterprise instance up and running. To get things started, we would like to schedule our official onboarding kickoff call next week.

During this 45-minute session, we will cover:
- Introductions and key stakeholders
- Project scope and high-level timeline
- Onboarding milestones and deliverables
- Technical requirements and initial configuration steps

Please let us know if [DATE_1] works for you, or feel free to book a slot directly via my calendar link. Looking forward to working together!

Best regards,

[PERSON_2]
Implementation Manager
[ORG_2]
[EMAIL_1]",client
"Subject: Proposal & SOW: Workday Integration Consulting Services

Dear [PERSON_1],

It was a pleasure meeting you and the [ORG_1] HR team last week. As promised, I am submitting our formal Statement of Work (SOW) for the Workday Integration project.

This SOW outlines our plan to integrate your legacy payroll systems with the new Workday platform. Our consulting team, led by [PERSON_2], will provide full lifecycle support, including system mapping, custom API development, and post-go-live QA. The proposed timeline is 16 weeks, with a total professional services fee of [MONEY_1].

Please review the attached PDF, which has been pre-signed on our end via DocuSign. Once you sign, we will initiate the onboarding checklist and request access to your sandbox environment.

Should you have any questions, please reach out directly.

Sincerely,

[PERSON_3]
Account Executive, [ORG_2]
[EMAIL_1] | [PHONE_1]",vendor
"Subject: Formal Notice: Q3 Support SLA Violations & Compensation Claim - [ORG_1]

Dear [PERSON_1],

Our Vendor Management Office has completed its quarterly review of the support tickets submitted to [ORG_2] during Q3. Unfortunately, we found multiple instances where response times did not meet the agreed-upon Service Level Agreements outlined in Exhibit B of our contract.

Specifically, Ticket #[PERSON_2] (Severity 1) took over 6 hours for an initial response, while our SLA dictates a 1-hour maximum response window. Additionally, three Severity 2 tickets throughout [DATE_1] missed their resolution windows by an average of 14 hours.

Given these repeated breaches, we are exercising our right to claim a compensation credit of [MONEY_1] against our next monthly invoice. We value our partnership with [ORG_2], but we must ensure our operational standards are maintained.

Please review the attached ticket log and let us know if you would like to schedule a call to discuss this before [DATE_2].

Sincerely,

[PERSON_3]
Director of Vendor Operations, [ORG_1]",client
"Subject: [ORG_1] Renewal Notice: Action Required for [ORG_2] Account

Dear [PERSON_1],

It is time to renew your [ORG_1] Marketing Cloud subscription. Your current coverage is set to expire on [DATE_1].

Under our updated licensing terms for [DATE_2], we have adjusted our contact tier pricing structures to offer more flexibility. Based on your current volume of active contacts, your renewal price has been adjusted to [MONEY_1] annually. The updated End User License Agreement (EULA) is attached for your legal department's review.

To complete your renewal and prevent any service disruption, please:
1. Review and sign the attached Order Form.
2. Verify your primary billing contact info.
3. Provide a valid Tax Exemption Certificate if applicable.

If you have any questions about these updated terms, please reach out to your Account Manager, [PERSON_2], at [EMAIL_1].

Thank you,

[ORG_1] Renewals Operations",vendor
"Subject: Thank you for the wonderful birthday wishes! 😊

Hi team,

I wanted to send a quick note to say a massive thank you to everyone who signed the virtual birthday card and sent over well wishes yesterday! 

Reading through all your messages and looking at the hilarious GIFs truly made my day. I feel incredibly lucky to work with such a supportive, creative, and fun group of people here at [ORG_1]. 

For those who missed it or want to look back at the chaotic board, here is the link: [URL_1]

See you all in our sync tomorrow!

Best,

[PERSON_1]",personal
"Subject: Coffee run downstairs

Hey [PERSON_1],

I'm desperately in need of a matcha latte before our 10:00 AM standup today. I'm going to head down to the ground floor cafe in about 5 minutes.

Would love the company if you're free for a quick chat and stretch of the legs!

Thanks,
[PERSON_2]",personal
"Subject: pre-standup caffeine fix

Yo [PERSON_1],

Hitting the espresso bar downstairs before the daily standup starts. You in?

I'm planning to head down around 9:15 so we actually have time to drink it before [PERSON_2] starts grilling us about our Jira tickets. 

Let me know,

[PERSON_3]",personal
"Subject: Proposal: Custom Capacity Planning to Mitigate Recent API Overage Surcharges

Hi [PERSON_1],

Thank you for your continued partnership with [ORG_1]. I am writing to address the high volume of API calls we've observed on your account over the last two billing cycles.

In [DATE_1], your API consumption reached 15 million requests, which is 5 million over your monthly allotment. This resulted in an overage charge of [MONEY_1]. Our engineering team projects that with your upcoming product launch, your usage could spike even further next month.

We want to help you avoid these costly on-demand surcharges. Our technical account management team has drafted a customized capacity plan that increases your monthly API ceiling to 25 million requests at a highly discounted flat rate.

I have attached the updated procurement terms for your review. Let's schedule a call this week to finalize these adjustments before the next billing cycle.

Best,

[PERSON_2]
Director of Partner Relations, [ORG_1]
[PHONE_1]",vendor
"Subject: Notification: Emergency Maintenance Window for [ORG_1] ERP System

All [ORG_1] Employees,

Please be advised that the Global ERP system ([ORG_2]) will undergo emergency maintenance to apply a critical security patch addressing a recently disclosed vulnerability.

**System Downtime Window:**
* Start: Friday, [DATE_1] at 8:00 PM EST
* End: Saturday, [DATE_2] at 2:00 AM EST

During this window, the ERP system, including timecard submission, expense reporting, and procurement modules, will be completely offline. Please ensure all urgent financial transactions are completed and submitted prior to Friday afternoon.

This out-of-band patch is necessary to protect our financial data from potential exploits. We apologize for the short notice and any inconvenience this may cause.

For questions or urgent issues, please contact the ERP Support Team at [EMAIL_1] or [PHONE_1].

Regards,

[PERSON_1]
VP of Enterprise Applications, [ORG_1]",security
"Subject: Notice of Annual Subscription Renewal and Terms Update - [ORG_1] Identity Access Manager

Attention: IT Procurement / [PERSON_1],

This email serves as formal notification that your annual subscription for [ORG_1] Identity Access Manager is scheduled to auto-renew on [DATE_1]. 

Please find attached the renewal invoice for [MONEY_1] along with the revised Enterprise License Agreement (ELA) for the upcoming term. 

Summary of Key License Term Updates:
- Added coverage for cross-border identity federation under standard pricing.
- Updated liability caps under Section 9 (Limitation of Liability) to align with standard cloud deployment standards.
- Revised payment terms to Net 30 days from the date of invoice.

If you plan to make changes to your user count or wish to discuss alternative multi-year commitment discounts, please contact us at [PHONE_1] before [DATE_2]. Otherwise, the renewal will process automatically on your registered corporate card ending in 4920.

Thank you for choosing [ORG_1] to secure your enterprise identity.

Best,

[PERSON_2]
Account Operations, [ORG_1]",vendor
"Subject: Legal Review: [ORG_1] Data Processing Addendum & TIA for [ORG_2] integration

Hi team,

I have completed the initial security and legal review of the Data Processing Addendum (DPA) provided by [ORG_1] for our upcoming integration. Since [ORG_1] hosts and processes customer data in the US, this constitutes an international transfer under GDPR.

I have confirmed that [ORG_1] has incorporated the latest Standard Contractual Clauses (SCCs) into their DPA. However, we still require a completed Transfer Impact Assessment (TIA) to document the supplementary technical and organizational measures (TOMs) they have in place to protect our data from third-party surveillance.

[PERSON_1], could you please reach out to their security contact, [PERSON_2], and request their latest TIA and SOC 2 Type II report? We cannot sign off on the DPA until these supplementary measures are verified.

Thanks,

[PERSON_3]
Information Security & Privacy Counsel, [ORG_3]",security
"Subject: Internal Escalation: Legal Blockers on [ORG_1] MSA Redlines

Hi [PERSON_1],

I wanted to give you an update on the procurement process for the new [ORG_1] software platform. Our legal department is currently redlining their MSA, and we have hit a bit of a standstill regarding the data privacy clauses.

[ORG_1] is refusing to sign our standard DPA (Data Processing Addendum) because their servers are hosted in the EU. I want to schedule a 15-minute sync with you and [PERSON_2] from legal on [DATE_1] to see if we can approve a deviation so we don't stall this implementation.

Let me know your availability.

Best,

[PERSON_3]
Strategic Sourcing Specialist
[ORG_2]",vendor
"Subject: Update: Extended Floor 12 Closure due to HVAC Maintenance Delay

Dear Colleagues,

We are writing to provide an update regarding the ongoing HVAC maintenance on Floor 12. Unfortunately, the contractor has informed us that a critical replacement valve is delayed in transit. As a result, the closure of Floor 12 must be extended through [DATE_1].

We now expect the floor to fully reopen for normal operations on [DATE_2]. Until then, please continue working under your current remote or hybrid arrangements. If you absolutely need physical files from your desk, please contact security at [PHONE_1] to arrange a brief, escorted entry.

We appreciate your patience as we resolve this issue. If you have any concerns, please contact [PERSON_1] at [EMAIL_1].

Warm regards,

Office Admin Team
[ORG_1]",admin
"Subject: Q4 Product Priorities: Enterprise Features & Compliance

Hello everyone,

I am excited to share our Q4 product roadmap focused specifically on Enterprise compliance and feature parity. As we scale our sales pipeline, these features are critical to closing our target enterprise accounts.

Our key deliverables for Q4 include:
* Single Sign-On (SSO) integration via SAML/OIDC (Target Beta: [DATE_1])
* Role-Based Access Control (RBAC) enhancements (Target GA: [DATE_2])
* SOC 2 Type II audit readiness reporting tools

We will be kicking off the technical design docs (TDD) next week. Please reach out to [PERSON_1] if you have any immediate questions regarding the scope or compliance requirements.

Thanks for your hard work,

[PERSON_2]
Director of Product, [ORG_1]",internal
"Subject: It's [PERSON_1]'s Birthday! 🎈

Hi everyone,

Today is the day! Please join me in wishing [PERSON_1] a very Happy Birthday! 🎂

I’ve sent over the virtual card we all signed. For those who want to take a look at the final board, or if you missed the deadline and want to sneak in a last-minute message, here is the live link: 
https://[ORG_1].kudoboard.com/boards/[PERSON_1]-celebration

[PERSON_1], we hope you have an amazing day filled with cake and relaxation. Thank you for everything you do for the team!

Warmly,
[PERSON_2] and the [ORG_2] team",personal
"Subject: Action Required: Data Egress Overage Warning for [ORG_1]

Dear [PERSON_1],

This automated alert is to inform you that your egress data transfer for the billing cycle ending [DATE_1] has exceeded the 50TB threshold included in your Enterprise SaaS contract with [ORG_2].

As of today, your total usage stands at 64.2TB. The remaining 14.2TB will be billed at the standard overage rate of $0.08 per GB, amounting to an estimated surcharge of [MONEY_1].

To help you manage these costs, our solutions engineering team is available to review your data routing architecture and discuss pre-purchasing data blocks at a 30% discount. Please contact us at [EMAIL_1] or call [PHONE_1] to arrange a capacity planning session.

Thank you,
[ORG_2] Billing & Operations Team",vendor
"Subject: Bug Triage Notes & Action Items - Sprint 14.2 ([DATE_1])

Hi all,

Thanks for hopping on the triage call today. Here is the summary of the bugs we reviewed and their assigned owners:

- BUG-4821: Frontend crash on checkout page when using promo code. Assigned to: [PERSON_1]. Severity: High. Target Fix: [DATE_2].
- BUG-4835: Latency spike in API Gateway auth token validation. Assigned to: [PERSON_2]. Severity: Medium.
- BUG-4840: E2E Cypress tests failing on Safari only (flaky element loading). Assigned to: [PERSON_3].

We also discussed the persistent flaky tests in the CI/CD pipeline. [PERSON_3] will disable the flaky Safari test suite temporarily so it doesn't block the release branch, while they investigate the underlying timing issue.

Please update your respective Jira tickets with progress by EOD.

Thanks,

[PERSON_4]
Scrum Master",internal
"Subject: ACTION REQUIRED: Your IT Hardware Refresh - New Laptop Shipment & Return of Old Asset

Hello [PERSON_1],

As part of our ongoing global hardware lifecycle program at [ORG_1], your current primary workstation is scheduled for retirement. We have provisioned your new upgrade, which has been shipped via FedEx and is scheduled to arrive at your registered remote address on [DATE_1].

To ensure a seamless transition, please follow these steps:
1. Back up all local files to your corporate OneDrive account prior to [DATE_1].
2. Once your new laptop arrives, follow the enclosed Out-of-Box Experience (OOBE) setup guide to log in with your [ORG_1] credentials.
3. Place your old laptop, power adapter, and any docking accessories into the same box your new laptop arrived in.
4. Affix the prepaid FedEx shipping label included in the box and drop it off at any authorized FedEx location within 5 business days of receiving your new device.

Failure to return the legacy asset by [DATE_2] may result in the remote locking of the device and notification to your line manager. If you have any questions or require assistance with data migration, please contact the IT Helpdesk at [EMAIL_1] or call [PHONE_1].

Best regards,

[PERSON_2]
IT Asset Management Team
[ORG_1] Infrastructure Services",admin
"Subject: Timeout errors on [ORG_1] webhooks and API endpoints

Hello [PERSON_1],

Our development team is currently debugging an integration issue with your platform. We are consistently hitting `ETIMEDOUT` errors when attempting to POST payloads to the `/v1/sync` endpoint. 

We've verified our network configuration on our side, and it seems the delay is entirely on your server-side processing. These requests are taking upwards of 30 seconds before timing out completely. Could you please check if there is an ongoing outage, database lock, or deployment issue on your end?

Our launch date is set for [DATE_1], and this blocking issue is stalling our final QA sign-off. If we need to jump on a quick Zoom call to debug, please let me know. 

Best,

[PERSON_2]
Lead Architect, [ORG_1]
[EMAIL_1]",client
"Subject: Coffee downstairs in 5?

Hey [PERSON_1],

Are you free for a quick coffee run downstairs before our 9:30 AM standup?

I wanted to ask how your trip to [ORG_1] went on [DATE_1], and I also just need to get out of the office chair for a few minutes. Let's head down if you have a moment!

Speak soon,

[PERSON_2]",personal
"Subject: Joint GTM & Co-marketing Sync: [ORG_1] + [ORG_2] API Integration

Hi [PERSON_1],

I hope you're having a great week.

Now that our technical teams have successfully finalized the v2 API integration between [ORG_1] and [ORG_2], I’d love to sync up on our joint go-to-market strategy. We are aiming to officially announce the integration on [DATE_1], and we want to make sure both of our marketing teams are aligned.

Could we schedule a quick 30-minute call next week to discuss the following?
- Joint blog post and social media timeline
- Dedicated landing page and developer documentation cross-linking
- Co-branded solution brief for our sales teams

Please let me know if [DATE_2] at 10:00 AM EST works for you, or feel free to grab a time directly on my calendar.

Best regards,

[PERSON_2]
Partner Marketing Manager | [ORG_1]
[EMAIL_1] | [PHONE_1]",vendor
"Subject: Recap: Q4 Roadmap Kickoff & Next Steps

Hi everyone,

Thanks for calling into today’s Q4 Product Roadmap kickoff. For those who missed it or want to review, I’ve attached the recording of the call and the slide deck detailing our key deliverables and timelines.

As discussed, our core focus areas for this quarter are:
- Performance: Optimizing page load times by 20% across all high-traffic landing pages.
- Personalization: Launching the recommendation engine v1.2 by [DATE_1].

Next Steps:
1. Tech Leads: Please review the epic drafts in Jira and begin breaking them down into user stories.
2. Designers: Ensure the high-fidelity mockups for the personalization widget are ready for handoff by [DATE_2].

If you have any questions or spot potential cross-team dependencies, please flag them on Slack in the product channel.

Cheers,

[PERSON_1]
Product Manager, Personalization Team",internal
"Subject: Happy 1-Year Anniversary! 🌟

Hi [PERSON_1],

Can you believe it’s already been a full year since you joined the team at [ORG_1]? Time has absolutely flown by!

I just wanted to send a quick note to congratulate you on this milestone. You've stepped into your role so seamlessly, and it honestly feels like you’ve been a part of the crew forever. Your help on the [DATE_1] project was a lifesaver, and I really appreciate your positive attitude every single day.

We’ll definitely have to celebrate at our next team happy hour. Let me know if you're free for a quick catch-up chat sometime this week!

Warmly,
[PERSON_2]",personal
"Subject: Vendor Security Assessment: [ORG_1] DPA and Transfer Impact Assessment (TIA)

Hello [PERSON_1],

I hope you are well. As we finalize our annual vendor risk review, we are updating our records regarding international data transfers.

Our records indicate that [ORG_1] processes personal data of our EU-based employees. To maintain compliance with GDPR and our internal security policies, we require the following documents:

1. Your latest signed Data Processing Addendum (DPA) incorporating the updated EU Standard Contractual Clauses (SCCs).
2. A completed Transfer Impact Assessment (TIA) or equivalent documentation detailing supplementary technical measures (e.g., encryption keys held in the EU) to protect data in transit.

Please submit these documents to our compliance portal or reply directly to [EMAIL_1] by [DATE_1]. Thank you for your cooperation in keeping our data secure.

Best regards,

[PERSON_2]
IT Security Compliance Specialist
[ORG_2]",security
"Subject: Joint Webinar Proposal & API Integration Showcase: [ORG_1] / [ORG_2]

Hi [PERSON_1],

Following up on our successful technical integration review last month, I wanted to propose a joint marketing initiative for next quarter. Given the high volume of mutual customers using the [ORG_1] API connector, we believe a joint webinar would drive significant pipeline for both our organizations.

Our proposed topic is 'Streamlining Enterprise Workflows with [ORG_1] and [ORG_2].' We can also support this with a technical guest post on our developer blog to highlight the developer experience and ease of integration.

Could you connect me with your partner marketing lead to discuss this? I have attached a draft of the webinar brief for your review.

Thanks,

[PERSON_2]
Director of Technology Alliances, [ORG_1]
[EMAIL_1] | [PHONE_1]",vendor
"Subject: Revised Renewal Quotation - [ORG_1] & [ORG_2]

Hi [PERSON_1],

Thank you for reaching out regarding the renewal of your [ORG_2] platform subscription. I'm glad to hear that your team is looking to extend our partnership.

In response to your request for a multi-year discount, I have put together two options for your review:

* Option 1: 2-Year Term (billed annually) at [MONEY_1] per year (a 10% discount on standard renewal pricing).
* Option 2: 3-Year Term (prepaid upfront) at [MONEY_2] total (equivalent to a 20% savings on your current rate of [MONEY_3] per year).

Please let me know which option aligns better with your budget cycle, and I will have our legal team draft the renewal addendum.

Best,

[PERSON_2]
Account Executive, [ORG_2]
[PHONE_1]",client
"Subject: Post-Mortem: Staging Outage on [DATE_1] (DB Pool Exhaustion)

Hi everyone,

Following up on yesterday's staging environment outage, I have scheduled a post-mortem review for [DATE_2] at 2:00 PM EST. 

I've created a collaborative document for the incident timeline and root cause analysis. Please review the timeline and add any context, logs, or pull requests that were deployed around [DATE_1] prior to our meeting. 

Special thanks to [PERSON_1] and [PERSON_2] for jumping in quickly to mitigate the issue and restore staging services.

Best,

[PERSON_3]
Engineering Manager
[EMAIL_1]",internal
"Subject: Draft SOW & Resource Plan: [ORG_1] Post-Merger Integration Advisory Services

Hello [PERSON_1],

In preparation for our steering committee meeting next Tuesday, I am pleased to submit our draft Statement of Work (SOW) for the post-merger integration advisory services.

Our proposed scope of work focuses on aligning the IT infrastructures of both organizations, with key deliverables including a unified software inventory, network integration roadmap, and license consolidation plan. The proposed budget is [MONEY_1], which covers our dedicated advisory team for the next two quarters.

Please review the resource allocation matrix in Appendix A. I look forward to your feedback so we can finalize the agreement and begin onboarding our consultants.

Warm regards,

[PERSON_2]
Director of Advisory Services, [ORG_1]
[EMAIL_1]
[PHONE_1]",vendor
"Subject: Update: HVAC Maintenance Completed on Floors 1-3

Hi [ORG_1] Team,

We are pleased to announce that the major HVAC system overhaul on Floors 1, 2, and 3 has been successfully completed ahead of schedule. All three floors are now fully open and safe to reoccupy.

During the maintenance, our contractors installed new smart thermostats and balanced the airflow zones. Please note the following guidelines regarding our updated climate control:
* Do not attempt to manually adjust the wall-mounted thermostats. They are programmed centrally to maintain a comfortable temperature of 71°F (21.5°C).
* If your specific zone feels consistently too hot or too cold, please submit a service request through the portal at [EMAIL_1] rather than adjusting the vents yourself.

We appreciate your patience during last week's temporary floor closures and WFH rotations. 

Best,

[PERSON_1]
Lead Facilities Coordinator
[ORG_1] Corporate Real Estate",admin
"Subject: Mutual NDA for Signature - [ORG_1] & [ORG_2]

Hi [PERSON_1],

In order to proceed with our technical integration discussions and share our latest product roadmap, we need to ensure we have a Mutual NDA in place. 

I have attached the draft agreement, which has already been reviewed and signed by our VP of Security and Compliance. Please review the terms and have your authorized signatory countersign the document via DocuSign, or return a signed PDF copy to me directly.

Let me know if your legal department has any questions or requires any modifications to the text.

Best regards,

[PERSON_2]
Legal Operations Specialist
[ORG_2]
[EMAIL_1]
[PHONE_1]",security
"Subject: Action Required: AV Tech Check for Executive Boardroom Booking on [DATE_1]

Hi [PERSON_1],

Regarding your reservation of the Executive Boardroom on [DATE_1] for the [ORG_1] executive committee meeting, we need to schedule a brief 10-minute AV run-through with your lead presenter.

Since this meeting involves a multi-point video conference with our external partners at [ORG_2], we want to ensure the audio levels, screen sharing permissions, and camera angles are perfectly aligned beforehand. We have open slots on [DATE_2] at 2:00 PM or 3:30 PM for this dry run.

Please reply with your preferred slot or contact [PERSON_2] at [EMAIL_1] to coordinate.

Best,

[PERSON_3]
Administrative Operations Manager
[PHONE_1]",admin
"Subject: Celebrating [PERSON_1]'s Birthday on [DATE_1]! 🎈

Hi all,

Next [DATE_1] is [PERSON_1]'s birthday! To celebrate, we are going to host a casual virtual lunch hangout at [DATE_2] (bring your own cupcakes and favorite snacks!). 

In the meantime, please take a moment to sign their digital birthday card and leave a nice message or funny memory here: [URL_1]

Let's show [PERSON_1] some major appreciation for all their hard work on the recent project launch. 

Hope to see you all at the lunch!

Best,

[PERSON_2]",personal
"Subject: Statement of Work: Custom Mobile App Development Phase 1

Hi [PERSON_1],

Please find attached the Statement of Work (SOW) for Phase 1 of the [ORG_1] Custom Mobile Application project.

This engagement covers the UX/UI wireframing, architecture design, and clickable prototype delivery. We have structured this SOW with three primary milestones:

- Milestone 1: User Persona & Journey Mapping (Due [DATE_1]) - [MONEY_1]
- Milestone 2: High-Fidelity Wireframes (Due [DATE_2]) - [MONEY_2]
- Milestone 3: Interactive Prototype & Tech Spec (Due [DATE_3]) - [MONEY_3]

The total fixed cost for this phase is [MONEY_4]. Please let us know if this aligns with your expectations, or if we need to adjust any of the target dates.

Thanks,

[PERSON_2]
VP of Client Services, [ORG_2]",vendor
"Subject: RE: [ORG_1] Subscription Renewal - [ORG_2] - Quote #[PHONE_1]

Hi [PERSON_1],

I hope you are having a great week.

I am reviewing the renewal proposal you sent to [PERSON_2] last Tuesday. The annual recurring fee of [MONEY_1] for our [ORG_1] instance is acceptable, but our treasury department is encouraging us to leverage multi-year contracts to optimize capital expenditure.

If we agree to sign a 36-month contract paid annually, what discount can [ORG_3] offer? Furthermore, if we prepay the entire 3-year term upfront, is there an additional multi-year incentive you can apply?

We are ready to sign before [DATE_1] if we can align on the numbers.

Thanks,

[PERSON_3]
[ORG_2] Procurement",client
"Subject: Urgent: Mandatory Security Policy Update & Local Agent Patching

Dear Employees,

As part of our commitment to maintaining a robust security posture, we are addressing a critical vulnerability discovered in our endpoint detection and response (EDR) local agent. This vulnerability affects all employee laptops.

The Security Operations team will deploy the emergency hotfix silently to all machines starting [DATE_1] at 9:00 AM.

**What you need to do:**
1. Keep your laptop connected to the internet and the corporate VPN (if working remotely).
2. Do not shut down or put your computer to sleep during the business day on [DATE_1].
3. You may receive a prompt asking to restart your machine to finalize the patch. Please save your work and restart immediately upon receiving this prompt.

If the patch fails to install automatically, an IT support ticket will be generated, and [PERSON_1] or another member of the desktop support team will reach out to you directly at [PHONE_1] to perform a manual installation.

Thank you for your cooperation in securing our remote workspace.

Best regards,

[PERSON_2]
Chief Information Security Officer, [ORG_1]",security
"Subject: RE: Happy Birthday [PERSON_1]! (Card link inside)

Hi all,

Thanks to everyone who signed [PERSON_1]'s card and jumped on the quick Zoom call earlier to wish them well! They were absolutely thrilled and loved the team photo we included.

If you missed the live call or didn't get a chance to sign the card yet, no worries at all! The link is still active for another 24 hours if you want to add your wishes retroactively:

Link: https://www.kudoboard.com/boards/[PERSON_1]-birthday-final

Have a wonderful rest of your week!

Warmly,

[PERSON_2]",personal
"Subject: Blocked: Flaky integration tests in CI pipeline (Stripe sandbox)

Hey dev-team,

I wanted to raise a flag regarding the current CI pipeline failures. The `billing-integration-tests` suite has been failing intermittently since [DATE_1]. 

After reviewing the logs, it looks like the sandbox environment for [ORG_1] is throwing frequent 504 Gateway Timeouts during our automated subscription verification checks. This is causing random PR build failures and blocking merges.

I have temporarily disabled the flaky assertion in `test_charge_flow` so that we aren't completely blocking the team's PR queue. However, we need to implement a robust mock server for our local and CI runs instead of relying directly on the external sandbox API. 

Let's discuss this during our architecture sync tomorrow. If you have any temporary workarounds, please post them in the #dev-backend Slack channel.

Thanks,

[PERSON_1]
Senior Software Engineer",internal
"Subject: Q4 Feature Priorities & Resource Allocation

Hi [PERSON_1] and [PERSON_2],

Ahead of our cross-team planning session next Tuesday, I wanted to share the finalized Q4 feature prioritization list. Given our current headcount constraints, we will need to carefully balance these deliverables with the ongoing technical debt tickets.

Our primary deliverables for Q4 are:
1. Auto-billing integration (highly requested by [ORG_1] and critical for our [MONEY_1] ARR goal)
2. Multi-factor authentication (MFA) migration
3. Performance optimizations for the React Native mobile client

We need to lock down engineering estimates by [DATE_1] to finalize the sprint schedules. Let me know if we need to pull in extra support from the platform team.

Thanks,

[PERSON_3]
Product Lead, Core Experience",internal
"Subject: API Integration Launch Update & Next Steps for Co-Marketing Sync

Hi [PERSON_1],

I have some great news to share! Since we quietly rolled out the [ORG_1] API integration to our production environment last month, we've already had over 50 enterprise accounts activate the connector, generating positive early feedback.

To capitalize on this momentum, we want to initiate a formal co-marketing push. We have prepared a draft social media campaign, a joint solution brief PDF, and a dedicated newsletter blast ready for your team's review.

Let's schedule a 30-minute sync this week to lock down the promotional schedule and discuss a potential joint sales enablement session for our account executives.

Looking forward to speaking,

[PERSON_2]
Partner Success Manager
[ORG_1]
[EMAIL_1]",vendor
"Subject: Renewal Discussion: [ORG_1] / [ORG_2] contract renewal

Dear [PERSON_1],

Our current contract for the [ORG_2] suite is up for renewal on [DATE_1]. We received the initial single-year renewal quote of [MONEY_1] from your sales operations team.

Given our deep integration with your tool, we are considering a 5-year renewal. We would like to request a significant multi-year discount if we prepay the entire 5-year term upfront. Our goal is to bring the annual average cost down closer to [MONEY_2] per year.

Please let me know if this is something your finance team can approve, and we can jump on a quick call this week to finalize the details.

Sincerely,

[PERSON_2]
Director of IT, [ORG_1]",client
"Subject: Shh! [PERSON_1]'s Birthday is on [DATE_1]! 🎂

Hi team,

As some of you might know, [PERSON_1]'s birthday is coming up this [DATE_2]! To celebrate, I've set up a virtual card on GroupGreeting so we can all leave some nice messages and maybe share some favorite memories or GIFs.

Please take a quick minute to sign the card here: https://www.groupgreeting.com/sign/[PERSON_1]-birthday

Let's keep the card signing open until [DATE_1] at 5 PM so we can present it to them on their big day. 

Thanks everyone! Let's make it a great one.

Best,

[PERSON_2]",personal
"Subject: Update: SOC 2 Evidence Collection Progress & Portal Sync

Team,

Here is a quick status update on our SOC 2 Type II prep. As of today, we have successfully uploaded 65% of our required evidence into the compliance portal.

However, we are still lagging on the following sections:
* Backup restoration testing logs (DR/BCP)
* Vulnerability scan reports and documented remediation evidence
* Vendor risk assessment reviews for [ORG_1] and [ORG_2]

Please ensure your respective items are updated before our readiness sync on [DATE_1]. Our auditors will begin their fieldwork shortly after, and we cannot afford to have outstanding evidence requests past that date.

Thank you for your continued support in keeping [ORG_3] compliant and secure.

Best,

[PERSON_1]
Director of Compliance
[ORG_3]",security
"Subject: Onboarding Complete & Transition to Customer Success - [ORG_1]

Hi [PERSON_1],

Congratulations! With the final production deployment and your successful team training sessions this week, the onboarding phase for [ORG_1] is now officially complete. We have successfully met all milestones defined in our Statement of Work.

To close out this project, please reply to this email confirming your final sign-off on the onboarding delivery.

Moving forward, your primary point of contact for all strategic discussions, renewals, and account health will be your Customer Success Manager, [PERSON_2] (cc'd here). You can reach [PERSON_2] directly at [EMAIL_1]. For day-to-day technical assistance, our support team remains available 24/7 at [EMAIL_2].

It has been an absolute pleasure working with you to get this set up, and I wish you and your team the very best!

Sincerely,

[PERSON_3]
Senior Onboarding Specialist
[ORG_2]",client
"Subject: Action Items: Post-Mortem Notes - [DATE_1] Staging Outage

Hi everyone,

Thanks for the productive post-mortem session today. Here is the summary of the action items and owners we agreed upon following the staging-2 database outage on [DATE_1]:

- Implement query performance linting in our CI/CD pipeline to catch unindexed foreign keys - Owner: [PERSON_1] (Due: [DATE_2])
- Adjust staging DB connection limits and configure alerts for CPU spikes above 80% - Owner: [PERSON_2] (Due: [DATE_3])
- Document the database recovery runbook in Confluence - Owner: [PERSON_3] (Due: [DATE_2])

We also discussed the potential impact on our automated testing schedule, which delayed the [ORG_2] release verification. Let's make sure these tasks are prioritized in our next sprint planning.

Best regards,
[PERSON_1]
Technical Lead",internal
"Subject: Notification: [ORG_1] SaaS Renewal and Terms Update - [ORG_2]

Dear [PERSON_1],

This email serves as a formal notification that your organization's subscription to [ORG_1] HR Portal is scheduled for automatic renewal on [DATE_1].

As part of this renewal cycle, we have updated our End User License Agreement (EULA). The key modifications involve updated clauses around intellectual property rights for user-generated templates and expanded data residency options in compliance with regional regulations. Your renewal fee for the upcoming 12-month cycle is [MONEY_1], which will be processed using your default payment method on the renewal date.

The updated agreement is attached to this email for your legal team's review. If you have any objections or require a custom addendum, please let us know by [DATE_2].

Thank you,

[PERSON_2]
Customer Operations, [ORG_1]",vendor
"Subject: Monday watercooler: Did you see that game? 🏈

Hey [PERSON_1],

Hope you had a great weekend!

I was looking for you in the breakroom this morning to ask—did you end up watching the game last night? That final quarter was absolutely wild! I kept thinking about our debate last Friday about their defense.

Anyway, hope your Monday isn't too crazy. Hit me up if you want to grab lunch or just take a quick walk to get some fresh air this afternoon.

Talk soon,

[PERSON_2]",personal
"Subject: Follow-up: Post-Mortem Report and SLA Credit Calculation for [ORG_1]

Dear [PERSON_1],

Thank you for providing the detailed post-mortem report regarding the database cluster failure on [DATE_1]. While we appreciate the transparency and the corrective actions your engineering team is putting in place to prevent future occurrences, the business impact on [ORG_1] was substantial.

As a result of the 6-hour outage, our customer-facing portals were completely offline, resulting in direct revenue loss and severe strain on our customer support team. Under our Service Level Agreement, this level of service interruption qualifies for a 20% credit on our monthly recurring charges.

We have calculated this credit to be [MONEY_1]. Please confirm that this amount will be credited to our account and reflected in invoice #[PERSON_2] due on [DATE_2].

We look forward to your prompt response.

Regards,

[PERSON_3]
Chief Technology Officer, [ORG_1]
[PHONE_1]",client
"Subject: Co-marketing Opportunity: [ORG_1] Developer Newsletter & Integration Spotlight

Hi [PERSON_1],

As a valued API technology partner, we are excited to feature [ORG_2] in our upcoming quarterly Developer Ecosystem Newsletter, which goes out to over 50,000 active developers on [DATE_1].

To make this feature as impactful as possible, our content team would love to coordinate a brief sync with your marketing lead. We'd like to highlight the seamless data sync facilitated by our joint API endpoints and direct users to your integration marketplace page.

Are you available for a 15-minute sync on either Tuesday or Wednesday next week? Alternatively, you can introduce me to your marketing point of contact, and I can coordinate with them directly.

Thanks,

[PERSON_2]
Head of Partner Relations, [ORG_1]
[EMAIL_1]",vendor
"Subject: Conflict on [DATE_1] - Rescheduling our 1-on-1

Hi [PERSON_1],

I noticed we are double-booked during our usual slot on [DATE_1] due to the monthly departmental all-hands meeting. I’ve gone ahead and rescheduled our weekly 1-on-1 to [DATE_2] at 4:00 PM.

Please review the agenda below and add anything else you'd like to discuss:
1. Reviewing code coverage metrics for the new repo
2. Resolving the blocker on the payment gateway integration with [ORG_2]
3. Definition of Q4 key performance indicators (KPIs)

Let me know if this time works for you, or if we need to look for a slot earlier in the week.

Thanks,
[PERSON_2]
Engineering Manager",internal
"Subject: Action Required: Your New [ORG_1] Laptop is on its Way!

Hi [PERSON_1],

Your new corporate laptop has been successfully provisioned by the IT Admin team and shipped via FedEx. It is scheduled to arrive at your registered address on [DATE_1].

Please unbox the new device as soon as it arrives and follow the enclosed setup guide to migrate your profile and files. You will have exactly 10 business days from the delivery date to return your old laptop to IT Asset Management to avoid a non-return fee of [MONEY_1] charged to your department's cost center.

Inside the shipping box, you will find a pre-paid FedEx return shipping label and protective bubble wrap. Place your old laptop, charger, and any company-owned peripherals inside the box, seal it securely, apply the new label, and drop it off at any FedEx location. If you experience any issues during setup, please reach out to [EMAIL_1].

Thanks,
IT Logistics Team
[ORG_1] Operations",admin
"Subject: Nightly Regression Failures: [DATE_1] Build #482 (API Gateway & DB Timeouts)

Hi Team,

The nightly automation run on the integration branch failed with 14 critical errors. Most of them are concentrated in the `payment-processing-service` module.

It looks like we are hitting a database connection pool exhaustion issue during the load simulation phase. Specifically, `test_charge_creation_flow` timed out after 30 seconds. 

I've created a Jira ticket for this: PROD-9482. [PERSON_1], could you or someone from your team take a look at the connection pool configurations? I've attached the full log trace for reference.

Let's triage this at our standup at 10:00 AM.

Best,

[PERSON_2]
Lead QA Engineer, [ORG_1]",internal
"Subject: ACTION REQUIRED: Update to Data Processing Addendum (DPA) for [ORG_1]

Hi [PERSON_1],

As part of our annual compliance review under GDPR and international transfer regulations, we are updating our records regarding data transfers from the EU/EEA to third countries. Our records indicate that our current agreement with [ORG_2] relies on older Standard Contractual Clauses (SCCs).

To ensure continued compliance with European data protection laws, we require [ORG_2] to execute our updated Data Processing Addendum (DPA), which incorporates the latest EU Standard Contractual Clauses (Module 2: Controller-to-Processor) and the UK Transfer Addendum.

Please review the attached DPA and return a signed copy to [EMAIL_1] by [DATE_1]. If you have your own standard DPA that includes these updated clauses, please send it over for our legal team's review.

Best regards,

[PERSON_2]
Compliance Officer, [ORG_1]",security
"Subject: Triage Notes: iOS Regression Run Failures - [DATE_1]

Hi mobile-team,

I’ve completed the triage of the automated regression suite run on iOS build v3.12.0. The overall pass rate dropped to 84.2% (down from our target of 95%).

Here are the key issues identified:
1. Appium Session Creation Timeout: 12 tests failed during bootstrap. This appears to be an infrastructure issue with the [ORG_1] device cloud. I have opened a support ticket with them.
2. Profile Page Crash: 5 tests failed because the app crashed when navigating to the profile tab. I've captured the crash log and created Jira ticket [ORG_2]-4482. [PERSON_1], this seems related to the new avatar upload component you merged.

Please review the triage board and assign outstanding tickets before our standup tomorrow morning.

Thanks,
[PERSON_2]
Senior QA Engineer",internal
"Subject: REMINDER: Overdue IT Asset Return - Laptop Refresh Program

Dear [PERSON_1],

According to our records, your new replacement laptop was delivered on [DATE_1]. However, we have not yet received your legacy device (Asset Tag: #[ORG_2]-88492) back at our IT distribution center.

As a reminder, all employees participating in the [DATE_2] hardware refresh cycle must return their old equipment within 10 business days of receiving their new device.

Please use the prepaid shipping box that arrived with your new laptop to return the old hardware. If you misplaced the prepaid return label, please reply to this email, and [PERSON_2] from our logistics team will generate a new one for you.

Thank you for your prompt attention to this administrative matter.

Sincerely,

IT Hardware Provisioning
[ORG_1] Global Infrastructure",admin
"Subject: Finalized Q4 Roadmap & OKR Alignment

Hi All,

Thank you for your feedback on the draft roadmap last week. The executive team has formally approved our Q4 product roadmap and resource allocation. 

We are aligning our sprint goals with the following OKRs:
- Objective: Drive Enterprise Adoption
  - KR1: Deliver SSO/SAML integration by [DATE_1]
  - KR2: Launch the audit logs feature by [DATE_2]
  - KR3: Reduce API latency to under 200ms

I have updated the team backlog in Jira to reflect these priorities. Sprint 24 will officially kick off our Q4 deliverables. If you see any resource constraints or immediate blockers, please ping me on Slack or reach out directly at [PHONE_1].

Let's make Q4 a great quarter!

Cheers,

[PERSON_1]
Product Manager",internal
"Subject: ESCALATION: Overdue Quarterly IAM Access Reviews for [ORG_1] Engineering Group

Hi [PERSON_1],

I am escalating an issue regarding the outstanding Q3 IAM access privilege reviews. As of today, several managers within the Engineering Group have not completed their team re-certifications, which were originally due on [DATE_1].

We are currently at an 82% completion rate across the organization, but we cannot sign off on the quarterly compliance package until your department reaches 100%. Specifically, we need [PERSON_2] and [PERSON_3] to log into the IAM portal and sign off on their direct reports' AWS production role assignments.

Please emphasize to your leads that any unverified privileged access poses a significant audit risk for our upcoming SOC 2 review on [DATE_2]. If they need assistance navigating the portal, they can contact the Security Team at [PHONE_1].

Thanks for your prompt assistance in resolving this.

Regards,

[PERSON_4]
VP of Information Security & Compliance
[ORG_1]",security
"Subject: Security Reminder: How to use the ""Report Phishing"" Button

Hi Everyone,

As part of our ongoing commitment to security awareness at [ORG_1], we want to remind all staff about the importance of reporting suspicious emails immediately using our integrated tools.

If you receive an email that looks suspicious, unexpected, or asks you to perform an urgent task (such as purchasing gift cards, changing direct deposit info, or bypassing standard payment procedures), please do not forward it to your colleagues or IT support manually. Instead, use the **Report Phishing** button in your Outlook client toolbar.

**Why use the button?**
- It automatically routes the suspicious email to our Security Operations Center (SOC) for analysis.
- It safely isolates the email, removing it from your inbox to prevent accidental clicks.
- It helps our automated defense systems block the sender across the entire [ORG_2] network if verified as malicious.

If you suspect your account has already been compromised, or if you accidentally clicked a link, please call the Security Hotline immediately at [PHONE_1] or email [EMAIL_1].

Thank you for your vigilance and cooperation in keeping our workplace secure.

Best,

[PERSON_1]
IT Security Analyst
[ORG_1] InfoSec Team",security
"Subject: Update: Resolution & Triage of Blocked Release Candidate (RC-2.4.0)

Hi all,

Quick update on the test automation failures that blocked the RC-2.4.0 release yesterday:

The QA team and Backend team spent this morning triaging the failure in `test_billing_cycle_run`. We identified that the failure was caused by an unhandled null pointer exception when processing trial accounts without a valid payment method on file.

- **Bug Ticket**: [ORG_1]-10922
- **Resolution**: [PERSON_1] has submitted a hotfix (PR #1204) which has been reviewed and approved by [PERSON_2].
- **Verification**: The automated regression suite has been re-run against the patched build, and all 150+ integration tests are now passing successfully.

We are unblocking the release. DevOps will proceed with the production deployment scheduled for tonight at 10:00 PM EST.

Thanks to everyone for the quick turnaround on this triage!

Best regards,

[PERSON_3]
Release Manager",internal
"Subject: Review: [PR #1029] Prisma schema updates for multi-tenant billing

Hi Team,

I left a few comments on [PERSON_1]'s PR regarding the new billing schema models. Specifically, the self-referential relation in the `Organization` schema might cause a recursive query loop if we aren't careful with our eager loading parameters in the NestJS controllers.

Also, we need to ensure the foreign key constraint on the `billing_cycles` table has `onDelete: Cascade` set properly. Otherwise, we might end up with orphaned records in the database when an organization account is closed.

Let's discuss this at the standup on [DATE_1] if we can't resolve it asynchronously on the GitHub thread.

Best,
[PERSON_2]",internal
"Subject: Quick lobby coffee run?

Hey [PERSON_1] and [PERSON_2],

I'm going to run down to the lobby espresso bar in 5 minutes to grab something hot before the 10:00 AM standup. That late-night deployment yesterday has me completely wiped out.

Let me know if you want to join me for a quick walk, or just text me your order if you are stuck reviewing code.

Thanks,

[PERSON_3]",personal
"Subject: Urgent: HR Evidence needed for SOC 2 Type II Audit (Onboarding/Offboarding)

Hi [PERSON_1],

I hope you're having a good week. We are in the middle of gathering evidence for our annual SOC 2 Type II audit and need immediate assistance from the People Ops team.

Specifically, we need to prove compliance for our onboarding and offboarding controls (CC2.1). Could you please provide redacted evidence for the 10 employees listed in the attached sheet who joined or left [ORG_1] between [DATE_1] and [DATE_2]?

For each employee, we require:
* Signed NDA and background check confirmation
* Completed security awareness training certificate (must be within 30 days of hire)
* IT offboarding checklist showing AD/Okta access revocation within 24 hours of departure

Please upload these files to our secure compliance share folder by [DATE_3]. If you have any questions, you can reach me directly at [PHONE_1].

Thanks!

[PERSON_2]
GRC Lead, [ORG_1]",security
"Subject: Urgent: Updated Mutual NDA for Signature - [ORG_1] / [ORG_2]

Hello [PERSON_1],

Due to our expanding engagement and the potential sharing of personally identifiable information (PII) under the new project scope, our security compliance policy requires us to update our existing Mutual NDA to reflect modern data protection standards.

Our legal team has prepared the updated MNDA, which has been pre-signed by our Chief Information Security Officer, [PERSON_2]. Please review the attached document, obtain the necessary countersignature from your executive sponsor, and return the executed PDF to [EMAIL_1].

We must have this updated agreement in place by [DATE_1] to avoid any disruption to our ongoing services or technical integrations.

Thank you for your prompt attention to this compliance matter.

Best,

[PERSON_3]
Information Security & Risk Management, [ORG_1]",security
"Subject: Compliance Block: New Subprocessor [ORG_1] International Data Flows

Hello Team,

During our architectural review of the new marketing automation tool, [ORG_1], the Security & Compliance team identified that customer PII will be transferred and processed outside the EEA (specifically to servers located in [ORG_2]'s US facilities). 

Before we can approve this tool for production, we must conduct a formal Transfer Impact Assessment (TIA) and execute a Data Processing Addendum (DPA) that includes Module 2 (Controller-to-Processor) SCCs. 

[PERSON_1], could you please provide the exact data schemas that will be synced to [ORG_1]? We need to map the data categories to assess if pseudonymization is required prior to transfer. Please pause the integration phase until we have cleared this compliance gate.

Thanks,

[PERSON_2]
Head of Security & Privacy",security
"Subject: Coffee before the [DATE_1] standup?

Hey [PERSON_1],

Are you in the office yet? I'm heading downstairs to grab a latte before our 9:30 AM standup.

Let me know if you want to join, or I can grab you something if you're running a few minutes late. Let me know!

See ya,

[PERSON_2]",personal
"Subject: Security Announcement: Launch of New Self-Service IAM Review Portal

Dear Colleagues,

As part of our commitment to strengthening [ORG_1]’s cybersecurity posture, we are excited to announce the launch of our new self-service Identity and Access Management (IAM) Review Portal, effective [DATE_1].

This new platform, integrated directly with Okta and SailPoint, will streamline our quarterly access privilege reviews. Managers will now find a highly intuitive dashboard where they can review, approve, or revoke employee access permissions in bulk, significantly reducing the manual effort previously required.

Key Benefits:
- Real-time visibility into your team's access rights across [ORG_1]’s SaaS applications.
- Automated workflows that instantly provision or de-provision access based on manager approvals.
- Full integration with our SOC 2 and ISO 27001 compliance reporting systems.

Training sessions will be held on [DATE_2] at 2:00 PM EST. You can register via the link on the intranet or reach out to [EMAIL_1] with any questions.

Thank you for your partnership in keeping [ORG_1] secure.

Sincerely,

[PERSON_1]
Chief Information Security Officer (CISO)
[ORG_1] Global Security",security
"Subject: URGENT: HVAC Failure on 12th Floor - Temporary Relocation to 10th Floor

Hi everyone,

We are currently experiencing an unexpected failure of the HVAC compressor servicing the 12th floor. Facilities teams are on-site with contractors from [ORG_1] to assess and repair the system, but we expect the floor to remain without climate control for the next 24 to 48 hours.

Effective immediately, the 12th floor is closed. Anyone currently working on 12 is asked to pack up their laptops and relocate to the 10th-floor hot-desking area.

If you need assistance setting up your monitors or docking stations on the 10th floor, please submit a quick ticket to IT Support at [EMAIL_1] or call [PHONE_1].

We apologize for the disruption and will provide another update by tomorrow morning.

Sincerely,

[PERSON_1]
Office Admin Team, [ORG_2]",admin
"Subject: Delivered: Your New [ORG_1] Workstation & Next Steps

Hi [PERSON_1],

We have received confirmation that your new corporate laptop was successfully delivered to your registered address on [DATE_1].

Before you begin using your new device, please review the setup guide attached to this email. You will need to connect to the Global VPN and sign in with your [ORG_1] credentials to complete the initial provisioning and security profile update.

**Important Action Required:**
Please place your old laptop and power charger back into the original box, apply the enclosed pre-paid return label, and drop it off at a shipping location. All legacy hardware must be returned by [DATE_2] so that we can decommission the asset in our system.

For any technical issues during setup, please contact the IT Helpdesk at [PHONE_1] or open a ticket on the portal.

Sincerely,
IT Hardware Provisioning Desk",admin
"Subject: SOW for CRM Optimization Phase 3 - [ORG_1]

Hi [PERSON_1],

I hope you are having a productive week.

Attached is the Statement of Work (SOW) covering Phase 3 of your Salesforce CRM Optimization project. This phase focuses on automating the lead-to-opportunity workflow and setting up custom dashboards for your sales operations team.

We have estimated this effort at [MONEY_1], utilizing our blended consulting rate. Our proposed start date is [DATE_1], with an anticipated completion date of [DATE_2].

Please review the attached PDF and let us know if you have any questions or require any modifications. We are eager to get started and support your team on this next phase of growth.

Sincerely,

[PERSON_2]
Account Executive, [ORG_2]
[EMAIL_1]",vendor
"Subject: Action Required: Launch of [ORG_1] Annual Security Awareness & Compliance Training [DATE_1]

Dear [ORG_1] Team,

Today marks the official kickoff of our annual Security Awareness and Compliance Training cycle for [DATE_1]. As we work to safeguard our customer data and maintain our SOC 2 Type II compliance, security remains a top priority for everyone at [ORG_1].

This year's training covers critical topics including phishing defense, remote work security, data privacy, and safe handling of sensitive customer information.

Details:
- Platform: [ORG_2] Training Portal
- Time Required: Approximately 45 minutes (can be paused and resumed)
- Completion Deadline: [DATE_2]

All full-time employees, contractors, and interns are required to complete this training. Your participation is vital to protecting our network and complying with global regulatory frameworks.

Click here to launch your training profile: [EMAIL_1] (or navigate directly to your dashboard in [ORG_2]).

Best regards,

[PERSON_1]
Head of Compliance, [ORG_1]",security
"Subject: SOW Submission: Cybersecurity Assessment & Penetration Testing - [ORG_1]

Dear [PERSON_1],

Following our scoping discussion on [DATE_1], please find attached the formal Statement of Work (SOW) for the upcoming external penetration testing and vulnerability assessment of [ORG_1]'s core application suite.

Our certified security consultants are prepared to begin testing on [DATE_2]. The total project cost is [MONEY_1], which includes the testing execution, a detailed remediation report, and a post-assessment review session with your engineering team.

To ensure we can secure our resources for your preferred timeline, please have your authorized signatory sign the attached SOW and return it by [DATE_3]. If you require any administrative modifications or have questions regarding the rules of engagement, please don't hesitate to reach out.

Sincerely,

[PERSON_2]
VP of Security Services, [ORG_2]
[EMAIL_1]",vendor
"Subject: OVERDUE REMINDER: Return of Your Previous Corporate Laptop (Asset Tag #88492)

Dear [PERSON_1],

Our records indicate that you received your replacement corporate MacBook Pro on [DATE_1]. However, we have not yet received your old laptop (Asset Tag #88492) at our decommissioning facility.

As a reminder, all employees are required to return legacy hardware within 10 business days of receiving a replacement. This is critical for data security, compliance, and leasing agreements.

Action Required:
* Please locate the prepaid return shipping box that was provided with your new device.
* Pack the old MacBook Pro and its charger securely inside.
* Drop the package off at any UPS drop-off point.

If you have misplaced your prepaid return label, please reply directly to this email or contact [EMAIL_1], and we will generate a new digital label for you. 

If we do not receive tracking confirmation by [DATE_2], we will be required to remotely disable the legacy device for security purposes.

Thank you for your prompt attention to this matter.

Sincerely,

[PERSON_2]
Lead IT Asset Administrator
[ORG_1] Enterprise Technology",admin
"Subject: ACTION REQUIRED: [ORG_1] Annual Subscription Renewal & License Update - [ORG_2]

Hi [PERSON_1],

This is a friendly reminder that your annual subscription for the [ORG_1] Enterprise suite is scheduled to renew on [DATE_1]. To ensure uninterrupted access for your [ORG_2] team members, we need to finalize the renewal agreement prior to this date.

Please note that we have updated our Master Services Agreement (MSA) and standard licensing terms for this upcoming period. The primary adjustments include an update to our Data Processing Addendum (DPA) to align with current EU-US Data Privacy Framework guidelines, as well as a 5% inflation adjustment on the base license cost, bringing your annual renewal total to [MONEY_1].

To complete your renewal under the updated terms, please review the attached agreement and return a signed copy by [DATE_2]. If you have any questions or would like to discuss seat allocations, please reach out to me directly at [EMAIL_1] or [PHONE_1].

Best regards,

[PERSON_2]
Director of Customer Success, [ORG_1]",vendor
"Subject: Standup Blocker & Update - [PERSON_1]

Hi team,

Here is my update for today:

Yesterday I worked on debugging the memory leak on the payment gateway service. I was hoping to deploy the fix to staging today, but I am currently blocked by the ongoing staging environment database outage. 

I've been syncing with [PERSON_2] to see if we can get a local sandbox running instead, but it's proving difficult with our dependency on the [ORG_1] test APIs. I will join the staging post-mortem review later today to see when we expect environment stability. If anyone has a workaround, please let me know.

Thanks,

[PERSON_1]",internal
"Subject: Belated Birthday Wishes for [PERSON_1] - Card Link inside!

Hi Team,

We missed [PERSON_1]'s birthday last week on [DATE_1] due to the intense product launch chaos! 

To make up for it, I've created a virtual card so we can all send them some belated birthday love. Let's flood it with some great team memories, inside jokes, and funny memes.

You can access the card link here: https://www.kudoboard.com/boards/[PERSON_1]-belated-bday

Please sign it at your earliest convenience. We'll officially send it over to [PERSON_1] by the end of the day tomorrow.

Thanks for helping make this special!

Best,

[PERSON_2]",personal
"Subject: Formal Notice: SLA Breach and Credit Claim - [ORG_1] / [ORG_2]

Hi [PERSON_1],

I am writing to formally log a service level agreement (SLA) breach regarding the extended outage of our production environment on [DATE_1]. As per our Master Services Agreement, the system availability fell below the agreed 99.9% uptime threshold.

According to our internal telemetry, the [ORG_1] platform was completely inaccessible for a total of 14 hours and 22 minutes. This directly impacted our operations and resulted in significant disruption for our end-users. Under Section 4.2 of our SLA Addendum, we are contractually entitled to a service credit of [MONEY_1] (representing 15% of our monthly recurring fee).

Please review the attached incident log and let us know when we can expect this credit to be applied to our next billing cycle. We would also appreciate an updated root cause analysis from your engineering team.

Best regards,

[PERSON_2]
Director of Infrastructure, [ORG_2]",client
"Subject: Invitation: Q3 [ORG_1] & [ORG_2] Partner Marketing Alignment Sync

Hi [PERSON_1],

As we approach the second half of the year, I want to ensure our teams are aligned on our joint marketing initiatives for the [ORG_1] API integration.

During this sync, we plan to cover:
- Review of Q2 lead generation metrics from our joint webinars
- Upcoming API endpoint updates and how to message them to developers
- Planning for our joint presence at the upcoming developer conference in [DATE_1]

I’ve sent over a calendar invite for [DATE_2] at 10:00 AM EST. Please let me know if we need to adjust the time or invite additional stakeholders from your product or developer relations teams.

Cheers,

[PERSON_2]
Strategic Partner Manager, [ORG_1]",vendor
"Subject: REMINDER: Q1 [ORG_1] All-Hands Meeting & Town Hall - [DATE_1]

Hi everyone,

This is a reminder that our Q1 Global All-Hands meeting is scheduled for tomorrow, [DATE_1], at 2:00 PM GMT. All remote and in-office employees are expected to attend.

Our Chief Executive Officer, [PERSON_1], along with our VP of People, [PERSON_2], will share updates on hiring targets, corporate culture initiatives, and our recent [MONEY_1] venture round success.

Connection Details:
- Webcast Link: https://teams.microsoft.com/l/meetup-join/[ORG_1]
- Audio Only (US): [PHONE_1]
- Audio Only (UK): [PHONE_2]
- Conference ID: 495 201 392#

If you missed the Slido link to submit anonymous questions, please visit slido.com and enter code #Q1TownHall[ORG_1].

See you there,

Internal Communications
[ORG_1]",admin
"Subject: Staging Environment Instability: Investigation in Progress

Hi all,

Please note that the staging environment ([ORG_1]-stage.com) is currently highly unstable. The engineering team is actively investigating a series of memory spikes on the message broker that started around [DATE_1].

You may experience intermittent 502 Bad Gateway errors when trying to log in or run integration tests. We advise pausing all manual QA testing and demo preparations on staging until further notice.

We will send a follow-up email once the environment is fully restored. If you have any urgent blockers, reach out to the on-call engineer at [EMAIL_1].

Thank you for your patience.

Best,
[PERSON_1]
Engineering Operations",internal
"Subject: RE: [ORG_1] Renewal Proposal - [DATE_1]

Hi [PERSON_1],

Thank you for sharing the renewal quote for our [ORG_2] licenses. 

As we plan our budget for the upcoming fiscal year, we are interested in exploring a multi-year renewal to lock in a better rate. Our finance department has approved a multi-year commitment if we can achieve a discount of at least 15% on the annual list price of [MONEY_1].

Could you draft a revised proposal showing the pricing for both a 2-year and a 3-year contract, including the payment terms for each? 

Thanks,

[PERSON_2]
[EMAIL_1]",client
"Subject: Usage Alert: API Call Limits Exceeded for [ORG_1]

Hello [PERSON_1],

We wanted to let you know that your team has exceeded the monthly API request limit included in your ""Professional Tier"" subscription with [ORG_2].

Your plan includes 10,000,000 API calls per month. As of [DATE_1], your total volume reached 12,450,112 calls. Under our standard terms of service, additional requests are billed at a rate of [MONEY_1] per 1,000 queries, which has generated a current pending overage fee of [MONEY_2].

Given your rapid growth, it would be highly cost-effective for [ORG_1] to upgrade to our ""Enterprise Tier,"" which offers unlimited API calls, dedicated throughput, and a 99.99% SLA at a flat rate.

I have CC'd your Account Manager, [PERSON_2], who can provide a customized quote and apply a retroactive credit for this month's overages if you choose to upgrade. 

Thank you for partnering with us,

[ORG_2] Billing & Usage Monitoring
[EMAIL_1]",vendor
"Subject: Reschedule request: [PERSON_1] / [PERSON_2] 1:1

Hi [PERSON_1],

I apologize for the late notice, but I have been double-booked on [DATE_1] with the leadership team to discuss the new [ORG_1] contract details. Could we reschedule our weekly check-in to [DATE_2] at 4:00 PM?

Here is what I have on the agenda for us:
- Onboarding progress of the new junior developers on your team
- Code review turnaround times and throughput metrics
- Reviewing the proposed changes to our CI/CD pipeline

Please let me know if this new time works for you, or shoot over a few alternative slots that work on your end.

Best regards,

[PERSON_2]
Director of Engineering, [ORG_2]
[EMAIL_1] | [PHONE_1]",internal
"Subject: Invitation: Q4 Feature Roadmap Review & UX Sync

Hi Team [ORG_1],

You are invited to our Q4 Feature Roadmap Review on [DATE_1] at 10:00 AM. In this session, we will go over the product strategy, key metrics we want to move, and the design/UX requirements for our upcoming feature launches.

We will cover:
- Core Pillar 1: Personalization Engines (UX Wireframes ready by [DATE_2])
- Core Pillar 2: Enterprise Role-Based Access Control (RBAC) (Engineering kickoff [DATE_3])
- Core Pillar 3: Automated Invoicing (Target GA on [DATE_4])

If you have any questions or specific topics you want covered during the Q&A segment, please add them to the shared Slido before [DATE_5].

Looking forward to seeing you all there!

Best,

[PERSON_1]
Director of Product, [ORG_2]",internal
"Subject: Weekly 1:1 Reschedule + Agenda Details

Hi [PERSON_1],

I hope your week is off to a good start. I need to adjust our 1:1 schedule for this week because I am presenting our team's infrastructure cost-reduction metrics (targeting a savings of [MONEY_1]) to the executive committee during our usual time slot.

Can we move our meeting to [DATE_1] at 1:00 PM?

Agenda items for this week:
1. Reviewing the feedback from [PERSON_2]'s peer review on your design doc
2. Discussing the timeline for the deprecation of the legacy microservices
3. Checking in on your career pathing goals toward the Senior Engineer promotion

Let me know if this time is open on your calendar, and I'll send over the updated invite.

Thanks,

[PERSON_3]
Engineering Manager
[EMAIL_1]",internal
"Subject: Urgent: UK Addendum Amendment to Data Processing Addendum

Hi [PERSON_1],

Following up on our previous communication regarding the UK Information Commissioner's Office (ICO) mandates. As you may know, the transition period for implementing the UK International Data Transfer Addendum (UK Addendum) to the EU SCCs expires soon.

Our records indicate that while we have a valid EU DPA in place with [ORG_1], we have not yet executed the UK Addendum to cover data transfers of UK data subjects. To maintain compliance and prevent any disruption to our services, we must execute this amendment.

Please find the UK Addendum pre-signed by [ORG_2] attached to this email. Please have your authorized signatory execute the document and return the fully signed version to [EMAIL_1] at your earliest convenience, but no later than [DATE_1].

If you have any technical questions regarding our data localization or encryption standards, feel free to reach out.

Kind regards,

[PERSON_2]
Data Protection Officer, [ORG_2]",security
"Subject: [ORG_1] - Snowflake Capacity Planning & Q3 Credit Utilization Review

Hi [PERSON_1],

I hope you are having a productive week. 

I am reaching out from [ORG_2] to share our monthly consumption report for your Snowflake data warehouse environment. Based on our telemetry, your team has utilized approximately 82% of your pre-purchased capacity credits, with [DATE_1] remaining as the end of your current contract term. At your current burn rate, we project that you will exhaust your remaining credits by [DATE_2].

To ensure query performance does not degrade and to avoid transitioning into high-cost, on-demand pricing (which incurs a 40% premium), we should proactively plan your next credit block purchase. 

I have attached our tailored capacity planning forecast, which outlines three options based on your projected Q3 ingestion pipelines. Do you have 15 minutes on [DATE_3] at 2:00 PM EST to review these options and finalize a true-up order?

Best,

[PERSON_2]
Director of Customer Success, [ORG_2]
[EMAIL_1]
[PHONE_1]",vendor
"Subject: Flight Change Notification & Hotel Update: [ORG_1] Offsite

Hello [PERSON_1],

We have processed an update to your flight itinerary for the upcoming [ORG_1] team offsite. Due to a schedule change by [ORG_2], you have been rebooked on an earlier flight.

Updated Itinerary:
- Flight: [ORG_2] 1042 on [DATE_1]
- Departure: 8:30 AM
- Confirmation: H8D2K9

Your reservation at the [ORG_3] Hotel remains unchanged for [DATE_1] to [DATE_2] at the corporate rate of [MONEY_1] per night. If you have any questions or require further adjustments, please contact the admin team at [EMAIL_1] or call [PHONE_1].

Safe travels,
[PERSON_2]
Admin & Travel Coordinator | [ORG_1]",admin
"Subject: Inquiry: Multi-Year Renewal Terms for [ORG_1] Services

Hello [PERSON_1],

We received your renewal estimate of [MONEY_1] for the upcoming term starting [DATE_1]. 

Before we route this through our internal legal and finance approval chains, we would like to explore a multi-year commitment. We want to avoid annual price increases and secure a more favorable rate for [ORG_2].

Could you generate a revision containing options for:
1. A 2-year term with a standard multi-year discount.
2. A 3-year term with an upfront payment discount.

Please let me know if we need to jump on a quick call to discuss the potential structures. You can reach me directly at [PHONE_1].

Best,

[PERSON_2]
Operations Lead, [ORG_2]",client
"Subject: Proposal: Joint integration marketing launch with [ORG_1]

Hi [PERSON_1],

Now that our engineering teams have successfully finalized and tested the [ORG_1] to [ORG_2] API integration, we would love to schedule a brief sync to discuss our go-to-market and co-marketing strategy.

We have drafted a preliminary co-marketing plan that includes a joint blog post announcement, a co-branded solution brief, and a dedicated feature in our upcoming developer newsletter. We would also love to explore the possibility of hosting a joint webinar next quarter to showcase how our mutual customers can leverage this API integration to automate their workflows.

Are you or someone from your product marketing team available for a quick 20-minute sync next week? Please let me know if [DATE_1] or [DATE_2] works best for your calendar.

Best regards,

[PERSON_2]
Partner Marketing Manager
[ORG_1]
[EMAIL_1]
[PHONE_1]",vendor
"Subject: Draft Q4 Roadmap: Request for Engineering Feedback

Hi Engineering and UX Leads,

I have just posted the first draft of our Q4 Mobile App Feature Roadmap on our team wiki. Before we lock in these dates, I want to get your feedback on technical feasibility and capacity estimates.

Key areas of focus for Q4:
* Offline Mode Syncing (Estimated kickoff: [DATE_1])
* Push Notification Overhaul (Target GA: [DATE_2])
* Security updates for compliant login

Please take a look at the proposed timeline by EOD [DATE_3] and drop your feedback in the document. We will host a refinement sync on Friday to finalize the sprint commitments.

Regards,

[PERSON_1]
Senior PM, Mobile",internal
"Subject: Reminder: Upcoming Winter Holiday Office Closure & Facility Guidelines

Hello [ORG_1] Team,

This is a friendly reminder that our offices globally will be closed for the annual Winter Holiday shutdown starting [DATE_1], and we will reopen on [DATE_2].

Before you head out for the break, please assist our IT and Facilities teams by completing the following checklist:
- Shut down your monitors, docking stations, and other peripheral devices at your desk to help us conserve energy.
- Ensure any perishable food items are removed from the communal refrigerators. Our cleaning staff will be doing a deep clean on [DATE_3], and any items left behind will be discarded.
- If you are taking your corporate laptop home, please make sure it is completely powered off and safely packed.

For any urgent IT support needs during the closure, please contact the skeleton helpdesk at [EMAIL_1] or call [PHONE_1].

Thank you for your cooperation, and have a wonderful holiday season!

Sincerely,

[PERSON_1]
Office Operations Manager",admin
"Subject: Update: Staging outage root cause identified (unindexed query in migration)

Hi all,

Following up on the staging-2 outage from yesterday afternoon. [PERSON_1] and I ran a full profiling trace on the database container and identified the culprit.

The database lockup was triggered by a missing index on the `tenant_id` column in the newly added `invoice_items` table. When the automated end-to-end QA tests ran, it triggered a sequential scan across 500k dummy records, causing CPU utilization on the staging DB to peg at 100% and drop all incoming connection requests.

I have drafted a PR to add the missing index and optimize the query. Let's make sure we review this before we push anything to staging again. You can view the PR here: [EMAIL_1] (internal link).

Thanks,
[PERSON_2]
Senior Backend Engineer",internal
"Subject: URGENT: Complete your Annual Security Awareness Training by [DATE_1]

Dear [PERSON_1],

This is a reminder that the deadline for completing our annual [ORG_1] Security Awareness Training is fast approaching on [DATE_1]. 

According to our compliance dashboard, you have completed 1 of the 3 required modules. Please log into the [ORG_2] portal and complete the remaining modules as soon as possible:
- Social Engineering Tactics
- Data Privacy & GDPR

Failure to complete these modules by [DATE_1] may result in temporary suspension of your network access, per [ORG_1] Security Policy Sec-402. 

If you experience any technical issues with the training portal, please open a ticket with IT Support or contact [EMAIL_1].

Sincerely,

[PERSON_2]
Compliance Coordinator
[ORG_1]",security
"Subject: INFO: Mid-Year Global Town Hall Agenda & Streaming Details ([DATE_1])

Dear Employees,

On [DATE_1], we will host our Mid-Year Global Town Hall streaming live from our headquarters auditorium. The session will begin promptly at 9:00 AM PST.

During this session, we will focus heavily on our expansion into EMEA and APAC regions. [PERSON_1] from Global Sales and [PERSON_2] from Operations will join us on stage to present regional performance reports.

Agenda Highlights:
- H1 Retrospective & Sales Milestones
- International Expansion Update
- Employee Spotlight & Core Value Awards
- Open Floor Q&A

Virtual Access Information:
- Stream URL: https://stream.[ORG_1].com/townhall
- Telephone Backup: [PHONE_1]
- Access Passcode: 902188

For those in the main office, grab-and-go lunch will be provided in the cafeteria immediately following the meeting.

Best,

Facilities & Admin Team
[ORG_1]",admin
"Subject: Rescheduled: [PERSON_1] <> [PERSON_2] 1-on-1

Hi [PERSON_1],

Sorry for the late notice, but I need to reschedule our weekly 1-on-1 scheduled for tomorrow morning. I've been pulled into an emergency architecture alignment meeting with the [ORG_1] platform team.

Could we move our sync to [DATE_1] at 2:00 PM instead?

For our agenda, I wanted to make sure we cover:
1. The memory leak issue you've been debugging on the microservices branch.
2. Planning your upcoming PTO and coverage for the next sprint.
3. Reviewing the feedback from the [ORG_2] integration demo.

Let me know if the proposed time works, or send over a calendar invite for a slot that suits you better.

Thanks,
[PERSON_2]",internal
"Subject: PR #482: Add user_profile schema migration feedback

Hey [PERSON_1],

I was looking over your changes in PR #482 (updating the user profile table) and noticed a potential issue with the migration script in alembic/versions/.

You are adding a non-nullable `timezone` column without a default value. This is going to fail on production when we run the migration because we already have millions of rows in the `users` table, and Postgres won't know what to backfill those existing rows with.

We should either:
1. Make the column nullable initially, run a backfill script, and then alter it to NOT NULL in a follow-up migration.
2. Provide a sensible default value (like 'UTC') directly inside the `op.add_column` call.

Let me know what you think. I've left some detailed inline comments on GitHub as well.

Thanks,
[PERSON_2]",internal
"Subject: Team Trivia Night next [DATE_1]! 🧠🍻

Hey team,

It's time for our quarterly social event! We're doing a Trivia Night at [ORG_1] on [DATE_1] starting at 6:30 PM. 

The company is covering the first few rounds of drinks and some appetizers, so make sure to bring your A-game. We have a reputation to uphold after coming in second place last time!

Please RSVP by [DATE_2] so I can finalize the table booking with the venue. Let me know if you have any dietary restrictions too.

Hope to see you all there,

[PERSON_1]",personal
"Subject: Birthday Wishes for [PERSON_1]! 🍰

Hi team,

Let's wish a very Happy Birthday to [PERSON_1], who is celebrating on [DATE_1]! Even though [PERSON_1] just joined [ORG_1] recently, they've already made such a great impact on the team.

I’ve put together a virtual birthday card here: https://www.kudoboard.com/boards/[PERSON_1]-birthday

Please drop in a warm welcome/birthday wish when you get a chance today. We'll present it to them during our team huddle tomorrow.

Warmly,

[PERSON_2]
Director of Product, [ORG_1]",personal
"Subject: EMERGENCY SCHEDULE CHANGE: Production Database Out-of-Cycle Maintenance - [DATE_1]

Hi Team,

Please be advised that we are shifting our standard database maintenance schedule to perform an emergency out-of-cycle security patch on our core production databases tonight, [DATE_1].

This decision was made in response to a critical security advisory released by [ORG_1] regarding a database bypass vulnerability. Due to the high risk of exposure, the Executive Security Committee has approved an immediate override of our standard 7-day change management notification policy.

Maintenance Window:
- Tonight, [DATE_1], from 11:30 PM to 12:30 AM EST
- Impact: The database will be in read-only mode for approximately 20 minutes during the failover process. Write operations will queue and may experience latency.

Our database administration team, led by [PERSON_1], will monitor the migration closely. Product Managers, please notify your respective teams and pause any automated data extraction or heavy batch processing jobs scheduled during this hour.

For real-time status updates, please monitor our internal status page or email [EMAIL_1] with any urgent concerns.

We apologize for the short notice and appreciate your agility in helping us keep our infrastructure secure.

Best regards,

[PERSON_2]
VP of Infrastructure & Operations
[ORG_2]",security
"Subject: Action Required: Your [ORG_1] Laptop Upgrade is Shipping - Return Instructions Inside

Hi [PERSON_1],

As part of our [ORG_1] hardware lifecycle management policy, you are scheduled to receive a new laptop replacement. Your new [ORG_2] workstation is scheduled to ship on [DATE_1].

Once you receive your new laptop, please complete the setup assistant. You will have a grace period of 10 business days to transfer your files and data. 

Crucial: You must return your old device using the pre-paid return shipping box included in your delivery. Please pack your old laptop, charger, and any company-issued peripherals, and drop it off at any DHL drop-off point by [DATE_2].

If you have questions, contact the IT Helpdesk at [PHONE_1] or [EMAIL_1].

Best regards,

IT Asset Management Team
[ORG_1] Infrastructure",admin
"Subject: Joint Marketing Sync: [ORG_1] & [ORG_2] API Integration Launch

Hi [PERSON_1],

I hope you're having a productive week.

Now that our engineering teams have successfully completed the technical validation for the [ORG_1] and [ORG_2] API integration, I would love to schedule a quick 30-minute sync to discuss our joint go-to-market and co-marketing strategy.

We are targeting a public announcement on [DATE_1], and we want to ensure both of our marketing teams are aligned. On our end, we are preparing a press release draft and a dedicated integration landing page. I would love to get your team's feedback and discuss potential co-promotion opportunities, such as a joint blog post or social media push.

Could you let me know if you or someone from your partner marketing team is available for a brief call next Tuesday or Wednesday? You can also reach me directly at [PHONE_1].

Best regards,

[PERSON_2]
Director of Technology Alliances
[ORG_1]
[EMAIL_1]",vendor
"Subject: Blocker on PR #304: Database lock risk on transactions table migration

Hey [PERSON_1],

I'm pausing my approval on PR #304 for a bit.

Adding an index to `transactions.created_at` concurrently is definitely the right move, but we need to make sure the migration script doesn't run inside a transaction block, or it will lock the table and cause a production outage. Since `transactions` is our largest table, PostgreSQL will block writes during the index creation if we don't use `postgresql_concurrently=True` and commit the current transaction beforehand.

I've proposed a workaround in the PR thread. Let's make sure we test this on staging on [DATE_1] before we merge to main.

Thanks,
[PERSON_2]",internal
"Subject: URGENT: SLA Breach Notice and Service Credit Request - [ORG_1]

Hi [PERSON_1],

I am writing to formally log an SLA breach regarding the unscheduled downtime of the [ORG_2] platform on [DATE_1]. According to our monitoring, the production environment was completely inaccessible for a total of 4 hours and 12 minutes, from 02:00 UTC to 06:12 UTC.

As per Section 4.2 of our Master Services Agreement (MSA), [ORG_2] guarantees a monthly uptime of 99.9%. This single outage has dropped our uptime for [DATE_2] to 99.4%, which constitutes a Class 1 SLA breach.

Due to the business impact on our end-users, we are requesting the contractually mandated 10% service credit for this billing cycle, which amounts to [MONEY_1]. Please confirm receipt of this notice and let us know when the credit memo will be issued to our billing team.

Best regards,

[PERSON_2]
VP of Infrastructure, [ORG_1]
[EMAIL_1] | [PHONE_1]",client
"Subject: Quick question - best trails near [ORG_1] State Park?

Hi [PERSON_1],

Hope you're having a good week. I remember you mentioning you go hiking up near [ORG_1] State Park quite a bit. A few of us are planning to head out this Saturday, [DATE_1], and wanted to get your thoughts on the best moderate trails. We're looking for something with decent views but not a total vertical scramble.

Also, any good spots for post-hike food/beers nearby? We will definitely be hungry and would love a solid local recommendation.

Let me know if you want to join us too! 

Best,
[PERSON_2]",personal
"Subject: Upcoming [ORG_1] Town Hall: Panel Discussion Agenda & Dial-In

Hello all,

We are changing things up for our next quarterly Town Hall on [DATE_1] at 11:00 AM CST. Instead of a traditional slide presentation, we will be hosting an interactive panel discussion featuring leaders from across our engineering, product, and marketing departments.

Panelists:
- [PERSON_1] (VP of Product)
- [PERSON_2] (Director of Engineering)
- [PERSON_3] (Head of Brand Marketing)

Dial-In Details:
- Primary Link: https://meet.google.com/abc-defg-hij
- Dial-in: [PHONE_1]
- PIN: 582 910 231#

Please submit your questions for the panel via the Google Form shared in the #announcements Slack channel. We will reserve the final 20 minutes for live questions from the dial-in audience.

Warm regards,

[PERSON_4]
Chief of Staff, [ORG_1]",admin
"Subject: Request for Additional Seats - [ORG_1] Enterprise Account

Hi [PERSON_1],

Hope you are doing well.

Our team at [ORG_1] is growing faster than anticipated, and we are rapidly approaching our current limit of 250 seats on our Enterprise plan. We need to provision an additional 150 licenses by [DATE_1] to accommodate our upcoming Q3 engineering hires.

Could you please send over a pricing proposal for these additional 150 seats? Given our total volume would now be 400 seats, we would like to know if there is an additional volume discount we can apply to the unit price.

Thanks,

[PERSON_2]
Director of IT, [ORG_1]",client
"Subject: Pre-sync coffee?

Hey [PERSON_1],

I'm going to run downstairs to grab a quick coffee before our daily standup starts at 10:00 AM.

Let me know if you want to come down with me, or if I can grab you something (my treat!). I think they have those new pastries today too.

See you soon,
[PERSON_2]",personal
"Subject: Co-Marketing Opportunity: Featuring [ORG_2] on the [ORG_1] App Marketplace

Hi [PERSON_1],

I hope you are having a great week.

With the recent deployment of our v2 API connector, we are preparing to refresh our global App Marketplace and developer ecosystem portal. We would love to feature the [ORG_2] integration as a ""Staff Pick"" during our [DATE_1] feature cycle.

To make this happen, we need to sync briefly on a few co-marketing assets:
- A high-resolution logo and approved brand guidelines
- A 2-sentence value proposition statement for the listing page
- A quick technical quote from your Product VP regarding the API reliability

Could we set up a 15-minute alignment call this Thursday or Friday? Alternatively, you can book a slot directly on my calendar here: [EMAIL_1].

Thanks,

[PERSON_2]
Director of Strategic Alliances
[ORG_1]",vendor
"Subject: Scheduling QBR & Q4 Co-Marketing Sync: [ORG_1] + [ORG_2]

Dear [PERSON_1],

As we approach the end of the quarter, I want to thank you for your ongoing partnership. The [ORG_1] integration remains one of our most popular API connections, and we want to continue this momentum into next year.

I'd like to schedule our Quarterly Business Review (QBR) and combine it with a marketing alignment sync. During this session, we'll review API performance metrics, discuss upcoming developer-facing updates, and map out our co-marketing calendar for the holiday season.

Please let me know if anyone else from the [ORG_2] marketing or product team should be included. We are aiming for the week of [DATE_1]. You can reach me directly at [PHONE_1] or reply here to coordinate.

Looking forward to our continued collaboration,

[PERSON_2]
VP of Ecosystem Partnerships, [ORG_1]",vendor
"Subject: Revised SOW: [ORG_1] Phase 2 API Integration Project

Hi [PERSON_1],

Thank you for the constructive feedback on our initial draft. We have updated the Statement of Work (SOW) to reflect the changes discussed during our alignment meeting yesterday.

Specifically, we have:
- Adjusted the scope to exclude the legacy database sync, shifting that to a potential Phase 3.
- Reduced the timeline by two weeks, with a new targeted completion date of [DATE_1].
- Updated the total cost to [MONEY_1] to align with the revised resource requirements.

Please find the revised document attached. If this looks good, let me know, and I will send over the DocuSign link for execution.

Thanks,

[PERSON_2]
Senior Account Manager
[ORG_1]
[PHONE_1]",vendor
"Subject: [GRC Portal] Weekly Status Report: SOC 2 Type II Evidence Collection

Dear [PERSON_1],

This is an automated notification from the [ORG_1] Compliance Portal tracking our SOC 2 Type II audit readiness. You currently have pending evidence requests assigned to you that require attention before the upcoming auditor walkthrough on [DATE_1].

Summary of pending tasks:
- Evidence ID: SEC-042 - Password policy configuration screenshots
- Evidence ID: SEC-109 - Quarterly key management rotation logs
- Evidence ID: HR-012 - Security awareness training completion report (Q3)
- Evidence ID: OPS-088 - Disaster recovery plan tabletop exercise walkthrough notes

Please login to [ORG_2] to upload your files and update the status of these controls. If these have already been completed, please mark them as ""Ready for Review"".

For support, please contact the IT Security compliance team at [EMAIL_1].

Sincerely,
[ORG_2] Compliance Bot",security
"Subject: Enterprise Escalation: [ORG_1] experiencing high API latency on search endpoints

Hi Team,

I am escalating a critical ticket on behalf of our enterprise client, [ORG_1]. Their VP of Engineering, [PERSON_1], contacted me directly regarding severe performance issues they are facing with our `/search` endpoint.

Their system is currently seeing latencies up to 12 seconds, which is causing their customer-facing UI to freeze. They have had to temporarily disable the integration to prevent further user churn. As one of our largest accounts, contributing over [MONEY_1] in annual recurring revenue, we need to treat this with the highest priority.

Could the DevOps lead please look into whether there is an active rate-limiting issue or database lock affecting their tenant? 

Best,

[PERSON_2]
Senior Customer Success Manager, [ORG_2]
[EMAIL_1]",client
"Subject: Office Closure Notice: Upcoming [DATE_1] Holiday Weekend

Hi Team,

Please note that all [ORG_1] domestic offices will be closed on [DATE_1] in observance of the upcoming public holiday. 

Our physical offices will shut down at 6:00 PM on [DATE_2] and will reopen for normal operations on [DATE_3] at 8:00 AM. During this time, badge access will be restricted to essential personnel only. If you require emergency access to the facility during the closure, please contact [PERSON_1] at [EMAIL_1] to secure senior management approval.

Please ensure that you set your out-of-office autoreply on email and Slack, and coordinate with your team leads to manage any urgent client deliverables ahead of the long weekend.

Thank you, and enjoy the holiday break!

Best regards,

[PERSON_2]
Director of Workplace Operations
[ORG_1] Facilities Team",admin
"Subject: URGENT: HVAC Malfunction - East Wing Floor Closure and Remote Work Notice

Hello team,

We are currently experiencing a major HVAC system malfunction affecting the entire East Wing of the building. Temperatures in this area have already exceeded acceptable working limits, and building engineers are on-site attempting to resolve the issue.

As a result, the East Wing (Floors 5 through 8) is closed effective immediately today, [DATE_1]. All employees working in these zones are instructed to pack up their laptops and work remotely for the remainder of the day. 

We will send a follow-up announcement later this evening regarding the status of the HVAC system and whether it is safe to return tomorrow. Thank you for your swift cooperation in vacating the area promptly.

Regards,
[PERSON_1]
Director of Workplace Experience
[ORG_1]",admin
"Subject: Breach of Database Recovery Point Objective (RPO) SLA - Compensation Request

Dear [PERSON_1],

This email serves as formal notification that [ORG_1] has breached the Recovery Point Objective (RPO) SLA defined in our cloud services agreement during the incident on [DATE_1].

The agreement guarantees an RPO of no more than 1 hour. However, the data restoration process conducted by your team resulted in a data loss window of approximately 5.5 hours, forcing our operations team to manually reconstruct transaction records. This has caused us substantial operational overhead and reputational damage with our own clients.

We expect a formal credit of [MONEY_1] to compensate for the additional labor costs incurred by our team to rectify this issue. Please have your finance department issue a credit memo referencing invoice [PHONE_1].

We look forward to your prompt response.

Sincerely,

[PERSON_2]
Operations Director, [ORG_2]",client
"Subject: REMINDER: Overdue IT Asset Return - Laptop Replacement Program

Dear [PERSON_1],

This is a reminder that we have not yet received your legacy laptop (Serial: [PHONE_1]) following your recent hardware upgrade on [DATE_1].

Our corporate asset policy requires all decommissioned devices to be returned to IT Logistics within 10 business days of receiving your replacement. Our records indicate your return is now overdue.

Please return the device immediately using the pre-paid shipping box provided with your new laptop. If you need a replacement shipping label, please email [EMAIL_1] immediately.

Please be advised that unreturned assets will be flagged, and a non-compliance report may be sent to your manager, [PERSON_2].

Thank you for your prompt attention to this matter.

Regards,
[ORG_1] IT Asset Recovery Team",admin
"Subject: Notice of Energy-Efficiency HVAC Upgrades & Floor Closures

Dear Colleagues,

As part of our ongoing commitment to sustainability and reducing [ORG_1]'s carbon footprint, we are installing new smart thermostatic valves and upgraded HVAC ducting across our main office tower.

This work is scheduled to take place over the upcoming holiday weekend, beginning on [DATE_1]. Due to the extensive nature of the installation, Floors 6, 7, and 8 will be closed to all personnel.

Key details:
- Access to Floors 6-8 will be restricted starting at 6:00 PM on Friday, [DATE_1].
- Badging access to these floors will be temporarily disabled during this period.
- Normal operations and floor access are expected to resume on Tuesday, [DATE_2] at 7:00 AM.

We appreciate your patience as we make these necessary environmental and operational improvements to our workspace.

Best,

[PERSON_1]
Director of Workplace Services, [ORG_2]",admin
"Subject: Coffee chat soon? / Pet tax update!

Hey [PERSON_1],

It's been ages since we actually chatted about non-work stuff! How are things? How is [PERSON_2]'s new puppy doing? You've got to send me some updated pictures soon (the pet tax is officially due!).

Let's block out some time this week for a virtual coffee chat, or a real one if you are coming into the office on Thursday. No work talk allowed, just life updates.

Let me know if you have a free slot!

Warmly,

[PERSON_3]",personal
"Subject: REMINDER: 3rd Floor Closure for HVAC Coil Replacement on [DATE_1]

Hi Everyone,

This is a quick reminder that the 3rd floor will be closed tomorrow, [DATE_1], for emergency HVAC coil replacement.

The work is scheduled to begin at 7:00 AM and is expected to last the entire day. The 3rd floor will experience fluctuating temperatures and elevated noise levels, and as a safety precaution, badge access to this floor will be temporarily disabled.

Alternative workspaces are available on the 1st-floor lobby area and the 6th-floor collaborative space. Please make sure to take any laptops or personal items you might need tonight before leaving.

Thank you for your patience as we complete these necessary repairs.

Regards,
[PERSON_1]
Facilities Coordinator, [ORG_2]",admin
"Subject: IMPORTANT: Office Closure and Facilities Maintenance - [DATE_1]

Hello Everyone,

In conjunction with the upcoming public holiday on [DATE_1], our main campus offices will be fully closed. Facilities Management will be taking advantage of this downtime to perform scheduled electrical and network maintenance.

Please take note of the following details:
- The office will be completely powered down starting [DATE_2] at 8:00 PM through [DATE_3] at 6:00 AM.
- VPN and internal network services may experience intermittent outages during this maintenance window.
- Heating, ventilation, and air conditioning (HVAC) systems will be set to energy-saving mode during the closure.

We advise all employees to shut down their workstations and unplug any non-essential personal electronics before leaving on [DATE_2] to prevent damage from potential power surges. 

For any urgent facility-related inquiries over the holiday weekend, please contact the Security Desk at [PHONE_1].

Thank you for your cooperation,

[PERSON_1]
Facilities Manager
[ORG_1] Infrastructure Group",admin
"Subject: Restaurant ideas for Friday night?

Hey [PERSON_1] and [PERSON_2],

Are we still on for dinner this Friday, [DATE_1]? I was looking at a few spots downtown and wanted to run them by you.

Have either of you been to [ORG_1] (the new Italian place on 5th)? I've heard amazing things about their spicy rigatoni, but it might be tough to get a table last minute. 

Another option is [ORG_2]—super casual, great outdoor seating, and they do those amazing street tacos. Let me know what you're craving and I can make a reservation today.

Cheers,
[PERSON_3]",personal
"Subject: Weekly QA Automation Health Metrics & Bug Triage - [DATE_1]

Hi everyone,

Here is the weekly update on our automated test suites and bug triage metrics for the week ending [DATE_1].

Metrics Summary:
- Core Regression Pass Rate: 91.5% (Target: 95%)
- Total Automated Test Cases Run: 1,420
- Total Test Failures Triaged: 45
- Script Issues (False Positives): 12 (Fixed)
- Actual Software Bugs Discovered: 8 (Logged in Jira)

Top Bugs Triaged this Week:
- [ORG_1]-8893: Memory leak during automated export test runs (assigned to [PERSON_1]).
- [ORG_1]-8912: Localization failures on Spanish language automation run (assigned to [PERSON_2]).

Thank you to everyone who helped resolve script issues this week. Our flaky rate has dropped by 4%!

Best regards,
[PERSON_3]
QA Manager",internal
"Subject: Weekly Automation Health Metrics & Triage Sync (Week of [DATE_1])

Hello Everyone,

Here is our weekly health report for the test automation suites across our main repositories:

- **Web App (Cypress)**: 92% pass rate (Target: 95%). Main culprit: Flaky network requests in the analytics dashboard tests.
- **Mobile App (Appium)**: 88% pass rate (Target: 90%). Issues found with iOS 17 simulator compatibility.
- **Backend APIs (Postman/Newman)**: 99% pass rate. Well done team!

We currently have 18 unresolved bugs in the QA backlog, with 3 marked as 'Blocker'. I have scheduled our weekly triage sync for tomorrow, [DATE_2] at 11:00 AM EST, to assign these out and discuss strategies for the flaky iOS tests.

Please review the attached dashboard before the meeting so we can move quickly.

Cheers,

[PERSON_1]
Director of Quality Engineering, [ORG_1]",internal
"Subject: Notification of Access Revocation - Quarterly IAM Privilege Review

Hello [PERSON_1],

As part of our standard quarterly IAM access privilege review, [ORG_1]'s Security and Compliance team routinely reviews application logs to identify inactive accounts and over-privileged users.

During our recent audit, we noticed that you have not accessed the [ORG_2] Billing System or the internal production database console in the last 90 days. To align with our least privilege policy and maintain SOC 2 compliance, your access to these systems has been scheduled for revocation on [DATE_1].

Please note that this is a routine security cleanup. If you still require active access to these tools for your day-to-day responsibilities, please submit a justification ticket via ServiceNow or have your manager, [PERSON_2], approve a temporary access extension.

Thank you for your understanding and support of our corporate security initiatives.

Respectfully,

IAM Governance Team
[ORG_1] Security Group",security
"Subject: Mutual NDA: [ORG_1] & [ORG_2] - Fully Signed Copy Request

Dear [PERSON_1],

Our legal department has approved the Mutual Non-Disclosure Agreement between [ORG_1] and [ORG_2] without further amendments.

I have executed the agreement on behalf of [ORG_1] via Adobe Sign. You should receive an automated email from the platform shortly requesting your countersignature. For your convenience, I have also attached the signed PDF to this email.

Please let me know once the countersignature is complete, or if your platform requires a direct invite to a different email address than [EMAIL_1].

Sincerely,

[PERSON_2]
General Counsel
[ORG_1]",security
"Subject: Pending Task: Countersignature Required for [ORG_1] Mutual NDA

This is an automated reminder from the [ORG_2] Vendor Risk Management portal.

You currently have a pending compliance task to countersign the Mutual Non-Disclosure Agreement with [ORG_1]. Our internal security compliance deadline is [DATE_1] to avoid project delays.

Please review the pending document and execute the countersignature by navigating to your dashboard or replying directly to this email with the signed PDF.

If you have any technical issues accessing the portal, please contact [EMAIL_1].

Sincerely,

[ORG_2] Risk & Compliance Team",security
"Subject: Mutual NDA for Execution - [ORG_1] and [ORG_2]

Hi [PERSON_1],

As we prepare to share our latest SOC 2 Type II report and system architecture diagrams, we need to ensure our Mutual Non-Disclosure Agreement (MNDA) is fully executed.

I have reviewed the redlines your legal team sent over, and our General Counsel has approved the changes. I have uploaded the finalized version to DocuSign for your countersignature. Once you sign, it will automatically route to our VP of Security, [PERSON_2], for the final signature.

Please let us know if you have any questions or if you need the DocuSign link resent to [EMAIL_1].

Best regards,

[PERSON_3]
Security & Compliance Operations, [ORG_1]",security
"Subject: lobby cafe trip before standup

Hey [PERSON_1],

I'm running a bit low on energy today. Want to grab a quick espresso downstairs at the [ORG_1] stand before our 9:45 AM standup?

I'm leaving my desk in about 5 minutes. If you can't make it down but still want something, just text me your order at [PHONE_1] and I'll bring it up for you.

See you soon,

[PERSON_2]",personal
"Subject: Urgent: Updated Licensing Terms for [ORG_1] Annual Renewal

Hi [PERSON_1],

We are currently in the process of finalizing the annual renewal for our [ORG_1] subscription, which is scheduled to expire on [DATE_1]. 

Their legal team has sent over an updated End User License Agreement (EULA) for the upcoming term. Before we can issue the purchase order for [MONEY_1], we need your legal/procurement team to review the changes. The primary updates concern intellectual property rights around generative AI outputs and a new liability cap in Section 11.

I have attached a redline comparison document showing the differences between our current agreement and the proposed new terms. Could you please have someone from your legal team review this and let us know if we are clear to sign?

Because the renewal deadline is [DATE_2], your prompt attention to this matter would be greatly appreciated to avoid any disruption to our engineering team's workflow.

Thanks,

[PERSON_2]
Procurement Specialist, [ORG_2]",vendor
"Subject: Q3 Partner Marketing Sync: [ORG_1] API Integration Hub

Hello [PERSON_1],

With our mutual customers increasingly leveraging the [ORG_1] to [ORG_2] API integration, we want to ensure our joint marketing collateral is fully updated for the Q3 push.

We are hosting a partner marketing sync on [DATE_1] to discuss:
- Updating the API integration listing on both of our marketplaces
- Creating a joint one-pager outlining the security benefits of our OAuth2 flow
- Allocating MDF (Marketing Development Funds) up to [MONEY_1] for a joint paid search campaign

Please let me know if you or a representative from your marketing team can attend. I will send over a calendar invite once confirmed.

Best,

[PERSON_2]
Global Partner Marketing, [ORG_1]
[EMAIL_1]",vendor
"Subject: SOW Submission: Comprehensive Penetration Testing & Compliance Review

Dear [PERSON_1],

Please find attached the formal Statement of Work (SOW) from [ORG_1] for the upcoming penetration testing and SOC 2 compliance readiness assessment.

As requested, we have broken down the pricing into two distinct phases:
1. External & Internal Penetration Testing: [MONEY_1]
2. SOC 2 Gap Analysis and Remediation Advisory: [MONEY_2]

Our team is prepared to kick off the project on [DATE_1], pending contract execution. Please review the attached document and let us know if you have any questions regarding our methodology or the resource requirements.

Sincerely,

[PERSON_2]
Principal Security Consultant, [ORG_1]
[EMAIL_1]",vendor
"Subject: Confirmation: Executive Boardroom Reservation & Catering - [DATE_1]

Dear [PERSON_1],

Your booking for the Executive Boardroom has been locked in for [DATE_1] for the [ORG_1] Leadership Summit. Below are the details of your reservation:

- Time: 8:00 AM - 5:00 PM
- Expected Attendance: 15 in-person, 8 virtual
- AV Configuration: Hybrid Zoom Room, whiteboard camera, and dual display monitors
- Catering: Continental breakfast at 8:15 AM, Working lunch at 12:30 PM (Total: [MONEY_1] invoiced to Cost Center 402)

Our AV technician, [PERSON_2], will perform a complete system check at 7:30 AM to verify the remote dial-in feeds and microphone levels. Please let us know if there are any updates to the attendee list or dietary requirements.

Thank you,

[PERSON_3]
Office Administrator
[EMAIL_1]",admin
"Subject: URGENT: API Timeout Errors on Checkout Endpoint - [ORG_1]

Hi [PERSON_1],

I am writing to escalate a critical issue we are experiencing with your payment checkout API endpoint. Starting around [DATE_1] at 09:00 AM EST, our production servers have been hit with a massive spike in 504 Gateway Timeout errors.

This is severely affecting our checkout conversion rates, and we estimate we have already lost over [MONEY_1] in transactions. Our engineering team has verified that the latency is originating from your side, with response times exceeding 15 seconds before timing out.

Please escalate this to your Tier 3 support team immediately. We need an ETA on a fix as this violates our agreed SLA.

Best regards,

[PERSON_2]
VP of Engineering, [ORG_1]
[EMAIL_1]",client
"Subject: Facility Update: 3rd Floor Temporary Closure on [DATE_1]

Hi everyone,

As part of our ongoing facility upgrades, the 3rd floor of our office will be closed on [DATE_1] to undergo necessary HVAC duct repairs and ceiling tile replacements. The work is expected to start at 7:00 AM and conclude by 6:00 PM.

For those who usually work on the 3rd floor, please coordinate with your managers to either work from home or reserve a hot desk on the 2nd or 4th floors via our internal booking portal. Please note that there may be intermittent drilling noise throughout the day, so we highly recommend remote work for those sensitive to noise.

Thank you for your patience as we work to improve our office environment. For immediate assistance, feel free to reach out to the Facilities team at [PHONE_1] or email [PERSON_1] at [EMAIL_1].

Sincerely,
[PERSON_2]
Office Manager, [ORG_1]",admin
"Subject: Request for Revised Invoice - SLA Credit Adjustment - [ORG_1]

Hi [PERSON_1],

I am writing to follow up on the SLA credit discussion from our meeting on [DATE_1] with [PERSON_2]. During that call, it was agreed that [ORG_1] would issue a service credit of [MONEY_1] due to the critical system outage that occurred on [DATE_2].

We just received invoice #[PERSON_3] for the upcoming service period, but it does not appear to reflect this agreed-upon credit.

Could you please coordinate with your billing department to have a revised invoice issued, or provide us with a credit memo that we can apply against this balance? We would like to process this payment as soon as possible, but we cannot do so until the billing adjustments are correctly applied.

Thank you for your assistance.

Best regards,

[PERSON_4]
Accounts Payable Manager, [ORG_1]
[EMAIL_1]",client
"Subject: Q4 Roadmap Update: Prioritizing [ORG_1] Migration & Scope Adjustments

Hi Team,

Following our executive leadership meeting yesterday, we need to make a couple of critical adjustments to our Q4 product roadmap. Due to an accelerated timeline for our [ORG_1] enterprise migration, we are shifting some of our resource allocation.

Here is what is changing:
- Priority 1: [ORG_1] Migration tooling and security compliance (Target: [DATE_1]) - This is now our top priority.
- Priority 2: Advanced Analytics Dashboard - We are pushing the phase 2 release of this feature to Q1. Phase 1 will still ship on [DATE_2] as planned.

I know this requires some reshuffling of sprint tasks. [PERSON_1] and I will work on updating the Jira backlog today so we are aligned for tomorrow's standup.

Thanks for your flexibility as we navigate these shifting priorities.

Best,

[PERSON_2]
Director of Product",internal
"Subject: Technical Evidence Request: SOC 2 CC6.1 & CC6.2 (IAM and Network Security)

Hi [PERSON_1] and [PERSON_2],

We need to collect technical evidence for our upcoming SOC 2 Type II assessment. Specifically, we need configuration exports and screenshots for our AWS production infrastructure.

Please provide the following by [DATE_1]:

1. IAM password policy configuration showing MFA is enforced for all console users.
2. Database encryption-at-rest configuration screenshots for our primary RDS instances.
3. Security group ingress/egress rules showing restricted public access to port 22 and port 3389.
4. Evidence of our quarterly firewall and security group reviews.

If you have any questions about how to export these reports without exposing sensitive API keys or environment variables, please reach out to me at [EMAIL_1] or call [PHONE_1].

Regards,

[PERSON_3]
Security Engineer
[ORG_1]",security
"Subject: URGENT: Smoke Test Failures on Staging Environment - [DATE_1] Release Candidate

Hi Team,

The automated smoke test suite run following the [DATE_1] RC deployment to Staging has failed.

Out of 45 test cases, 3 critical paths failed:
1. User Profile Update: Return code 500 (Internal Server Error) on POST `/api/v1/profile`
2. Password Reset Flow: Email notification dispatch failed (SMTP timeout)
3. Cart Checkout: JavaScript runtime error on `checkout.js:104`

We have rolled back the staging deployment to stable build #392 for now to allow developers to work without blockages.

Please review the triage notes and stack traces here: [internal-wiki-link]. We will hold an ad-hoc triage meeting in the Engineering room at 1:30 PM.

Best,

[PERSON_1]
QA Lead",internal
"Subject: lobby coffee in 10?

Hey [PERSON_1] and [PERSON_2],

Are either of you up for a quick coffee run downstairs before our [DATE_1] standup? I desperately need a cold brew to wake up today.

We have about 15 minutes before we have to sync up with the broader [ORG_1] product team, which should be just enough time to beat the morning rush.

Let me know if you're free to head down now!

Best,

[PERSON_3]",personal
"Subject: RE: Mutual NDA - [ORG_1] / [ORG_2] (Security Review)

Hi [PERSON_1],

I received the signed Mutual NDA from your team, but our internal security and risk compliance group has flagged one minor edit in Section 4 regarding data retention after contract termination. 

I have attached a redlined version showing our proposed adjustment, which matches our standard compliance framework for third-party vendor management. Once your legal team approves this adjustment, our CISO, [PERSON_2], is prepared to countersign immediately so we can begin the vendor security assessment.

Let me know if we can align on this point.

Thank you,

[PERSON_3]
Information Security Associate
[ORG_1]",security
"Subject: Follow-up: [ORG_1] Onboarding Kickoff Call Notes & Action Items

Hi [PERSON_1],

Thank you for taking the time to join our onboarding kickoff call earlier today. It was great meeting the [ORG_1] team and aligning on our project goals. As promised, here is a summary of the action items and next steps we discussed:

- [ORG_1] Team: Provision sandbox access for [ORG_2] integration specialists by [DATE_1].
- [ORG_2] Team: Deliver the final data mapping template by [DATE_2].
- Both Teams: Confirm attendees for the Phase 1 review call.

I have also attached the kickoff deck and our mutually agreed-upon project roadmap for your reference. Our recurring weekly status calls will begin next Thursday at 11:00 AM EST. 

If you have any questions in the meantime, please don't hesitate to reach out.

Best,

[PERSON_2]
Implementation Consultant, [ORG_2]
[PHONE_1]",client
"Subject: Pre-standup caffeine run

Hey [PERSON_1] and [PERSON_2],

Anyone up for a quick walk downstairs to [ORG_1] Brews? I need to grab a macchiato before our standup at 10:00 AM.

Let's meet by the elevators on floor 4 in 5 minutes if you're free! 

Best,

[PERSON_3]",personal
"Subject: Calendar Update: Additional Company Holiday on [DATE_1]

Dear Employees,

In recognition of our team's outstanding efforts this quarter and to support your mental health and well-being, the executive leadership team, led by [PERSON_1], has decided to declare [DATE_1] as an additional paid company-wide holiday.

All corporate offices will be closed on this day, and employees are encouraged to completely disconnect from email and messaging platforms to rest and recharge.

Please note that customer support and critical infrastructure teams will have modified shift schedules to maintain essential services. Managers of those teams will reach out directly to coordinate coverage and discuss compensatory time off.

Thank you for your continued dedication and hard work at [ORG_1]!

Sincerely,

Executive Office
[ORG_1]",admin
"Subject: SOW & Kickoff Planning: [ORG_1] ERP Implementation

Dear [PERSON_1],

On behalf of [ORG_1], I am pleased to submit our formal Statement of Work (SOW) for the [ORG_2] ERP Implementation. Our team is excited about the opportunity to partner with you on this critical digital transformation.

The SOW details our implementation methodology, governance model, key milestone dates, and the pricing structure of [MONEY_1]. We have also attached the professional profiles of the key consultants we have proposed for your project team to ensure you have visibility into the expertise we are bringing.

Our target start date is [DATE_1]. To meet this timeline, we would appreciate receiving your feedback or a signed copy of the SOW by [DATE_2].

Should you have any questions, please do not hesitate to reach me directly at [PHONE_1].

Best regards,

[PERSON_2]
Executive Sponsor
[ORG_1]",vendor
"Subject: Office Closure Notice: Upcoming [DATE_1] Holiday Schedule

Dear Colleagues,

In observance of the upcoming national holiday, all [ORG_1] US offices will be closed on [DATE_2] and [DATE_3].

Please note that standard facilities services, including badge access support and mailroom deliveries, will be suspended during this time. If you require emergency access to the building during the closure, please contact Security at [PHONE_1] at least 24 hours in advance to arrange clearance.

We encourage everyone to use this time to unplug, rest, and spend time with family and friends. Make sure to set your Out of Office (OOO) auto-responders in Outlook before you head out.

Wishing you a wonderful and safe holiday!

Warmly,

[PERSON_1]
VP of Workplace & Facilities, [ORG_1]",admin
"Subject: Important: Updates to [ORG_1] Data Processing Addendum (DPA) and International Transfer Mechanisms

Dear Customer,

At [ORG_1], safeguarding your privacy and ensuring the security of your data is our top priority. We are writing to inform you of updates we have made to our Data Processing Addendum (DPA) to address recent regulatory changes concerning international data transfers.

Effective [DATE_1], we have integrated the new European Commission Standard Contractual Clauses (SCCs) directly into our standard DPA. This update ensures seamless and compliant data flows from the EU/EEA, UK, and Switzerland to our global processing facilities. Additionally, we have updated our Transfer Impact Assessment (TIA) to reflect our enhanced technical security measures, including zero-trust architecture and localized KMS.

No action is required on your part if you have already executed our electronic DPA. If you require a countersigned copy of the updated agreement, you can download it from our Trust Center or request a copy by emailing [EMAIL_1].

Thank you for your continued partnership.

Regards,

The [ORG_1] Trust & Security Team",security
"Subject: RFP / Inquiry: Global Seat Expansion and Multi-Region Enterprise Pricing

Dear [PERSON_1],

Following up on our QBR last week, [ORG_1] is preparing to standardize our global design workflows on your platform. This initiative will require expanding our current deployment by approximately 1,200 seats across our EMEA and APAC regional offices.

Given the scale of this expansion, we require a multi-region enterprise agreement with consolidated billing. Please provide your best volume pricing tier for a total deployment of 2,500 seats. We also need clarification on whether you can offer 24/7 localized support for our APAC teams under this pricing structure.

Please send over your preliminary proposal by [DATE_1] so we can present it to our executive steering committee.

Sincerely,

[PERSON_2]
VP of Global Infrastructure, [ORG_1]
[EMAIL_1]",client
"Subject: Draft Press Release: [ORG_1] and [ORG_2] API Integration Launch

Hi [PERSON_1],

I am thrilled to share that our PR team has finalized the draft press release for our upcoming API integration launch. 

We are aiming to distribute the release via wire services on [DATE_1]. Before we proceed, we would love to host a quick alignment sync to review the draft, secure your executive quote approval, and coordinate the social media amplification schedule.

Could we schedule a 15-minute call on [DATE_2] to lock this in? If you have already reviewed the draft I sent over Slack, feel free to send your edits directly via email if that is easier for your schedule.

Thank you for your continued partnership!

Best regards,

[PERSON_2]
Communications & PR Manager
[ORG_1]
[EMAIL_1]",vendor
"Subject: ACTION REQUIRED: Countersignature needed - Mutual NDA with [ORG_1]

Hi [PERSON_1],

Our procurement and legal teams have finalized negotiations on the Mutual NDA with [ORG_1] for the upcoming SOC 2 Type II audit tool evaluation. [PERSON_2], their VP of Information Security, has already executed their side of the agreement.

Could you please review and countersign the attached PDF? We need this completed by [DATE_1] to keep our scheduled proof-of-concept on track and allow their team to securely transfer their compliance documentation.

Thank you,

[PERSON_3]
IT Security Analyst
[ORG_2]",security
"Subject: Urgent Security Advisory: Increase in HR-themed Phishing Attacks

Team,

Over the past week, our Security Operations Center (SOC) has intercepted several sophisticated phishing emails targeting [ORG_1] employees. These emails are disguised as ""Q4 Bonus Structure Updates"" and ""Performance Review Feedback Forms.""

In light of this trend, we are launching an out-of-cycle security awareness micro-training today. Please check your inbox for an invitation from [ORG_2] Training with the subject line ""Recognizing HR and Payroll Scams."" 

Please complete this 10-minute module by [DATE_1]. 

Remember: HR will never ask you to verify your credentials via an external link. If in doubt, reach out directly to [PERSON_1] at [PHONE_1] or email [EMAIL_1] to verify the legitimacy of any internal communication.

Stay vigilant,

[PERSON_2]
IT Security Lead",security
"Subject: RE: SLA Breach Notice & Service Outage Credit Request - [ORG_1] / [ORG_2]

Hi [PERSON_1],

Thank you for reaching out, and please accept our sincere apologies for the disruption this outage caused to [ORG_1]'s operations on [DATE_1]. Our engineering team has completed their post-mortem analysis, and the root cause was identified as a database connection pool exhaustion during a scheduled migration.

I have reviewed your SLA credit request with our finance department. We have validated your calculation of the 4-hour downtime window. We will gladly apply a credit of [MONEY_1] to your account. This adjustment will be reflected on your next billing cycle, dated [DATE_2].

We value our partnership with [ORG_1] and are taking active measures, including upgrading our load balancer capacity, to ensure this does not happen again. Please let me know if you would like to schedule a quick call with our technical lead to discuss our remediation steps in more detail.

Sincerely,

[PERSON_2]
Enterprise Customer Success Manager, [ORG_2]",client
"Subject: Happy 5th Anniversary, [PERSON_1]! 🥳

Hi [PERSON_1],

Happy 5-year work anniversary! It feels like just yesterday we were onboarding together in the old office, but here we are five years later.

Thank you for being such an amazing teammate and for always being the go-to person when things get hectic. Your patience and humor make the tough weeks so much easier to handle. 

We've got a little something heading your way via mail, but in the meantime, please enjoy some well-deserved downtime today!

Warmly,

[PERSON_2]",personal
"Subject: Request for Seat Expansion & Updated Pricing - [ORG_1]

Hi [PERSON_1],

Hope you are having a great week.

We are currently scaling up our operations team ahead of our Q3 push, and we need to add approximately 150 additional seats to our [ORG_2] enterprise subscription. This will bring our total seat count to 450.

Given this significant expansion, could you please provide an updated pricing proposal? We’d like to understand if we qualify for a higher volume discount tier under our current master services agreement.

Let's schedule a brief 10-minute call this Thursday, [DATE_1], to discuss the pricing adjustment and ensure a smooth onboarding for our new team members.

Best regards,

[PERSON_2]
Director of Operations, [ORG_1]",client
"Subject: ACTION REQUIRED: Q3 [ORG_1] IAM Access Privilege Re-Certification

Hi Team,

As part of our ongoing SOC 2 Type II compliance and commitment to the principle of least privilege, we are launching the Q3 IAM Access Privilege Re-Certification cycle today, [DATE_1].

All people managers are required to review and certify the system access permissions for their direct reports. This quarterly review ensures that employees only have the access necessary to perform their current job functions.

What you need to do:
1. Log in to the [ORG_1] Identity Portal.
2. Review the list of active accounts, roles, and permissions (including AWS, GitHub, Salesforce, and Workday) for each of your team members.
3. Approve, modify, or revoke access as appropriate.

Please complete your reviews by [DATE_2]. Failure to certify by this date will result in automated suspension of unverified accounts to maintain our security posture.

Thank you for your cooperation,

[PERSON_1]
Director of Information Security
[ORG_1] Security & Compliance Team",security
"Subject: PR #519: Discussion on DB Schema design - JSONB vs Structured columns for analytics

Hi all,

Regarding [PERSON_1]'s PR #519 (Analytics Schema Refactor), I wanted to start a quick thread here about using a JSONB column for the tracking payload.

While JSONB gives us schema flexibility, it makes querying specific metrics like `conversion_rate` quite slow and difficult to index efficiently as the dataset grows. Since these analytics queries are executed on every dashboard load, I strongly recommend we promote the top 5 most queried fields to first-class columns in the PostgreSQL schema instead.

Let's discuss this during the standup tomorrow morning or directly in the PR comments so we don't delay the sprint goal.

Thanks,

[PERSON_2]",internal
"Subject: Re: [ORG_1] Renewal - Contract [PHONE_1]

Hi [PERSON_1],

I received the renewal proposal for [MONEY_1] that you sent over yesterday.

We definitely want to renew our access to the [ORG_1] platform, as our engineering team relies heavily on it. However, our CFO has mandated that all renewals over [MONEY_2] must be evaluated for multi-year cost efficiencies.

Can you provide an alternative quote for a 3-year agreement? Ideally, we are looking for a multi-year discount of at least 15% off the annual rate, or an even deeper discount if we prepay the 3 years upfront. 

Let me know if we can get this finalized by [DATE_1].

Best,

[PERSON_2]
[EMAIL_1] | [ORG_2]",client
"Subject: Quick Reminder: Sign [PERSON_1]'s Birthday Card! 🎉

Hey team,

Just a quick nudge that [PERSON_1]'s birthday is tomorrow, and we still have a few people who haven't had a chance to sign the virtual card yet.

Let's make sure they start their day with a lot of warm wishes from the [ORG_1] crew! It only takes two minutes to add a quick note or a funny meme.

You can access the Kudoboard here: https://www.kudoboard.com/boards/[PERSON_2]-birthday-wishes

Let's get this filled up before [DATE_1] morning! 

Best,

[PERSON_3]",personal
"Subject: VIP Concierge Service: Your Upcoming Laptop Upgrade & Return Plan

Dear [PERSON_1],

As a member of our executive team, you are scheduled for a premium hardware upgrade on [DATE_1]. To minimize any disruption to your schedule, the IT Executive Support Team will handle the entire transition for you.

Our technician, [PERSON_2], will deliver your pre-configured laptop directly to your office on [DATE_2]. They will assist with:
- Transferring local files and setting up your VPN/corporate profile.
- Re-connecting your peripheral devices (monitors, docks, printers).
- Physically packing and taking back your old laptop for immediate decommissioning.

The total cost of this white-glove upgrade service is [MONEY_1], which has been pre-approved and billed to the [ORG_1] corporate administration center.

Please let us know if the scheduled time works for you, or if we need to adjust the logistics.

Thank you,

Executive Support Team
[ORG_1] Global Operations",admin
"Subject: Draft Review: Joint Newsletter & API Integration Promotion

Hi [PERSON_1],

I hope you are doing well.

Our monthly developer newsletter is scheduled to go out on [DATE_1], and we are planning to feature the [ORG_1] API integration as our primary spotlight.

I have attached the draft copy and the banner graphics we plan to use. Could you please have your technical team review it to ensure we've described the API capabilities and endpoints accurately?

If you have 15 minutes to spare on [DATE_2] for a quick sync to review this and discuss cross-promotional opportunities on your end, that would be fantastic.

Thanks so much,

[PERSON_2]
Content Strategy & Partnerships, [ORG_1]
[EMAIL_1]",vendor
"Subject: Urgent Action Required: Milestone 3 (UAT Sign-off) - [ORG_1] Portal Deployment

Dear [PERSON_1],

I am writing to follow up on the User Acceptance Testing (UAT) phase of your onboarding process, which concluded on [DATE_1]. 

According to our agreed-upon implementation schedule, we require your formal sign-off on Milestone 3 (UAT Completion) before we can transition your environment into active production. Currently, we are pending your team's confirmation that all critical test cases have passed.

To ensure we do not delay your planned go-live date on [DATE_2] and remain compliant with the SLA terms, could you please review the UAT logs and provide your sign-off by [DATE_3]? If there are any remaining blockers or bugs that require attention, please let me know immediately so I can escalate them to our engineering team.

You can submit your sign-off by replying to this email or digitally signing the form via the client portal.

Thank you for your prompt attention to this matter.

Sincerely,

[PERSON_2]
Lead Deployment Specialist
[ORG_1]
[PHONE_1]",client
"Subject: Quote: [ORG_1] - Enterprise Renewal & License Expansion

Dear [PERSON_1],

I hope this email finds you well. 

Following up on our discussions regarding your upcoming renewal on [DATE_1], I am pleased to share the customized quote that incorporates both your renewal and the requested seat expansion from 800 to 1,500 users.

By bundling the seat expansion with your 2-year renewal commitment, we were able to secure an additional 15% discount across your entire license pool. This brings your effective rate down to [MONEY_1] per user/year (saving you over [MONEY_2] annually compared to standard tier-pricing).

Below is the summary of the terms:
- **Contract Term:** 24 Months (Effective [DATE_1])
- **Total Seat Count:** 1,500 Enterprise Seats
- **Annual Contract Value:** [MONEY_3] per year
- **Payment Terms:** Net 30

Please find the detailed PDF quote and contract addendum attached. If you would like to move forward, please let me know, and I will initiate the DocuSign process.

Warm regards,

[PERSON_2]
Director of Enterprise Sales
[ORG_1]
[EMAIL_1]",client
"Subject: Coffee run before standup?

Hey [PERSON_1],

I'm heading downstairs to the [ORG_1] Cafe in about five minutes to grab an iced latte before our 9:30 AM standup. 

Want to tag along and stretch your legs, or do you want me to grab you something while I'm down there? Let me know and I can place a mobile order!

Best,

[PERSON_2]",personal
"Subject: URGENT: High latency and 504 gateway timeouts on production API [/v1/checkout]

Hi [PERSON_1] and Support Team,

I am writing to escalate a critical technical issue that is currently impacting our production environment. Since approximately 09:00 AM EST on [DATE_1], our systems have been experiencing severe latency and persistent 504 gateway timeouts when calling your `/v1/checkout` endpoint.

This latency is directly impacting our customer checkout flow, leading to abandoned carts and lost revenue. As you know, [ORG_1] is currently on your Enterprise SLA tier, which guarantees 99.9% uptime and immediate escalation for P1 blockers. 

Could you please have your on-call engineering team investigate this immediately? I need an ETA on a fix as soon as possible. 

Best regards,

[PERSON_2]
VP of Engineering, [ORG_1]
[EMAIL_1]",client
"Subject: UAT Milestone Sign-off & Launch Readiness: [ORG_1]

Hi [PERSON_1],

Congratulations! We have officially completed the User Acceptance Testing (UAT) phase of your onboarding. Your team did a fantastic job executing the test cases, and we have successfully resolved all blocker and high-priority bugs identified during the process.

With UAT completed, we are now ready to sign off on this final onboarding milestone and prepare for the production launch on [DATE_1]. Please review the attached final sign-off sheet, sign, and return it at your earliest convenience.

We have scheduled our Go-Live readiness review for [DATE_2] at 1:00 PM EST to go over the cutover checklist and ensure a seamless transition for your active users.

Cheers,

[PERSON_2]
Customer Success Manager, [ORG_2]
[EMAIL_1]
[PHONE_1]",client
"Subject: Sprint Bug Triage: Backlog Clean-up and Prioritization for [DATE_1] Release

Hi Team,

As we approach our upcoming code freeze on [DATE_1], we need to conduct a thorough triage of our open bug backlog to ensure we are only focusing on release-blocking items.

Currently, we have 22 open bugs in the queue. Of these, 5 are automated test suite failures that have been marked as P1. I have outlined them below:
- **BUG-331**: Auth token renewal failing intermittently under high concurrency.
- **BUG-335**: Deep-linking from email notification fails on iOS devices.
- **BUG-340**: Analytics dashboard charts rendering blank on Safari browser.
- **BUG-342**: Export to PDF failing with timeout on large datasets.
- **BUG-349**: Empty state illustration broken on mobile viewports.

We will have a 30-minute triage meeting today at 2:00 PM EST to decide which of these can be deferred to the next sprint. Please review the Jira tickets beforehand so we can make quick decisions.

See you there,

[PERSON_1]
Product Owner, [ORG_1]",internal
"Subject: RE: Hotel Reservation Update - [PERSON_1] - [ORG_1] Offsite

Hi [PERSON_1],

As requested, I have successfully adjusted your check-out date at the [ORG_2] Hotel. Your reservation has been shortened by one night due to the schedule change for the [ORG_1] leadership offsite.

Updated Booking Details:
- Hotel: [ORG_2] Downtown Chicago
- Check-in: [DATE_1]
- Check-out: [DATE_2] (Updated from [DATE_3])
- Room Type: Standard King

Your updated reservation confirmation number remains the same: 902183

The revised estimated total for your stay is now [MONEY_1], which will be charged to the executive travel card on file. Let me know if you need me to adjust your return flight itinerary as well.

Best regards,

[PERSON_2]
Office Manager | [ORG_1]",admin
"Subject: Collaboration Opportunity: [ORG_1] Developer Newsletter & Integration Feature

Hi [PERSON_1],

As part of our ongoing technology partnership, we are planning our upcoming [DATE_1] developer newsletter, which goes out to over 50,000 active API consumers. We would love to feature the newly released [ORG_2] integration as our primary spotlight article.

To make this feature as impactful as possible, we would love to include:
- A brief quote from your VP of Product regarding the value of this API integration
- A high-resolution graphic or screenshot of the dashboard interface
- A link to your technical documentation

Could we schedule a brief 15-minute alignment sync early next week to discuss the copy? I will send over a rough draft of the feature by tomorrow afternoon for your team to review in advance.

Thanks so much,

[PERSON_2]
Senior Communications Manager
[ORG_1]
[EMAIL_1]",vendor
"Subject: MNDA Countersignature Request - [ORG_1] Partner Integration Project

Hi [PERSON_1],

We are excited about the upcoming API integration partnership between [ORG_1] and [ORG_2]. To kick off the technical discovery sessions next week, we need to finalize our Mutual NDA.

I’ve attached the draft that includes the minor revisions we discussed yesterday regarding the definition of Confidential Information. If these look acceptable to you, please sign and return the document, or let me know who on your team has the authority to sign so I can initiate a DocuSign workflow.

Once executed, our engineering lead, [PERSON_2], will share the API documentation and secure staging credentials.

Regards,

[PERSON_3]
Director of Business Development, [ORG_1]",security
"Subject: For Review: SOW from [ORG_1] (Data Governance Consulting)

Hi [PERSON_1],

I have received the draft Statement of Work (SOW) from [ORG_1] for our upcoming enterprise data governance project.

They have quoted [MONEY_2] for a 3-month engagement, which is well within our projected budget of [MONEY_1] for this quarter. The proposed start date is [DATE_1].

Before I send this to the legal and procurement teams for final vetting, could you please review the deliverables listed on page 4 to ensure they align with your team's expectations?

Please let me know your thoughts by [DATE_2] so we do not delay the project kickoff.

Thanks,

[PERSON_2]
Director of IT Operations, [ORG_3]",vendor
"Subject: Regional Office Closure Notice: [DATE_1] Bank Holiday (UK Office)

Hi everyone,

This is a quick reminder for our global teams that the [ORG_1] London office will be closed on [DATE_1] in observance of the Spring Bank Holiday.

While our UK-based team members will be offline, our offices in the US and APAC regions will remain open and operate on normal business hours. 

For any cross-regional projects, please plan your deliverables and communications with your UK counterparts accordingly to avoid any project delays. Urgent support queries can be routed to the global queue at [EMAIL_1].

Thank you,

[PERSON_1]
Global Operations Coordinator",admin
"Subject: QBR & Growth Alignment: [ORG_1] / [ORG_2]

Hi [PERSON_1],

It was great speaking with you and the [ORG_1] team during our Quarterly Business Review yesterday. As promised, I wanted to follow up regarding your projected hiring plan for Q3 and Q4.

Based on your forecast of adding 400 new employees across your European offices, you will quickly exceed your current 1,000-seat limit. I highly recommend that we transition your account to our ""Enterprise Unlimited"" tier. 

By converting now, you will avoid the administrative hassle of monthly true-ups, and we can offer a flat corporate rate of [MONEY_1] annually, which represents a 15% savings compared to buying individual seat packs incrementally. I've attached the transition breakdown and ROI analysis for your review.

Let me know your thoughts, and we can schedule a time to walk through the contract amendment.

Best,

[PERSON_2]
Customer Success Director
[ORG_2]
[EMAIL_1]",client
"Subject: [Draft] Q4 Product Roadmap & Feature Priorities

Hi team,

As we approach the end of Q3, I want to share the draft for our Q4 roadmap priorities. Our core focus for the upcoming quarter will be on enterprise scalability and finalizing the migration of our legacy systems.

Here are the top three feature priorities for Q4:
- Phase 2 of the API Gateway Overhaul (Target launch: [DATE_1])
- Enterprise RBAC (Role-Based Access Control) settings panel
- Real-time notification engine for mobile endpoints

I have scheduled a walk-through session for [DATE_2] at 10:00 AM to align on engineering estimates and resolve any initial architectural blockers. Please review the attached epic specs before the meeting.

Best,

[PERSON_1]
Senior Product Manager, [ORG_1]",internal
"Subject: Monthly Security Metrics: Phishing Simulation & Training Completion Rates

Hi Managers,

I am writing to share the performance metrics for the [DATE_1] Phishing Simulation and our ongoing security training campaigns. Please review your department's current standing below.

This month, the simulated attack focused on a spoofed ""HR Policy Update"" notification.

Overall Performance:
- Total Click Rate: 7.5% (down from 9.2% last month)
- Total Reporting Rate: 74% (up from 68% last month)
- Security Training Completion: 83% across all departments

While we are seeing positive trends, several departments still have outstanding mandatory training assignments. Please check your manager dashboard on [ORG_1] Security Hub to see which members of your team have pending requirements and encourage them to complete their modules prior to [DATE_2].

If you need a detailed report of your specific department's compliance metrics, please contact [PERSON_1] at [EMAIL_1].

Thank you for your leadership in keeping [ORG_2] secure.

Best,

[PERSON_2]
Security Awareness Program Manager, [ORG_2]",security
"Subject: Coffee downstairs?

Hey [PERSON_1],

Do you want to run downstairs real quick? I need to grab a cold brew before the standup starts. I'll be by your desk in 5 minutes if you're up for it.

My treat today since you helped me debug that [ORG_1] API issue yesterday!

Talk soon,

[PERSON_2]",personal
"Subject: Quick caffeine run before standup?

Morning [PERSON_1],

How's it going? I survived yesterday's marathon sprint planning, but barely. Definitely need some liquid courage before we face [PERSON_2]'s team for the daily standup at 10:00 AM.

I’m heading downstairs to the [ORG_1] Coffee counter in 5 minutes. Want to tag along and decompress for a second?

Let me know, otherwise see you in the meeting room!

Cheers,

[PERSON_3]",personal
"Subject: Draft Q4 Product Roadmap - Request for Engineering & Design Review

Hi [PERSON_1] and [PERSON_2],

I hope you're both having a great week. I have put together the first draft of the Q4 feature roadmap for our Growth Initiatives, and I'd love to get your eyes on it before we present to leadership on [DATE_1].

Specifically, I want to ensure that:
- The proposed design timeline for the onboarding redesign (Target: [DATE_2]) aligns with the design system team's capacity.
- The engineering estimation for the referral program engine is realistic given our current tech debt constraints.

Let's grab 30 minutes tomorrow to walk through the slide deck. You can access the draft deck in our shared team folder.

Best regards,

[PERSON_3]
Senior Product Manager",internal
"Subject: RESCHEDULED: Q3 Town Hall New Date & Dial-In Information

Hello Team,

Please note that due to a scheduling conflict, the Q3 Town Hall has been rescheduled to [DATE_1] at 1:00 PM EST. We apologize for any inconvenience this may cause and appreciate your flexibility.

[PERSON_1] and the leadership team will present updates on our quarterly progress, as well as a preliminary outlook on our strategic partnership with [ORG_2].

Updated Agenda:
1. Open Remarks & Executive Update
2. Partnership Details ([ORG_2] Agreement)
3. Department Highlights
4. Q&A

New Connection Details:
- Video Stream: https://vimeo.com/event/[ORG_1]townhall
- Dial-in (Toll-Free): [PHONE_1]
- Passcode: 771029

If you had previously submitted questions, they have been saved and will be addressed during the Q&A segment.

Thank you,

Corporate Administration
[ORG_1]",admin
"Subject: RE: Updating our [ORG_1] Integration Directory Listing & Co-Marketing

Hi [PERSON_1],

Following up on our API integration launch last month, we’ve noticed a steady increase in API calls originating from our shared customers. To capitalize on this momentum, we'd love to optimize our co-marketing efforts.

Specifically, we want to update our listing on the [ORG_2] Partner Directory. We’ve drafted some updated copy and created a few new architecture diagrams highlighting the seamless data flow. 

Are you available for a brief sync this Thursday, [DATE_1] at 2:00 PM EST to review these updates and discuss a targeted email campaign to our mutual enterprise users?

Thanks,

[PERSON_2]
Director of Technology Alliances, [ORG_1]
[PHONE_1]",vendor
"Subject: Action Required: DPA Compliance Review for [ORG_1] Transition to EU Servers

Hi [PERSON_1],

As part of our ongoing vendor risk management review, we need to update our Data Processing Addendum (DPA) with [ORG_1]. They recently notified us that a portion of our customer support data processing is being relocated to their secondary data center in [ORG_2], which constitutes an international transfer under GDPR.

Please review the attached updated DPA, specifically Appendix 2 regarding the Standard Contractual Clauses (SCCs) and supplementary technical measures. We need to ensure that their encryption keys are managed in a way that aligns with our internal security policies.

Can you provide your feedback by [DATE_1]? Let me know if you need to hop on a quick call to discuss the transfer impact assessment (TIA) they provided.

Best regards,

[PERSON_2]
Information Security & Compliance Lead
[ORG_3]",security
"Subject: Partner QBR & Q4 Co-Marketing GTM Alignment - [ORG_1] & [ORG_2]

Hello [PERSON_1],

It is hard to believe we are already planning for Q4. As part of our ongoing API partnership, I would love to schedule our quarterly partner sync to review integration adoption metrics and align on our upcoming GTM plans.

Over the past quarter, we saw a 35% increase in API calls routing through the [ORG_2] integration, proving there is strong customer demand. To capitalize on this momentum, we would like to pitch a co-funded email campaign targeting our shared enterprise accounts.

Please let me know if you are available for a 30-minute sync on [DATE_1] or [DATE_2]. I will send over an agenda and our current performance deck beforehand.

Best,

[PERSON_2]
VP of Business Development, [ORG_1]",vendor
"Subject: Completed: Signer countersigned Mutual NDA - [ORG_1] and [ORG_2]

Hello [PERSON_1],

This is an automated notification to confirm that [PERSON_2] has countersigned the Mutual Non-Disclosure Agreement on behalf of [ORG_1] as of [DATE_1].

A fully executed copy of the document has been attached to this email for your records and has also been securely archived in our compliance repository.

With this agreement finalized, we can now proceed with sharing the penetration test reports and SOC 2 bridges. If you have any outstanding compliance questions regarding the terms, please reach out to our legal team at [EMAIL_1].

Thank you,

Legal & Compliance Team
[ORG_2]",security
"Subject: Hotel Folio Receipt: [ORG_1] Offsite - [DATE_1]

Hi [PERSON_1],

Thank you for choosing the [ORG_1] Hotel for your stay during the [ORG_2] Annual Offsite. Please find attached your itemized folio receipt for your stay from [DATE_1] to [DATE_2].

Summary of Charges:
- Room Rate: [MONEY_1] per night
- Taxes & Fees: [MONEY_2]
- Total Charged: [MONEY_3]

This amount has been charged to the corporate card on file ending in 4829. If you need any corrections to this receipt for your expense reporting, please contact our front desk at [PHONE_1] or reply directly to this email at [EMAIL_1].

Best regards,
Guest Services
[ORG_1] Hotel & Resorts",admin
"Subject: Q3 Phishing Simulation Results & Key Takeaways

Hello Team,

We have finalized the results for our Q3 [DATE_1] phishing simulation. This quarter, we tested our defenses against a ""Delayed Delivery/IT Update"" pretext, which is currently one of the most common vectors used by real-world threat actors.

Overall, our company-wide click rate dropped to 3.2% (down from 4.8% in Q2), and reporting rates increased to 78%. Kudos to the Marketing and Finance teams for achieving a 0% click rate this round! 

However, we still have room for improvement. If you see an email that looks suspicious or unexpected, please do not click any links or download attachments. Always use the ""Report Phishing"" button in Outlook or forward it to [EMAIL_1].

Let's keep our guard up!

Best,

Security Operations Team
[ORG_1]",security
"Subject: Proactive SLA Credit Notification - [ORG_1] Service Interruption

Dear [PERSON_1],

As part of our commitment to transparency and operational excellence at [ORG_1], we are reaching out to proactively notify you of an SLA breach that occurred on [DATE_1].

Our system health reports show that the data synchronization pipeline for your account was delayed by 8 hours, violating our 99.9% uptime SLA for that specific service. We understand how critical this data is to your daily operations at [ORG_2], and we deeply regret this failure.

In accordance with our Service Level Agreement, we have automatically calculated a service credit of [MONEY_1] (representing 15% of your monthly platform fee). This credit has been approved and will be automatically applied to invoice #[PHONE_1] next month.

Our technical post-mortem is attached to this email for your review. If you have any questions or require further clarification on the preventative measures we have implemented, please don't hesitate to contact me at [EMAIL_1].

Best,

[PERSON_2]
VP of Customer Success, [ORG_1]",client
"Subject: Action Required: Hardware Swap Appointment at the Tech Hub - [DATE_1]

Hi [PERSON_1],

Your request for a laptop replacement has been approved by your manager. Your new device is ready for pickup at the Tech Hub on the 4th floor of the [ORG_1] headquarters.

Your appointment is scheduled for [DATE_1] at 10:00 AM.

Please bring your current laptop and charger to this appointment. Our technicians will assist you with the final data migration and immediately ingest your old asset into our recycling and decommission inventory.

If you cannot make this time, please reschedule through the IT service portal or email [EMAIL_1] to arrange a direct desk delivery.

Thank you,

IT Support Desk
[ORG_1] Enterprise Services",admin
"Subject: Confirmed: Group Room Block & Catering - [ORG_1] Leadership Offsite

Hi [PERSON_1],

This is to confirm that the group hotel booking for the [ORG_1] Leadership Offsite has been finalized with [ORG_2] Suites. We have successfully blocked 15 rooms for our team members from [DATE_1] to [DATE_2].

Booking Reference: #983021
Total Estimated Cost: [MONEY_1]

All individual room taxes and fees will be billed directly to the master corporate card. A copy of the master folio will be sent to [EMAIL_1] upon checkout. Please review the attached rooming list to ensure all attendee names are spelled correctly.

Thank you,
[PERSON_2]
Office Manager | [ORG_1]",admin
"Subject: Post-Mortem: Staging Outage on [DATE_1] - [DATE_2]

Hi everyone,

Following up on the staging outage we experienced earlier this week between [DATE_1] and [DATE_2] (totaling 14 hours of downtime).

I have scheduled a post-mortem review for this coming Thursday at 2 PM EST. Ahead of the meeting, please review the incident document here on our [ORG_1] Confluence workspace. 

[PERSON_1], since you spearheaded the DB failover recovery, could you please add the timeline details to section 3? Let's use this time to focus on how we can prevent the Redis cache sync failure from cascading in the future.

See you all there.

Best,
[PERSON_2]",internal
"Subject: Bug Report: Recurring 502/504 Timeout Errors on API v3

Hello,

We are submitting a high-severity bug report regarding your v3 API. Starting around 09:00 AM EST on [DATE_1], we began seeing a surge in HTTP 502 Bad Gateway and 504 Gateway Timeout errors. 

This occurs primarily during bulk GET requests to `/v3/inventory`. Attached is a CSV export of the affected requests, showing response times exceeding 15,000ms before failing. This is currently blocking our warehouse sync operations, meaning we cannot fulfill customer orders.

Please escalate this to your Tier 3 support team immediately and provide an ETA for a fix. You can reach our on-call engineer at [EMAIL_1] or [PHONE_1] if you need more environment details.

Thank you,

[PERSON_1]
DevOps Engineer, [ORG_1]",client
"Subject: IT Asset Return Confirmation: [ORG_1] Ticket #[PHONE_1] Closed

Dear [PERSON_1],

This email is to confirm that the IT Asset Management team has successfully received and logged your returned corporate laptop (Asset Tag: [ORG_1]-8839) on [DATE_1].

Our hardware logistics team has verified the device, and it has been officially marked as ""Returned & Decommissioned"" in our inventory management system. The hard drive will now undergo certified secure data destruction in compliance with [ORG_2] information security standards.

No further action is required on your part. Your IT ticket #[PHONE_1] has been successfully resolved and closed.

Thank you for your cooperation in keeping our corporate asset register accurate.

Sincerely,

[PERSON_2]
IT Hardware Lifecycle Coordinator",admin
"Subject: New Security Awareness Training Module: Remote Work Best Practices

Hello [ORG_1] Team,

As part of our commitment to maintaining the highest security standards, we are launching a new mandatory training module today: 'Securing Your Remote Work Environment'.

With a significant portion of our workforce operating remotely or in a hybrid capacity, understanding how to secure home Wi-Fi networks, handle physical documents, and prevent visual hacking is more important than ever.

Details:
- Target Audience: All active employees and contractors
- Duration: 12 minutes
- Completion Deadline: [DATE_1]
- Portal Link: [EMAIL_1] (SSO enabled)

Thank you for your active participation in our security programs. Your vigilance is our strongest line of defense.

Best regards,

[PERSON_1]
Chief Information Security Officer
[ORG_1] Global Security",security
"Subject: Farewell lunch for [PERSON_1] next Friday!

Hey team,

As most of you know, [PERSON_1]'s last day with [ORG_1] is coming up at the end of next week. We definitely can't let them leave without a proper send-off!

I'm planning a team lunch for next Friday, [DATE_1], around 12:00 PM. I was thinking we could head over to [ORG_2] or maybe that new Italian place down the street.

Let me know if you can make it and if you have any strong preferences or dietary restrictions by Wednesday. I'll get a table booked!

Best,

[PERSON_2]",personal
"Subject: URGENT: Emergency HVAC Repair - 2nd Floor Closure Today [DATE_1]

Dear [ORG_1] Employees,

Due to an unexpected failure in the primary HVAC compressor servicing the south wing, we must close the 2nd floor immediately today, [DATE_1], to allow emergency repair crews to safely resolve the issue.

If you are currently working on the 2nd floor, please pack up your belongings and transition to working from home for the remainder of the day, or relocate to the open hot desks on the 5th floor. We expect the repairs to be completed by this evening, and the floor should reopen for regular use tomorrow morning, [DATE_2].

We apologize for this sudden disruption. We are working closely with our external contractor, [ORG_2], to expedite the repairs, which are estimated to cost [MONEY_1] to fully resolve.

Thank you for your immediate cooperation.

Best,
Facilities Operations Office
[PHONE_1]",admin
"Subject: ACTION REQUIRED: Q2 IAM Access Review and Re-certification Cycle

Dear Managers,

Today marks the official start of our Q2 Identity and Access Management (IAM) privilege review and re-certification cycle. As part of our ongoing SOC 2 Type II compliance and ISO 27001 certification requirements, all managers must review and formally re-certify the access permissions for their direct reports.

Please log in to the [ORG_1] Identity Portal at your earliest convenience to complete this task. You will see a list of your team members and their current access rights across our core environments, including AWS, GitHub, Salesforce, and internal databases. You must either ""Approve"" or ""Revoke"" access for each system listed.

The deadline for completing this review is [DATE_1]. Failure to complete the re-certification by this date will result in the automated temporary suspension of unverified accounts to maintain our security posture.

If you have any questions or require assistance, please reach out to [PERSON_1] at [EMAIL_1] or ping the #iam-compliance channel on Slack.

Best regards,

[PERSON_2]
Director of Information Security
[ORG_1]",security
"Subject: FAILED: Staging Smoke Tests - Release [DATE_1]

Hi team,

The automated smoke tests failed immediately following the deployment of release candidate [DATE_1] to the Staging environment. 

**Failure Details:**
- **Test Case:** `verify_user_can_add_to_cart`
- **Error:** `500 Internal Server Error` on POST `/api/v1/cart`
- **Trace:** Database connection pool exhausted.

We have automatically rolled back Staging to the previous build ([DATE_2]) to keep the environment stable for the manual QA team. 

[PERSON_1] and [PERSON_2], please sync immediately to investigate the connection pool sizing changes introduced in the latest database migration script. We need a hotfix ready by 2:00 PM.

Thanks,
[PERSON_3]
Release Manager, [ORG_1]",internal
"Subject: CI Blocker: Flaky UI Automation Tests in `billing-portal` repo

Team,

We are seeing a massive spike in CI build failures on the master branch due to a flaky test in the UI automation suite: `billing-portal/checkout_flow_spec.js`.

It seems like there is a race condition with the Stripe mock API response timing. To prevent blocking the release pipeline for the upcoming [DATE_1] deployment, I am temporarily disabling this test via a quick PR. 

[PERSON_1], can you please assign someone from the Billing squad to investigate and re-enable this test permanently? Tracked under ticket [ORG_1]-983.

Thanks,
[PERSON_2]
DevOps & Release Engineering",internal
"Subject: Review Comments: Hibernate entity mappings for InventoryItem (PR #554)

Hello [PERSON_1],

I'm looking at your JPA/Hibernate mapping changes for the `InventoryItem` entity. 

You have set `CascadeType.ALL` on the `@OneToMany` relationship with `InventoryLog`. This is highly risky. If an administrator deletes an `InventoryItem` record, it will automatically cascade and delete all associated historical logs. For compliance reasons, we must keep those logs forever.

Please change the cascade type to `CascadeType.PERSIST` and `CascadeType.MERGE` only. We should never allow a hard delete of `InventoryLog` records through ORM cascades.

Once that's updated, I'll be happy to approve the PR.

Thanks,
[PERSON_2]
Tech Lead, Platform Team",internal
"Subject: Rescheduling our 1:1 this week? / Agenda prep

Hey [PERSON_1],

I have a conflict during our usual 1:1 slot on [DATE_1] due to the critical [ORG_1] production hotfix deployment. Can we push our chat to later in the afternoon, say [DATE_2] at 3:00 PM?

If that works, I'd love to cover a few things on our agenda this week:
- Reviewing your feedback on the updated API design specs.
- Discussing your career goals and training budget allocation for next quarter.
- Quick check-in on the sprint velocity blocker we ran into yesterday.

Let me know if that time slot works for you, or feel free to suggest another time.

Best,
[PERSON_2]",internal
"Subject: SOC 2 Evidence Request: Change Management & Jira Tickets (CC8.1)

Hi [PERSON_1],

As part of our SOC 2 Type II audit evidence collection, I need your help pulling the sample population for our change management controls (CC8.1).

The auditors have selected a random sample of 15 production deployments that occurred between [DATE_1] and [DATE_2]. For each of the Jira ticket IDs listed in the attached spreadsheet, we need to provide:

* The pull request approval history showing peer review
* Successful CI/CD pipeline build and test logs
* Evidence of QA testing sign-off prior to production release

Please upload these artifacts directly to the [ORG_1] compliance repository under folder 'CC8.1_Change_Samples' by end of week. Let me know if you run into any permission issues.

Best,

[PERSON_2]
IT Compliance Analyst
[ORG_1]",security
"Subject: Coffee?

Hey team,

I'm going to run downstairs to [ORG_1] to grab a coffee before our standup starts. I'll be leaving my desk in about ten minutes.

Let me know if anyone wants to join the walk or needs a quick pick-me-up brought back up.

Best,
[PERSON_1]",personal
"Subject: Security Advisory: Critical Vulnerability (CVE-2023-XXXX) in OpenSSL Library

Dear Engineering Leads,

A critical vulnerability has been disclosed in the OpenSSL library used across several of our backend microservices. If left unpatched, this flaw allows unauthorized attackers to trigger a buffer overflow, potentially leading to full host compromise.

Action Required:
1. Identify all services in your domain utilizing OpenSSL versions prior to v3.0.7.
2. Rebuild and redeploy these container images using the updated base images available in our private registry as of this morning.
3. Verify deployment success in staging and promote to production no later than [DATE_1].

We have scheduled an emergency review sync today at 2:00 PM EST to address any deployment blockers. You can join via the standard bridge or contact [PERSON_1] at [EMAIL_1] if you require immediate architectural support.

Failure to remediate by the [DATE_1] deadline will result in automated quarantine of the affected services from the production network.

Regards,

[PERSON_2]
Lead DevSecOps Engineer
[ORG_1] Trust & Safety",security
"Subject: SLA Warning: Persistent API Latency and Gateway Timeouts - [ORG_1]

Dear Support Team,

We are reaching out regarding our open support ticket, which was initiated on [DATE_1]. Despite assurances from your team yesterday that the issue had been mitigated, our monitoring systems are still registering average response times of over 8,000ms on the `/analytics/query` endpoint, resulting in frequent connection timeouts.

Under our Enterprise SLA agreement with [ORG_2], we require a guaranteed response time under 500ms for all tier-1 services. These persistent timeouts are putting us in breach of our own customer SLAs, putting our upcoming [MONEY_1] renewal contract at serious risk. 

We need a senior infrastructure engineer assigned to this immediately to investigate database locking or resource exhaustion on your end. Please provide an update within the next two hours.

Regards,

[PERSON_1]
Technical Account Lead, [ORG_1]",client
"Subject: Guide: Syncing the [DATE_1] Holiday Calendar to Outlook

Hi Team,

To help you keep track of company-wide holidays and regional office closures, the [ORG_1] Admin team has updated the shared Outlook Holiday Calendar for the [DATE_1] fiscal year.

You can automatically sync these dates to your personal calendar by following these quick steps:

1. Open Outlook and navigate to your Calendar view.
2. Click on ""Add Calendar"" from the top ribbon and select ""From Directory"".
3. Search for ""[EMAIL_1]"" and click Add.

Additionally, please remember that under our updated policy, full-time employees are allocated two floating holidays for [DATE_1]. These must be requested through the [ORG_2] HR portal and approved by your direct manager prior to taking the time off.

If you have any difficulty adding the calendar, please reach out to [PERSON_1] at [EMAIL_2].

Best regards,

Office Administration Team",admin
"Subject: [ORG_1] Renewal Notice: Contract [DATE_1] & License Term Updates

Hi [PERSON_1],

It’s that time of year again! The annual subscription for [ORG_2]'s deployment of [ORG_1] Collaboration Hub is due for renewal on [DATE_1].

We wanted to highlight a few adjustments to our subscription terms for the upcoming year. We have modernized our Service Level Agreement (SLA) to guarantee 99.99% uptime and streamlined our liability terms to match standard enterprise frameworks. Your renewal rate for the next term is locked in at [MONEY_1] for up to 500 active users.

Please reply to this email to confirm your renewal under the updated terms, or let us know if you need us to submit this invoice directly to your accounts payable department at [EMAIL_1].

Best regards,

[PERSON_2]
Success Manager, [ORG_1]
[PHONE_1]",vendor
"Subject: iOS Automation Pipeline Failed - Xcode 15 migration issue

Hi Mobile Team,

The iOS UI automation pipeline failed on the master branch early this morning. The Appium execution logs indicate that the build agents are failing to boot the simulator because of a path resolution mismatch since the Xcode 15 upgrade on our [ORG_1] Jenkins agents.

Error code: `Simulator boot timed out: [PHONE_1]` (likely a virtual device ID mismatch).

[PERSON_1] is currently looking into updating the fastlane configuration to specify the correct runtime path. Please avoid merging any PRs to the iOS codebase until we get the runner stabilized.

Best,
[PERSON_2]
DevOps & Infrastructure",internal
"Subject: CONFIRMATION: IT Asset Return Received and Processed - Asset ID #[ORG_1]-9928

Hello [PERSON_1],

This email confirms that the [ORG_1] IT Asset Management team has successfully received your returned laptop (Asset ID: #[ORG_1]-9928) on [DATE_1].

Our technical depot has verified the serial number, performed a secure data sanitization wipe compliant with corporate policy, and formally marked the asset as ""Returned & Decommissioned"" in our global inventory database.

No further action is required on your part. Your profile has been updated to reflect that your only active primary device is your new laptop.

If you believe you received this message in error or have questions about other peripheral returns, please contact [EMAIL_1] or call [PHONE_1].

Thank you for your cooperation in maintaining our hardware lifecycle compliance.

Best regards,

[PERSON_2]
Global IT Asset Recovery
[ORG_1]",admin
"Subject: Joint Integration Launch & Co-Marketing Sync: [ORG_1] + [ORG_2]

Hi [PERSON_1],

I hope you are having a great week. Now that our engineering teams have finalized the beta testing for the [ORG_1] to [ORG_2] API connector, we are ready to start planning our joint go-to-market and co-marketing launch strategy.

Our marketing team is eager to collaborate with yours on a joint press release, a co-branded landing page, and a promotional email campaign to our mutual customer base. We are targeting a public launch date of [DATE_1].

Could we schedule a brief 30-minute sync early next week to align on the timeline, deliverables, and asset sharing? Please let me know your availability, or feel free to book a slot directly on my calendar here: [EMAIL_1].

Best regards,

[PERSON_2]
Head of Technology Alliances
[ORG_1]
[PHONE_1]",vendor
"Subject: Shhh... Secret Birthday Card for [PERSON_1]!

Hi all,

[PERSON_1]'s birthday is next week on [DATE_1]. As one of our longest-standing team members here at [ORG_1], we want to make this one extra special!

Please take a moment to sign this virtual card and upload any fun team photos you might have: [URL_1]

Please don't mention this to [PERSON_1] yet—we want it to be a surprise on Monday morning when they log in.",personal
"Subject: Final Notice: Past Due Security Awareness Training - [PERSON_1]

Dear [PERSON_1],

Our records indicate that you have not completed the mandatory Annual Security Awareness Training, which was due on [DATE_1].

As a reminder, this training is a strict compliance requirement for [ORG_1]'s regulatory and audit frameworks. Continued non-compliance puts our certifications at risk.

Please complete the training immediately. If you do not complete the course by [DATE_2] at 5:00 PM EST, your corporate network credentials will be temporarily suspended, and your manager, [PERSON_2], will be notified.

Access the training portal here: https://training.[ORG_2].com/dashboard

If you believe you have received this email in error, please contact the Help Desk at [PHONE_1] or email [EMAIL_1].

Sincerely,

[ORG_1] Compliance & Security Team",security
"Subject: Partner Newsletter Feature Spotlight: [ORG_1] + [ORG_2] Integration

Hi [PERSON_1],

I hope your week is off to a great start.

In our upcoming monthly developer newsletter, scheduled for [DATE_1], we are planning to feature a 'Partner Spotlight' section. Given the recent updates to the [ORG_2] API connector, we would love to highlight our integration to our database of over 50,000 developers and IT decision-makers.

To make this happen, we need a high-res logo, a 150-word description of the integration benefits, and a call-to-action link.

Can we hop on a quick 10-minute sync this Wednesday to coordinate the assets? Alternatively, you can send them directly to me at [EMAIL_1] by [DATE_2].

Looking forward to continuing our successful partnership.

Warm regards,

[PERSON_2]
Head of Global Technology Partnerships, [ORG_1]",vendor
"Subject: Bug Triage Notes: Sprint 14 Regression & QA Blocker Triage

Hi everyone,

We met this morning to triage the incoming bugs discovered during the [DATE_1] automated smoke test runs. Here are the notes and action items for the team:

1. BUG-409: Checkout page freezing on iOS 17 devices. 
   - Status: Blocker
   - Assignee: [PERSON_1]
   - Notes: Found via Appium suite. Seems related to the legacy javascript SDK loading after the main bundle.

2. BUG-412: Database deadlock during concurrent API calls on the payment endpoint.
   - Status: High
   - Assignee: [PERSON_2]
   - Notes: Triggered by the automated load test script `load_payment_v1.py` at 500 concurrent requests.

3. BUG-415: CSS alignment issue on checkout button in dark mode.
   - Status: Low
   - Assignee: [PERSON_3]
   - Notes: Visual regression test caught this. Not a blocker for release.

Let's aim to have fixes for the blockers merged by 4:00 PM today so QA can kick off another validation cycle overnight. If you need assistance replicating any of these, please reach out to [PERSON_4] from the QA team.

Thanks,

[PERSON_4]
QA Manager",internal
"Subject: Co-branded Landing Page & API Docs Alignment: [ORG_1] & [ORG_2]

Hi [PERSON_1],

As we finalize the commercial rollout of our joint API integration, our creative team has put together a draft for our co-branded partner landing page. We want to ensure we are adhering to [ORG_2]'s brand guidelines and accurately representing the capabilities of your webhooks.

Additionally, we need to align on where we will host the developer documentation. We propose hosting the primary API reference guide on our developer portal while linking back to your authentication docs.

Are you or someone from your partner marketing team free for a sync tomorrow at [DATE_1] to review these assets? 

Sincerely,

[PERSON_2]
Director of Product Partnerships
[ORG_1]",vendor
"Subject: Flight Confirmation - [ORG_1] Leadership Offsite - [PERSON_1]

Hi [PERSON_1],

Your travel arrangements for the upcoming [ORG_1] Leadership Offsite in Chicago have been finalized. Please find your flight itinerary below.

Booking Reference: QX8Y2D
Passenger: [PERSON_1]
Departure: [DATE_1] - Flight [ORG_2] 1422 from SFO to ORD. Departs: 8:30 AM, Arrives: 2:45 PM.
Return: [DATE_2] - Flight [ORG_2] 809 from ORD to SFO. Departs: 4:15 PM, Arrives: 6:50 PM.

Your seat assignments have been pre-selected (12D for departure, 14C for return). If you need to make any changes or have questions about baggage policies, please contact our travel desk at [PHONE_1] or email [EMAIL_1].

Best regards,

Travel & Logistics Team
[ORG_1]",admin
"Subject: UPDATE: HVAC Maintenance Completed - Floors 2 & 3 Reopened

Hi Team,

We are pleased to inform you that the planned HVAC maintenance and air quality testing on the 2nd and 3rd floors has been completed ahead of schedule.

Both floors have been thoroughly inspected, cleared by our health and safety team, and are now fully reopened for normal operations. Badge access has been restored, and the temperature is currently regulated at standard operating levels.

We would like to thank everyone for their flexibility and cooperation during this closure.

If you notice any localized heating or cooling issues at your desk, please report them directly to the facilities ticketing system or contact [PERSON_1] at [PHONE_1].

Welcome back to the office!

Warm regards,

[ORG_1] Workplace Operations",admin
"Subject: Flight & Hotel Receipts: Q2 Leadership Offsite - [PERSON_1]

Hi [PERSON_1],

Please find attached the final receipts and booking confirmations for your upcoming travel to the Q2 Leadership Offsite in Denver.

I have attached two PDF documents to this email:
1. Flight Confirmation Receipt: [ORG_1] Flight 741 (Roundtrip from Boston to Denver), total cost [MONEY_1].
2. Hotel Booking Receipt: [ORG_2] Hotel Denver Tech Center (3 nights), total cost [MONEY_2].

Both expenses have been pre-paid using the corporate administrative card. Please forward these files to the [ORG_3] Finance team when completing your monthly expense report on Concur. Let me know if you need help with your ground transportation booking!

Best,

[PERSON_2]
Executive Assistant | [ORG_3]
[EMAIL_1]",admin
"Subject: Welcome to [ORG_1]! Let's schedule your onboarding kickoff

Hello [PERSON_1],

On behalf of everyone at [ORG_1], I want to formally welcome you to the [ORG_1] family! We are incredibly excited to support [ORG_2] in optimizing your enterprise workflows and driving greater operational efficiency.

To ensure a smooth transition, we want to schedule your onboarding kickoff call within the next week. This meeting is crucial for establishing our project timeline, reviewing your technical prerequisites, and introducing the key members of both teams.

Could you please let me know if either of these slots work for your team?
- [DATE_1] at 11:00 AM CST
- [DATE_2] at 3:30 PM CST

If those times don't align with your availability, please share 2-3 options that work best for you, and we will make it happen.

Warm regards,

[PERSON_2]
VP of Customer Experience, [ORG_1]
[EMAIL_1]",client
"Subject: Proposal: [ORG_1] Enterprise License Expansion & Volume Discounting

Hi [PERSON_1],

It was great speaking with you and the [ORG_1] team earlier today. I am thrilled to hear about your expansion plans and the successful adoption of our platform across your product teams.

As requested, I have put together a pricing proposal for the additional 400 seats you require. To help support your rapid growth, we have applied our Tier 3 Enterprise volume discount to this expansion:

* Current Licenses: 600 seats at [MONEY_1]/seat/year
* Requested Expansion: 400 seats at [MONEY_2]/seat/year (discounted rate)
* New Total: 1,000 seats
* Prorated amount due for the remainder of this contract year: [MONEY_3]

I have attached the formal order form to this email. Please review the details, and if everything looks correct, you can sign electronically via the link below. Once signed, we can have the new seats provisioned within 24 hours.

Let me know if you have any questions or need to jump on a quick call to discuss.

Best,

[PERSON_2]
Senior Account Executive
[ORG_2]
[EMAIL_1] | [PHONE_1]",client
"Subject: Case Study Collaboration: [ORG_1] + [ORG_2] Enterprise Integration

Hi [PERSON_1],

I'm reaching out because we’ve recently closed a joint enterprise customer, [ORG_3], who is seeing incredible ROI using the [ORG_1] API integrated directly into their [ORG_2] dashboard.

We would love to develop a joint case study highlighting this success. Since this involves both of our technologies, a co-marketing effort would allow us to share the production costs and maximize the reach across both of our distribution channels.

Could we set up a quick call on [DATE_1] to discuss securing the customer’s approval and drafting the interview questions?

Let me know your availability.

Warm regards,

[PERSON_2]
Strategic Partner Manager, [ORG_1]
[EMAIL_1] | [PHONE_1]",vendor
"Subject: CRITICAL: Emergency Security Patching - Active Directory Federation Services [DATE_1]

Hi Team,

We have received an urgent vulnerability disclosure regarding our Active Directory Federation Services (ADFS) infrastructure. A critical zero-day exploit has been identified that could allow unauthorized privilege escalation.

To mitigate this risk, the SecOps team will be performing emergency maintenance and applying vendor-provided patches tonight, [DATE_1], starting at 10:00 PM EST. We estimate a total downtime of approximately 30 minutes for authentication services.

Please save your work and log out of all corporate systems prior to the maintenance window. If you experience persistent issues accessing [ORG_1] resources after 11:00 PM EST, please contact the IT Helpdesk at [PHONE_1] or via [EMAIL_1].

Thank you for your cooperation as we work to keep our infrastructure secure.

Best regards,

[PERSON_1]
Director of Information Security, [ORG_1]",security
"Subject: Automation Failure: Postman/Newman Suite - User Profile API returning 500

Hi Backend Team,

Our scheduled Postman collection execution via Newman failed this morning on the dev branch. 

Specifically, the `GET /api/v1/users/{id}/profile` endpoint returned a `500 Internal Server Error` instead of the expected `200 OK` across all test accounts. This test has been passing consistently, so it appears to be a regression introduced by yesterday's code merges.

Here is the error snippet from the pipeline logs:
```json
{
  ""timestamp"": ""[DATE_1]T08:12:44.201Z"",
  ""status"": 500,
  ""error"": ""Internal Server Error"",
  ""message"": ""NullPointerException: Cannot invoke 'String.equals(Object)' because 'user.getStatus()' is null""
}
```

I have filed a high-priority bug ticket for this: **BUG-8812**. Please let us know once a hotfix is deployed to dev so we can trigger a manual rerun of the automated suite.

Thanks,

[PERSON_1]
SDET, [ORG_1]",internal
"Subject: RE: Inquiry regarding [ORG_1] Data Processing Addendum and International Transfers

Hi [PERSON_1],

Thank you for reaching out. We completely understand the importance of securing cross-border data transfers and maintaining strict compliance with global privacy regulations.

To address your questions regarding our DPA and international data transfers:

1. Standard Contractual Clauses: Our standard DPA automatically incorporates the latest EU Standard Contractual Clauses (SCCs) and the UK Transfer Addendum to govern any transfers of personal data from the EEA/UK to our US-based infrastructure.
2. Technical & Organizational Measures (TOMs): We implement robust security measures to protect data in transit and at rest, including AES-256 encryption, TLS 1.3 for all external endpoints, and strict logical access controls. Our latest SOC 2 Type II report is attached for your review.
3. Transfer Impact Assessment (TIA): To assist with your internal compliance documentation, I have attached our pre-completed TIA, which outlines the legal framework of our hosting region and our history of government data requests (zero to date).

Please let me know if your legal or security team requires any custom modifications, or if we can proceed with executing the DPA via DocuSign.

Best,

[PERSON_2]
Director of Information Security & Privacy
[ORG_1]",security
"Subject: Automation Migration Update & Playwright Failure Triage - [DATE_1]

Hi team,

Here is a quick update on our ongoing migration from Selenium to Playwright. We have successfully migrated 80% of our core smoke test suite. 

However, during our execution runs on the staging environment, we are seeing some consistent failures. Out of 50 migrated tests, 6 are failing due to dynamic element loading issues. 

I have documented the detailed triage notes in our team wiki: [ORG_1]-wiki/playwright-triage. In short, we need to coordinate with the backend team to ensure that test data is properly seeded in the database before the Playwright runners spin up. Currently, the tests are hitting empty endpoints because the database migration script is running out of order.

If you are working on backend data seeding, please sync with [PERSON_1] to align the scripts.

Cheers,

[PERSON_2]
Lead QA Developer",internal
"Subject: SLA Warning: Persistent 504 Timeouts and High Latency - [ORG_1]

Dear Support Team,

I am writing to formally raise an issue regarding your API performance, which has fallen below our contractually mandated SLA for three consecutive days.

Our monitoring tools show that the `/v2/analytics` endpoint has average response times of 12.4 seconds, with approximately 18% of requests failing due to timeouts. This has disrupted our daily reporting syncs for our enterprise clients.

Per our contract with [ORG_2], our uptime and response threshold must remain under 500ms. Please provide an incident report and details on how your team plans to resolve this capacity issue.

Sincerely,

[PERSON_1]
Operations Director, [ORG_1]",client
"Subject: Q3 [ORG_1] Town Hall: Agenda & Dial-In Details - [DATE_1]

Hi Team,

Please join us on [DATE_1] at 10:00 AM EST for our Q3 Company Town Hall. We will review our latest quarterly performance, celebrate our wins, and discuss our strategic objectives for the upcoming quarter.

Agenda:
- Executive Welcome & State of the Business – [PERSON_1]
- Q3 Financial Performance & Metrics – [PERSON_2]
- Product Roadmap & Engineering Milestones – [PERSON_3]
- Open Q&A Session

How to Join:
- Video Link: https://zoom.us/j/[ORG_1]townhall
- Dial-in: [PHONE_1] (US Toll)
- Meeting ID: 883 9102 3341

Please submit any questions you would like addressed during the Q&A to [EMAIL_1] by end of day [DATE_2].

Best regards,

Office Administration Team
[ORG_1]",admin
"Subject: Code Review: Alembic migration for [ORG_1] integration schema changes

Hi Team,

I've reviewed [PERSON_1]'s draft PR for the new [ORG_1] platform integration schema. Overall, the Alembic migration script looks solid, but I noticed we are missing an index on the new `organization_id` foreign key in our `integrations` table.

Given our expected query patterns, we will definitely see a performance degradation during lookups without this index. Also, can we make sure the `is_active` boolean field defaults to `False` in both the database schema and the SQLAlchemy model definition?

Let's address these adjustments before we push this to the staging environment.

Best,

[PERSON_2]
Tech Lead",internal
"Subject: Product Demo & Security Inquiry - [ORG_1]

Hi Team,

I hope this email finds you well. I am the Lead Solutions Architect at [ORG_1], and we are currently evaluating software solutions to streamline our internal workflows. Your platform has come highly recommended by some of our peers, and we would love to schedule an introductory product demo for our team next week.

Since we operate in the financial services sector, security and compliance are paramount for any vendor we onboard. Along with the product walkthrough, we would appreciate it if you could provide an overview of your enterprise security posture, specifically regarding SOC 2 Type II compliance, data encryption standards (both in transit and at rest), and your data residency policies.

Could you please let us know your availability for a 45-minute call on [DATE_1] or [DATE_2]? 

Best regards,

[PERSON_1]
Lead Solutions Architect, [ORG_1]
[EMAIL_1]
[PHONE_1]",client
"Subject: Proposed Agenda: [ORG_1] / [ORG_2] API Integration Sync & Co-Marketing

Hi [PERSON_1],

As we approach the public release of the [ORG_1] <> [ORG_2] API integration, I want to ensure our marketing and technical teams are fully aligned.

I’ve outlined a draft agenda for our sync next week:

* Review of the current integration docs and sandbox testing
* Review of the draft joint press release and social media kit
* Timeline for the co-marketing launch (target date: [DATE_1])
* Co-branded landing page and lead-sharing mechanics

Please let me know if there's anything else you'd like to add to the agenda. You can book a slot directly on my calendar here: [EMAIL_1].

Best,

[PERSON_2]
Partner Success Manager, [ORG_1]",vendor
"Subject: Confirmed: Executive Boardroom Booking & AV Setup - [DATE_1]

Hello [PERSON_1],

This email is to confirm your reservation of the Executive Boardroom (Room 402) on [DATE_1] from 9:00 AM to 5:00 PM for the upcoming [ORG_1] Quarterly Business Review.

As requested, our IT support team has scheduled a pre-meeting AV check at 8:30 AM to ensure that the dual-screen Zoom Room configuration, ceiling mics, and wireless presentation clicker are fully functional. We have also verified that the laptop dongles (HDMI and USB-C) are present at the center table.

Catering from [ORG_2] will be set up in the adjacent pantry area at 11:45 AM. If you need to make any adjustments to these times or require additional technical support, please reply directly to this thread or call us at [PHONE_1].

Best regards,

[PERSON_2]
Facilities & Admin Team
[ORG_1]",admin
"Subject: Enterprise Renewal - [ORG_1] Subscription [DATE_1]

Hi [PERSON_1],

I am writing regarding our upcoming renewal on [DATE_1]. The current annual quote of [MONEY_1] looks correct based on our seat usage, and the team is very satisfied with the tool's performance over the last year.

However, to simplify our procurement process and reduce administrative overhead, we'd like to shift this to a multi-year agreement. Could you generate a quotation showing the discount for a 3-year commitment with upfront payment?

If we can secure a reasonable discount for prepaying, we can route the invoice for immediate payment before the end of this quarter.

Thanks,

[PERSON_2]
[ORG_2]
[PHONE_1]",client
"Subject: RE: Revised SOW - Salesforce Integration Phase II - [ORG_1]

Hi [PERSON_1],

Thank you for the detailed feedback on the initial draft of the Salesforce Integration SOW.

We have updated the document to reflect the changes we discussed yesterday:
- Reduced the dedicated QA hours in Phase 2, bringing the total budget down to [MONEY_1].
- Adjusted the target delivery date for Phase 1 to [DATE_1].
- Added the explicit clause regarding post-launch hypercare support.

The revised SOW is attached for your final review. If everything looks good, please let me know and I will send it over via DocuSign for execution.

Thanks,

[PERSON_2]
Account Executive, [ORG_2]",vendor
"Subject: Reservation Confirmed: [ORG_1] Boston - [PERSON_1]

Dear [PERSON_1],

We are pleased to confirm your reservation at the [ORG_1] Boston for the [ORG_2] Engineering Offsite.

Reservation Details:
- Guest Name: [PERSON_1]
- Confirmation Number: 9823019A
- Arrival Date: [DATE_1]
- Departure Date: [DATE_2]
- Room Type: Deluxe King Bed
- Nightly Rate: [MONEY_1] (excluding taxes)

Your room has been prepaid by [ORG_2] Admin Services. Any room service, valet, or incidental charges must be settled individually upon checkout.

If you need to modify or cancel your reservation, please do so at least 48 hours prior to arrival by calling [PHONE_1] or emailing [EMAIL_1].

We look forward to welcoming you soon.

Sincerely,

The [ORG_1] Reservations Team",admin
"Subject: Draft SOW: Enterprise Data Warehouse & BI Implementation Consulting

Hi [PERSON_1],

I hope you're having a productive week. Attached is the draft Statement of Work (SOW) for the Enterprise Data Warehouse and Business Intelligence implementation support we discussed.

This SOW covers the deployment of Snowflake as your central data repository, along with the creation of key executive dashboards in Tableau. We have structured this as a time-and-materials engagement with a capped budget of [MONEY_1], spanning approximately 16 weeks.

Please forward this to [PERSON_2] in Procurement for initial vendor onboarding review. I am available for a quick sync with your legal team if they have any questions regarding the intellectual property clauses in Section 7.

Best,

[PERSON_3]
Managing Partner, [ORG_1]
[EMAIL_1]
[PHONE_1]",vendor
"Subject: Q4 Product Roadmap & Feature Priorities - [ORG_1] Core Product

Hi team,

As we approach [DATE_1], I want to share our finalized Q4 Product Roadmap and core feature priorities. Our primary focus this quarter is driving user retention and scaling our infrastructure to handle the holiday traffic surge.

Here are the three major pillars for Q4:
1. Unified Checkout Flow: Streamlining the checkout experience to reduce cart abandonment. Lead: [PERSON_1].
2. Multi-currency Support: Expanding to [MONEY_1] transaction capabilities for our APAC launch on [DATE_2]. Lead: [PERSON_2].
3. Platform Reliability: Upgrading our core API gateway to reduce latency.

I've linked the full [ORG_1] Product board here. Please review the epics and assignees before our sprint planning session on Thursday.

Best,

[PERSON_3]
Lead Product Manager, [ORG_1]",internal
"Subject: [ORG_1] Official [DATE_1] Company Holiday Calendar

Hi team,

As we approach the end of the year, we are pleased to share the official [ORG_1] Company Holiday Calendar for [DATE_1]. Please review these dates to plan your time off, client deliverables, and project timelines accordingly.

Our scheduled paid holidays for next year are as follows:
- New Year's Day: [DATE_2]
- Memorial Day: [DATE_3]
- Independence Day: [DATE_4]
- Labor Day: [DATE_5]
- Thanksgiving Day & Day After: [DATE_6] and [DATE_7]
- Winter Break (Office Closed): [DATE_8] through [DATE_9]

Please ensure you log your planned time off in [ORG_2] (our HR portal) and coordinate with your manager well in advance of these closures. If you have any questions, please reach out to [EMAIL_1].

Best regards,

[PERSON_1]
People Operations, [ORG_1]",admin
"Subject: ACTION REQUIRED: Urgent Security Update for Corporate Laptops - Chrome & macOS

Dear Colleagues,

The [ORG_1] Security team has identified a critical vulnerability actively being exploited in the wild that affects Google Chrome and macOS operating systems.

To protect our corporate network and secure your local data, we are pushing an emergency security patch tonight. Your laptop must be connected to the internet and rebooted to complete the installation.

Please ensure you save all open work and restart your machine before [DATE_1] at 9:00 AM local time. If your machine is not updated by then, a forced reboot will be initiated automatically by our MDM system.

For technical assistance, please reach out to the IT Helpdesk at [PHONE_1] or open a ticket via [EMAIL_1].

Thank you for your cooperation in keeping [ORG_1] secure.

Sincerely,

[PERSON_1]
Chief Information Security Officer, [ORG_1]",security
"Subject: Pre-standup coffee / catch up?

Hi [PERSON_1],

Welcome to the team! Since today is your first official sprint cycle, I wanted to see if you'd like to grab a quick coffee downstairs at the [ORG_1] cafe before we head into the 9:30 AM standup.

It'll be a great chance to chat informally and wake up before the meeting. I'll be walking down from the 4th floor around 9:15. No pressure at all if you are prepping, but would love to buy you your first welcome cup!

See you soon,

[PERSON_2]",personal
"Subject: Security Review: Request for Transfer Impact Assessment (TIA) - [ORG_1]

Hi [PERSON_1],

Our security and compliance team is currently conducting its annual review of third-party vendors that process personal data outside of the European Economic Area (EEA).

To complete our compliance file for [ORG_1], we require an updated Transfer Impact Assessment (TIA) associated with your Data Processing Addendum (DPA). Given the Schrems II ruling and subsequent EDPB recommendations, we must document the specific legal and technical safeguards in place to protect our data against foreign government surveillance requests.

Could you please provide:
1. Your latest TIA document.
2. A summary of government data access requests received by [ORG_1] in the last 12 months.
3. Detailed specifications of your encryption mechanisms for data in transit and at rest.

Please send these documents to [EMAIL_1] by [DATE_1]. If we do not receive these within the specified timeframe, we may have to suspend data transfers to your platform.

Best regards,

[PERSON_2]
Director of IT Security & Privacy
[ORG_2]",security
"Subject: ESCALATION: Missing SOC 2 Evidence - Deadline [DATE_1]

Hi [PERSON_1],

I am writing to escalate several outstanding evidence requests for our annual SOC 2 Type II audit. The evidence collection window closes on [DATE_1], and we currently have 5 critical controls marked as ""Overdue"" in our compliance tracker.

Without this evidence, we risk a qualified opinion or a material exception in our final report, which would directly impact our sales pipeline and key customer renewals.

Missing Items:
* MDM compliance report showing 100% disk encryption across our fleet
* System account access review sign-off for Q3
* Evidence of our annual incident response tabletop exercise execution

Please prioritize this today. If you need assistance pulling these logs or coordinating with the engineering teams, let's hop on a quick call.

Thanks,

[PERSON_2]
Chief Information Security Officer
[ORG_1]
[EMAIL_1]",security
"Subject: eTicket Receipt - [ORG_1] Airlines Booking for [PERSON_1]

Thank you for booking with [ORG_1] Airlines. This is your official receipt and e-ticket itinerary for your flight on [DATE_1].

Passenger Details:
- Name: [PERSON_1]
- Frequent Flyer Number: [PHONE_1] (SkyMiles)

Itinerary:
- Flight [ORG_1] 482 | Depart: [DATE_1] 07:15 AM (SFO) | Arrive: [DATE_1] 10:45 AM (DEN)
- Cabin: First Class (P)

Payment Summary:
- Airfare: [MONEY_1]
- Taxes & Carrier Fees: [MONEY_2]
- Total Paid: [MONEY_3]
- Payment Method: MasterCard ending in 5543 (Corporate Account)

This email serves as your receipt for business expense reporting. You can access your mobile boarding pass 24 hours prior to departure via the [ORG_1] mobile app.",admin
"Subject: Finalized Q4 Product Roadmap & Key Milestones

Hi team,

Thank you all for your active participation during our roadmap planning sessions over the last two weeks. The Q4 product roadmap is now officially locked.

Our two main objectives for the quarter are:
1. Launching the simplified user onboarding flow (Target Release: [DATE_1])
2. Completing the system compliance audit readiness checklist (Target: [DATE_2])

We have a tight schedule ahead of us, but I am confident that with our current velocity, we will hit these key milestones. I will walk through the detailed sprint plans during our next standup on Monday.

Let's make Q4 a great success!

Regards,

[PERSON_1]
Principal Product Manager, [ORG_1]",internal
"Subject: FACILITY UPDATE: Scheduled HVAC Maintenance and Temporary Floor Closures ([DATE_1] - [DATE_2])

Dear Team,

Please be advised that [ORG_1] Facilities will be conducting major HVAC system upgrades and preventative maintenance starting Friday, [DATE_1] at 6:00 PM through Monday, [DATE_2].

During this maintenance window, the 4th and 5th floors of the [ORG_2] Headquarters will be completely closed to all staff. There will be no air conditioning or ventilation on these floors, and active work zones will be established.

If your desk is located on either of these floors, please plan to work remotely on Monday, [DATE_2], or coordinate with your manager to secure a hot desk on the 2nd or 3rd floors. Badging access to the 4th and 5th floors will be disabled during this time for safety reasons.

Thank you for your cooperation as we work to improve our office infrastructure. Please reach out to [PERSON_1] at [EMAIL_1] if you have any immediate questions.

Best regards,

[PERSON_2]
Facilities & Operations Manager, [ORG_1]",admin
"Subject: Broken Build: Nightly Regression Failures on master - [DATE_1]

Hi Team,

Our nightly automation regression run on the `master` branch failed yesterday evening, impacting our build stability. Out of 450 tests, we had 14 failures, all concentrated within the billing and checkout integration module.

Here is a quick summary of the primary failures:
- **TestBillingAddressValidation**: Failed due to a timeout waiting for the address-complete element. This looks like a potential UI rendering delay introduced in the last frontend merge.
- **TestPromoCodeApplication**: Assert failed. Expected discount of [MONEY_1] but received [MONEY_2]. This appears to be a backend calculation bug.

I have attached the full HTML report and the corresponding stack traces. Let's meet in the triage room at 10:30 AM today to assign these issues. [PERSON_1], please ensure someone from the billing squad can attend.

Best,

[PERSON_2]
Lead QA Automation Engineer, [ORG_1]",internal
"Subject: Transition to Enterprise Tier / Seat Expansion Query - [ORG_1]

Hi [PERSON_1],

We currently have 85 users on your Professional tier, but we are looking to consolidate our entire department onto your platform next month. This would bring our total seat count to approximately 350 users.

Since we will need advanced SSO capabilities, custom roles, and an SLA guarantee, we would like to transition to your Enterprise Tier. Could you provide a customized pricing quote for 350 enterprise seats?

Additionally, please let us know if there are any onboarding fees or setup costs associated with transitioning from Professional to Enterprise.

We would like to review this by [DATE_1] so we can include it in our quarterly budget review.

Thanks,

[PERSON_2]
VP of Operations, [ORG_1]",client
"Subject: Out-of-Band Security Patching: Critical RCE in Apache Library (CVE-[DATE_2]-XXXX)

Hello Engineering and DevOps Teams,

A critical Remote Code Execution (RCE) vulnerability has been disclosed in a widely used Apache utility library. Our vulnerability scanners have identified several internal and production services running vulnerable versions of this dependency.

In accordance with our Emergency Patch Policy, we are initiating an out-of-band patching cycle. All service owners must rebuild and redeploy their applications using the updated library version by [DATE_1] at 12:00 PM UTC.

Please refer to the internal wiki page at [ORG_2]/security-bulletins for the specific remediation steps and dependency coordinates. If you require architectural guidance, please reach out to the AppSec team at [EMAIL_1].

Failure to remediate by the deadline will result in automated quarantine of the non-compliant containers.

Regards,

[PERSON_1]
Head of Application Security, [ORG_1]",security
"Subject: Renewal Quote Review: [ORG_1] & [ORG_2]

Hi [PERSON_1],

Thanks for sharing the renewal pricing for our [ORG_2] instance. 

The annual price of [MONEY_1] is acceptable, but our leadership has requested we seek a multi-year discount to optimize our overall SaaS spend for the upcoming fiscal years. If we sign a 3-year deal with [ORG_1], what kind of percentage reduction can you offer on the annual recurring cost?

We would like to get this wrapped up before [DATE_1] to avoid any service interruption. Let's jump on a quick call tomorrow if you need to discuss, or you can simply send over the updated proposal via email.

Best,

[PERSON_2]
Head of Infrastructure, [ORG_2]
[EMAIL_1]",client
"Subject: Onboarding Milestone Complete: Go-Live Sign-Off and CSM Handover

Hi [PERSON_1],

Congratulations! We have officially completed the final milestone of your onboarding program: Go-Live and Production Launch. Your system is now fully operational, and your team is successfully onboarded to the platform.

With the implementation phase successfully closed, we are transitioning your account from our onboarding team to your dedicated Customer Success Manager, [PERSON_2]. [PERSON_2] will be your primary point of contact moving forward for all strategic planning, business reviews, and platform optimization. 

I have CC'd [PERSON_2] here, and they will reach out shortly to schedule your first post-launch check-in. 

For any immediate technical support issues, please remember that your Enterprise Support package gives you 24/7 access to our helpdesk at [PHONE_1] or [EMAIL_1].

It has been an absolute pleasure working with the [ORG_1] team during this onboarding process. Thank you for your partnership and dedication to making this project a success!

Best of luck,

[PERSON_3]
Senior Implementation Consultant
[ORG_2]",client
"Subject: Notice of Upcoming Renewal: [ORG_1] Subscription [DATE_1]

Dear [ORG_2] Team,

Your annual subscription for [ORG_1] Premium is set to auto-renew on [DATE_1]. We appreciate your continued partnership and are excited to support your team for another year.

As part of our standard annual review, we have made minor revisions to our Terms of Service (ToS). Specifically, we have updated Section 4.2 regarding concurrent seat usage limits and Section 8.1 outlining our standard data hosting and backup policies. There are no changes to your current pricing tier, and the renewal invoice of [MONEY_1] will be charged automatically to the card on file on [DATE_1].

You can download the updated Terms of Service and your upcoming invoice from your billing portal. If you need to make changes to your billing information or subscription tier, please do so before [DATE_2].

If you have any questions, please contact our support team at [EMAIL_1].

Sincerely,

[ORG_1] Billing & Accounts Team",vendor
"Subject: SOW Amendment #1: [ORG_1] CRM Migration Support Extension

Hi [PERSON_1],

As we discussed during our status meeting on Friday, the expansion of the data cleansing scope requires an extension of our technical support services.

I have attached SOW Amendment #1, which outlines the additional deliverables and extended timeline. This amendment adds [MONEY_1] to the original project budget and extends our engagement through [DATE_1]. All other terms and conditions from the original SOW signed on [DATE_2] will remain in effect.

Could you please review and, if acceptable, sign and return the attached amendment? Alternatively, I can route this via Adobe Sign if you prefer.

Thank you for your continued partnership.

Warm regards,

[PERSON_2]
Client Partner
[ORG_1]
[EMAIL_1]",vendor
"Subject: Caffeine rescue mission before standup ☕️

Hey team,

I'm staging a quick rescue mission to the basement coffee shop before our 9:45 AM standup.

If anyone wants to escape their desk for 10 minutes and grab some fresh air and caffeine, meet me by the elevators at 9:30!

Best,

[PERSON_1]
Product Manager | [ORG_1]",personal
"Subject: Co-marketing sync: Developer SDK launch & Joint Sales enablement

Hi [PERSON_1],

Following up on our product release notes from last week, our new Developer SDK is officially live, making the [ORG_2] and [ORG_1] API integration significantly easier for enterprise developers to implement.

To drive adoption, we are planning a targeted co-marketing campaign that includes:
1. A dedicated email blast to our combined developer databases
2. A joint technical deep-dive video or live stream demo
3. Sales enablement sheets for our enterprise account executives

Let’s schedule a 30-minute marketing sync next week to divvy up the action items and assign timelines. Please let me know your availability for [DATE_1] or [DATE_2].

Thanks,

[PERSON_2]
Partner Enablement Lead
[ORG_1]
[EMAIL_1]",vendor
"Subject: Request for RCA: API Outage and Latency Spike on [DATE_1]

Hi [PERSON_1],

Following the severe API latency and subsequent timeout errors we experienced yesterday, [DATE_1], we require a formal Root Cause Analysis (RCA) document for our leadership team.

Our services were severely degraded between 2:00 PM and 5:30 PM UTC, during which almost 40% of our API calls to [ORG_1] timed out. This caused a significant backlog in our processing queue that we are still clearing today.

Please include details on the root cause, why the failover mechanisms did not prevent the latency spike, and what preventative measures are being implemented to avoid a recurrence.

Thank you,

[PERSON_2]
Director of Infrastructure, [ORG_2]
[EMAIL_1]",client
"Subject: RE: High latency and timeout escalation - Ticket #[PHONE_1] Resolved

Dear [PERSON_1],

I am writing to provide an update on the API latency and timeout issues you reported earlier today (Ticket #[PHONE_1]).

Our engineering team identified a database indexing bottleneck on the `/v2/analytics` endpoint that occurred following our latest release. We deployed a hotfix at 2:15 PM EST on [DATE_1], which has successfully resolved the issue. Our monitoring tools show that response times have returned to normal parameters, averaging 180ms, with zero timeout errors recorded over the last hour.

We sincerely apologize for the disruption this caused to [ORG_1]'s operations. We are currently conducting a full post-mortem to ensure this does not happen again. Please let us know if you are still experiencing any issues on your end.

Sincerely,

[PERSON_2]
Tier 3 Support Lead, [ORG_2]
[EMAIL_1]",client
"Subject: ACTION REQUIRED: Submit Flight & Hotel Receipts for [ORG_1] Offsite

Hi everyone,

I hope you all had a productive and engaging time at the [ORG_1] Offsite last week!

Now that we are back, please ensure you submit all travel-related receipts for reconciliation. This includes your flight confirmations, hotel folios, and any ground transportation/meals. Please upload your invoices and receipts to the [ORG_2] Expense Portal by [DATE_1].

Key details to remember:
- Flight receipts must show the breakdown of taxes and the total amount paid (typically [MONEY_1] to [MONEY_2] for this trip).
- Hotel folios must show a zero balance.
- If you used your personal card, please submit it as 'Reimbursable'. Corporate card transactions should be matched with the corresponding receipt.

If you have lost any of your receipts or need help retrieving your flight confirmation from [ORG_3] Airlines, please reach out to [EMAIL_1] or call me at [PHONE_1].

Thank you for your cooperation!

Best,

[PERSON_1]
Finance & Admin Operations, [ORG_2]",admin
"Subject: Quick coffee catchup this week? ☕️

Hey [PERSON_1],

Hope your week is off to a great start! It feels like forever since we last chatted properly without a project deadline looming over us.

Are you free for a quick 15-minute coffee stroll or a chat in the cafeteria on [DATE_1] or [DATE_2] around mid-morning? No agenda at all, just want to catch up on life, hear how your weekend trip went, and swap some horror stories about the latest system migration.

Let me know what day works best for you!

Best,

[PERSON_2]",personal
"Subject: Rescheduling 1:1 this week - [PERSON_1] / [PERSON_2]

Hey [PERSON_1],

I have a conflict during our scheduled 1-on-1 on [DATE_1] due to an urgent product roadmap alignment meeting with the [ORG_1] marketing team.

Can we reschedule our sync to Friday, [DATE_2] at 1:30 PM?

Here are a few topics I've added to our shared agenda document:
* Debriefing on the recent sprint retro and how we can address the CI flakiness.
* Your thoughts on taking the lead on the new telemetry onboarding project.
* Discussing the budget approval for the [MONEY_1] developer tool license you requested.

Let me know if Friday works for you, or feel free to grab any open slot on my calendar.

Thanks,
[PERSON_2]",internal
"Subject: REMINDER: Outstanding IAM Access Re-certification - Due [DATE_1]

Hi [PERSON_1],

This is a friendly reminder that you have pending quarterly IAM access reviews for your team members that require your immediate attention. 

As a reminder, these audits are a critical control for our upcoming ISO 27001 surveillance audit. We must ensure that the principle of least privilege is strictly enforced across all engineering teams, particularly for database write permissions and SSH keys.

Please complete your reviews in the SailPoint dashboard before the deadline on [DATE_1]. If you do not complete the re-certification, the system will automatically flag these accounts, and [ORG_1]'s IT Helpdesk will be forced to revoke access for the affected employees.

Thank you for your cooperation in keeping [ORG_1] secure.

Best,

[PERSON_2]
IT Security Compliance Coordinator
[EMAIL_1]",security
"Subject: Your [ORG_1] Laptop Upgrade Has Shipped! Tracking Inside

Hello [PERSON_1],

Great news! Your upgraded [ORG_1] corporate laptop has been configured and is on its way to you.

**Shipping Details:**
* Carrier: FedEx
* Tracking Number: [PHONE_1]
* Estimated Delivery: [DATE_1]
* Shipping Address: [ORG_2] Regional Office (Attn: [PERSON_1])

**Asset Return Instructions:**
Inside the shipping box, you will find your new laptop, a power supply, setup instructions, and a pre-labeled return envelope. Once you have successfully migrated your data to the new machine, please place your old laptop inside the return envelope and drop it off at any FedEx location.

Please ensure the old asset is shipped back to us no later than [DATE_2].

If you have any questions or experience login issues, please reach out to us at [EMAIL_1].

Best,
IT Logistics Team",admin
"Subject: Action Required: DPA Compliance Review for [ORG_1] Cross-Border Transfers

Hi [PERSON_1],

As part of our annual security and compliance review, we are currently auditing our Data Processing Addenda (DPAs) for vendors handling EU/EEA customer data. [ORG_1] currently processes user data on servers located in the US, requiring us to update our transfer mechanisms to align with the latest Standard Contractual Clauses (SCCs) and the EU-U.S. Data Privacy Framework.

We need your team to review the attached updated DPA and Transfer Impact Assessment (TIA) by [DATE_1]. Specifically, please confirm if the technical and organizational measures (TOMs) listed in Annex II accurately reflect our current encryption-in-transit and at-rest protocols.

Please let me know if you have any questions or if we need to loop in Legal.

Best regards,

[PERSON_2]
Information Security & Compliance Lead
[ORG_2]",security
"Subject: Executive Summary: [DATE_1] Phishing Simulation Campaign Report

Hi Leadership Team,

Below is the executive summary of our phishing simulation campaign conducted on [DATE_1]. This campaign targeted all active [ORG_1] business units to measure our current baseline vulnerability to credential-harvesting attacks.

**Campaign Details:**
- **Scenario:** Mock Shared Document Notification (OneDrive Impersonation)
- **Target Audience:** 3,450 active employees and contractors
- **Industry Benchmark Click Rate:** 10.4%

**Key Metrics:**
- **Overall Click Rate:** 6.1% (An improvement from 7.8% last quarter)
- **Overall Report Rate:** 72.4% (Our highest reporting rate to date)
- **Highest Performing Dept:** Engineering (1.2% click rate)
- **Lowest Performing Dept:** Sales & Marketing (11.8% click rate)

While we are pleased to see the overall click rate trend downwards, the Sales & Marketing department's high failure rate remains a vulnerability. The Security team is planning a targeted, in-person security brief for the Sales division next week to address their specific threat vectors.

A detailed PDF report with departmental breakdowns and specific remediation plans is attached. Please contact [PERSON_1] at [EMAIL_1] if you have any questions or would like to schedule a review session for your specific team.

Best regards,

[PERSON_2]
Head of Security Operations
[ORG_1]",security
"Subject: Signing [PERSON_1]'s Anniversary Card! 🎂

Hi team,

Hard to believe, but [PERSON_1] is celebrating their 2-year anniversary with [ORG_1] this coming Friday, [DATE_1]!

I've set up a digital card for us to sign. Please take a quick minute to drop a nice note or a funny GIF before Thursday afternoon. You can access the card via the team portal.

We'll also do a quick toast during our Friday afternoon social hour, so hope to see you all there!

Thanks,

[PERSON_2]",personal
"Subject: Urgent: SLA Breach Notice & Service Outage Credit Request - [ORG_1] / [ORG_2]

Hi [PERSON_1],

I am writing to formally log a service level agreement (SLA) breach regarding the prolonged API downtime we experienced on [DATE_1]. According to our monitoring tools, the [ORG_2] production environment was completely unreachable for a total of 4 hours and 12 minutes between 14:00 and 18:12 UTC.

Per Section 4.2 of our Master Services Agreement, [ORG_1] is entitled to a service credit of 10% of our monthly recurring revenue for any single outage exceeding 2 hours, up to a maximum of 30% per month. Given our current monthly spend of [MONEY_1], we calculate the eligible credit to be [MONEY_2].

Please confirm receipt of this notice and let us know when we can expect this credit to be applied to our upcoming invoice for [DATE_2].

Best regards,

[PERSON_2]
VP of Infrastructure, [ORG_1]",client
"Subject: Re: Next Steps: [ORG_1] & [ORG_2] Integration Launch Plan

Hi [PERSON_1],

Thanks for the great conversation earlier today. I'm really excited about the synergy between our API platforms and the value this integration will bring to our developer communities.

As promised, here is the link to the shared folder containing:
1. The draft co-marketing brief (including social copy and email templates)
2. Our brand asset kit and logo guidelines
3. The draft technical integration guide

Please share these with [PERSON_2] on your marketing team. Let's aim to finalize the assets by [DATE_1] so we can stay on track for our planned launch on [DATE_2].

Should you have any questions, feel free to reach me at [PHONE_1].

Best,

[PERSON_3]
Partner Marketing Lead, [ORG_1]",vendor
"Subject: Escalation Request: API Performance Degradation - Account: [ORG_1]

Hello [PERSON_1],

I hope you are well. I am reaching out to escalate a persistent issue we've been having with the `/search` API. Over the last week, we've noticed a steady degradation in performance, culminating in frequent read timeouts today ([DATE_1]).

Our developers are seeing `SocketTimeoutException` errors across multiple instances. We have temporarily increased our client-side timeouts to 30 seconds, but this is a terrible user experience for our clients.

We are paying for the Enterprise tier ([MONEY_1]/year), and we expect a higher standard of service and faster response times. Please get your infrastructure team to look into this ASAP.

Best,

[PERSON_2]
Technical Lead, [ORG_1]
[PHONE_1]",client
"Subject: Blocked PR #882: Safe migration strategy for adding `status` to `orders` table

Hi [PERSON_1],

I've flagged PR #882 as blocked for now pending a quick architectural review of the migration strategy. 

Adding a non-nullable column with a default value (`status` varchar, default: 'pending') to our `orders` table will rewrite the entire table in our current PostgreSQL version. Since the table contains millions of active entries, this will likely lock up our order processing pipeline and impact users, potentially costing us up to [MONEY_1] in delayed transactions.

Can we split this into three steps instead?
1. Add the column as nullable without a default value.
2. Run a background worker to backfill existing rows in batches of 5,000.
3. Apply the `NOT NULL` constraint and the default value once backfilling is complete.

Let's chat on Slack or discuss this during our engineering sync on [DATE_1].

Thanks,

[PERSON_2]",internal
"Subject: Co-marketing opportunities: [ORG_1] + [ORG_2] API Integration launch

Hi [PERSON_1],

I hope you're having a great week. I'm reaching out from the Partner Marketing team here at [ORG_1]. Following up on our successful API integration certification last month, we are eager to kick off our joint go-to-market (GTM) activities.

We would love to schedule a brief 20-minute sync next week (perhaps [DATE_1] or [DATE_2]?) to align on a co-marketing plan. We have draft assets ready, including a joint press release, a co-branded solution brief, and ideas for a joint webinar targeting our shared developer community.

Let me know what times work best for you and your product marketing lead. 

Best regards,

[PERSON_2]
Partner Marketing Manager, [ORG_1]
[EMAIL_1]",vendor
"Subject: Urgent: Mutual NDA for Countersignature - [ORG_1] and [ORG_2]

Hi [PERSON_1],

Following up on our initial partnership discussions, I have attached the Mutual Non-Disclosure Agreement (MNDA) executed by our authorized signatory at [ORG_1]. 

Please have your legal team review and obtain the countersignature from your authorized representative. Once signed, please return a fully executed copy to me at [EMAIL_1] so we can proceed with the technical integration discussions scheduled for [DATE_1].

If you have any questions or require modifications to Section 4 regarding the term of confidentiality, please let me know as soon as possible.

Best regards,

[PERSON_2]
Legal Operations, [ORG_1]",security
"Subject: Scheduled Laptop Refresh: Select your delivery option and review return policy

Hello [PERSON_1],

Our records indicate that your current corporate laptop is approaching its 3-year lifecycle end. You are now eligible for a hardware upgrade to the latest [ORG_1] standard-issue laptop.

Please visit the [ORG_2] hardware portal by [DATE_1] to select your preferred configuration and confirm your delivery address.

Important Return Policy Details:
- A pre-addressed return shipping container will be delivered alongside your new laptop.
- You are required to return your decommissioned laptop, power adapter, and any company-owned peripherals within 7 days of receiving the new kit.
- All legacy devices must be wiped or prepared for return following the instructions included in the box.

For any technical questions, please reach out to the IT Helpdesk at [EMAIL_1].

Thank you,

[PERSON_2]
IT Procurement & Logistics, [ORG_1]",admin
"Subject: Proactive SLA Credit & Service Interruption Apology - [ORG_1]

Dear [PERSON_1],

At [ORG_1], we strive to deliver consistent and reliable service, but unfortunately, we fell short of that standard during our system migration on [DATE_1]. Our records indicate that your tenant experienced intermittent outages totaling 5 hours, which breached our monthly SLA commitment to [ORG_2].

We sincerely apologize for the disruption this caused to your operations. To make things right, we have proactively calculated a service credit of [MONEY_1], which represents 10% of your monthly subscription fee. This credit will be automatically applied to your invoice for [DATE_2].

Our engineering team has implemented additional guardrails to prevent this issue from recurring. If you have any questions or would like to discuss this further, please feel free to reach out to me directly.

Sincerely,

[PERSON_2]
Director of Customer Success, [ORG_1]
[PHONE_1]",client
"Subject: Conflict with our weekly 1-on-1 on [DATE_1] - Agenda prep

Hey [PERSON_1],

I have a scheduling conflict during our usual 1-on-1 slot on [DATE_1] due to a cross-team sprint planning session with the platform team. Could we shift our meeting to [DATE_2] at 11:00 AM?

I want to make sure we have enough time to go over a few key topics:
- Feedback on PR #402 and the architecture decisions we discussed yesterday
- Blockers regarding database migration permissions
- My upcoming PTO coverage plan

Let me know if that slot works for you, or feel free to propose another time later in the week.

Thanks,

[PERSON_2]
Software Engineer II, [ORG_1]",internal
"Subject: Signature Request: SOW for [ORG_1] HR System Integration & Change Management

Hi [PERSON_1],

We have finalized all technical and commercial terms for the Workday HR integration project. Attached is the final execution copy of the Statement of Work (SOW) between [ORG_1] and [ORG_2].

The total contract value is [MONEY_1], and the engagement is scheduled to commence on [DATE_1]. I have also routed this document via DocuSign to your email address for electronic signature.

Once signed, please share a copy with your accounts payable team to ensure the initial mobilization invoice can be processed. We look forward to partnering with [ORG_1] on this critical initiative.

Best regards,

[PERSON_2]
Client Partner, [ORG_2]
[EMAIL_1]",vendor
"Subject: Demo Sync: Showcasing [ORG_1] + [ORG_2] API Integration at [ORG_3] Developer Conference

Hi [PERSON_1],

We are gearing up for the upcoming [ORG_3] Developer Conference on [DATE_1], and we are thrilled to announce that we've secured a mainstage demo slot. 

Because our joint API integration has been highly requested by our developer community, we plan to use our 10-minute slot to showcase a live, end-to-end integration demo between [ORG_1] and [ORG_2]. 

I would love to sync with your technical marketing team to ensure we are demonstrating the latest endpoints correctly and highlighting the key value propositions of your platform. Can we set up a brief technical alignment call later this week?

Cheers,

[PERSON_2]
Lead Developer Advocate
[ORG_1]
[PHONE_1]",vendor
"Subject: RE: Thursday Team Trivia - Count me in! 🍕🍻

Hey [PERSON_1],

Count me in for trivia night on [DATE_1]! I am definitely down for some pub food and arguing over useless pop culture facts. 

Do we have a team name yet? I vote for something nerdy like ""The Spreadsheet Warriors"" or ""Pivot Table Champions"". Let me know if we need to pre-order any platters or if it's just individual orders at the bar. 

See you guys at [ORG_1] Pub around 6:00 PM!

Best,

[PERSON_2]",personal
"Subject: Office Closure Notice: Upcoming [DATE_1] Holiday

Dear All,

Please note that all US-based offices of [ORG_1] will be closed on [DATE_1] and [DATE_2] in observance of the upcoming national holiday.

During this period, our physical facilities will be locked, and badge-only access will be restricted to pre-approved essential personnel. If you absolutely need to access the building for critical work, please coordinate with [PERSON_1] at [EMAIL_1] by [DATE_3] to arrange security clearance.

For urgent IT or facility emergencies during the closure, please contact the on-call helpdesk at [PHONE_1]. We expect normal business operations to resume on [DATE_4] at 8:00 AM local time.

Wishing you a safe and restful holiday!

Warmly,

Facilities & Operations Team
[ORG_1]",admin
"Subject: Product Demo Request & Enterprise Security Requirements ([ORG_1])

Hi [PERSON_1],

I'm a Senior Systems Architect at [ORG_1]. We are scoping out enterprise-grade communication platforms for our internal teams and your product is on our shortlist.

We would like to set up an initial demo focused on your administrative features, user provisioning (SCIM/OIDC), and audit logging. 

Could you also connect us with a technical account manager who can walk us through your network security architecture? Specifically, we require IP whitelisting and SAML SSO integration for our [MONEY_1]+ user base.

Please let me know your availability for a call next [DATE_1].

Sincerely,

[PERSON_2]
[ORG_1]",client
"Subject: SOW Addendum #1 - Data Pipeline Extension - [ORG_1]

Hi [PERSON_1],

Per our recent discussions regarding the expanded data pipeline requirements for the [ORG_2] integration, we have prepared the attached Statement of Work (SOW) Addendum #1.

This addendum outlines the additional scope for building three custom ETL pipelines and configuring real-time streaming alerts. To support this effort, we will be allocating an additional Senior Data Engineer at an incremental cost of [MONEY_1], bringing the revised total engagement fee to [MONEY_2].

All other terms and conditions from our master service agreement dated [DATE_1] remain in effect. Please review and, if acceptable, sign and return a copy of the addendum at your earliest convenience.

Thank you for your continued partnership.

Best,

[PERSON_2]
VP of Delivery, [ORG_3] Consulting",vendor
"Subject: SOW Submission: [ORG_1] - [ORG_2] Enterprise Data Migration

Hi [PERSON_1],

Following up on our scoping call last week, I am pleased to submit the formal Statement of Work (SOW) for the Enterprise Data Migration project. Our team at [ORG_1] has outlined the phased approach, deliverables, and resource allocation to ensure a seamless transition for [ORG_2].

The proposed budget for this engagement is [MONEY_1], billing on a milestone basis as detailed in Section 4. We are prepared to kick off on [DATE_1], pending your team's review and execution of this document.

Please let me know if you would like to schedule a quick 15-minute call to walk through the deliverables and make any necessary adjustments.

Best regards,

[PERSON_2]
Director of Client Services
[ORG_1]
[EMAIL_1]",vendor
"Subject: Group Flight Confirmation: Engineering Offsite [DATE_1]

Hello Team,

We have finalized the group flight bookings for the upcoming engineering offsite. Please find the group reservation details and airline confirmation codes below. 

Travelers: [PERSON_1], [PERSON_2], and [PERSON_3]
Group Booking Reference: GRP-77291B
Airline: [ORG_1] Airlines
Departure Date: [DATE_1]
Return Date: [DATE_2]

Individual Seat Assignments & E-Ticket Numbers:
- [PERSON_1]: Seat 10A / Ticket [PHONE_1]
- [PERSON_2]: Seat 10B / Ticket [PHONE_1]
- [PERSON_3]: Seat 10C / Ticket [PHONE_1]

Total Invoice Amount: [MONEY_1]
Billed to Cost Center: [ORG_2]-ENG-OFFSITE

Please ensure you check in online at least 24 hours prior to departure. If you require any baggage additions or special meals, please submit a request to [EMAIL_1] by the end of the week.",admin
"Subject: Onboarding Milestone 1 Sign-Off: Data Migration & Configuration

Hi [PERSON_1],

I am pleased to share that we have successfully completed Phase 1 of your onboarding plan, which focused on tenant provisioning, core configuration, and the initial data migration from your legacy system.

To ensure everything aligns with your expectations before we proceed to Phase 2 (User Acceptance Testing), could you please review the attached migration report and reply to this email with your formal sign-off? If you have any questions or notice any discrepancies, please let me know by [DATE_1].

Once we receive your sign-off, we will schedule the UAT training session with your core team.

Best,

[PERSON_2]
Technical Onboarding Specialist
[ORG_1]
[PHONE_1]",client
"Subject: RE: RFP [ORG_1] - Executed Mutual NDA for Countersignature

Hi [PERSON_1],

Thank you for sending over your team's redlines. Our legal counsel has reviewed and accepted the changes to the mutual NDA.

I have attached the finalized version, which has already been signed by our VP of Security, [PERSON_2]. Could you please have your authorized signatory countersign this document and return a PDF copy to me?

We need this fully executed agreement on file before we can share the detailed system architecture diagrams and API specifications for the upcoming RFP phase. We hope to wrap this up by [DATE_1].

Regards,

[PERSON_3]
Procurement & Vendor Management
[ORG_1]
[PHONE_1]",security
"Subject: Quick coffee run downstairs (new seasonal syrups are back!)

Hey [PERSON_1],

I just saw that the lobby cafe brought back their seasonal lattes for [DATE_1]. I'm dying to try one before we jump into the daily standup.

Are you free to head down right now? We can walk and talk. Let me know if you're ready to roll!

[PERSON_2]",personal
"Subject: quick coffee before standup?

Hey [PERSON_1],

Are you up for a quick coffee run downstairs to [ORG_1] before our 9:30 standup? I need a serious caffeine hit today after that long commute.

I'll be heading down in about 10 minutes. Let me know if you want to join, or if I can grab you something!

Best,
[PERSON_2]",personal
"Subject: Scheduled Facility Update: Seasonal HVAC Transition and Floor-by-Floor Closures

Hello [ORG_1] Employees,

In preparation for the upcoming summer season, the building management team will begin our annual transition from heating to cooling systems starting next week on [DATE_1]. 

To minimize overall disruption, we will be executing this transition floor-by-floor. Each floor will experience a 24-hour closure during which the local HVAC units will be serviced, filters replaced, and air ducts deep-cleaned. Please review the closure schedule below:
* **Floor 1:** Closed Monday, [DATE_1]
* **Floor 2:** Closed Tuesday, [DATE_2]
* **Floor 3:** Closed Wednesday, [DATE_3]
* **Floor 4 (Executive Suites):** Closed Thursday, [DATE_4]

During your floor's scheduled closure day, please coordinate with your manager to work from home. If WFH is not an option, please contact [PERSON_1] at [EMAIL_1] to arrange a temporary workspace on an alternate floor.

Thank you for your cooperation in keeping our workspace comfortable and healthy.

Regards,

[PERSON_2]
Operations & Logistics Manager
[ORG_1] Facility Group",admin
"Subject: Re: SOC 2 Evidence Request: Database Access Logs (CC6.3)

Hi [PERSON_1],

I am working through the SOC 2 evidence checklist you sent over earlier this week. For item CC6.3 (Database Access Reviews), the checklist asks for quarterly review logs of administrative access to production databases.

As you know, we migrated from our legacy system to AWS RDS in [DATE_1]. For the first two quarters of the audit window, we have manual PDF sign-offs, but for the latter half, we have automated IAM Access Analyzer reports. Will the auditors accept a mix of these two formats, or do we need to generate a consolidated manual report?

I want to make sure we don't get flagged for inconsistent evidence during the walkthrough. Let me know your thoughts so we can upload the correct artifacts.

Thanks,

[PERSON_2]
Lead Database Administrator
[ORG_1]",security
"Subject: Remote Worker Hardware Refresh: Action Required for [PERSON_1]

Hi [PERSON_1],

As part of [ORG_1]'s annual hardware lifecycle management program, we are replacing your current Dell Latitude laptop. Your new device has been configured and is scheduled to ship to your home address on [DATE_1].

To ensure smooth delivery, please verify your shipping address by replying to this email or contacting [PERSON_2] at [PHONE_1] by the end of the day tomorrow. We cannot ship the hardware without address confirmation.

Once your new laptop arrives, please use the same box to return your old laptop and power brick. Stick the enclosed return shipping label over the original shipping label and drop the box off at your local UPS store. Please complete this return within 5 business days of receiving the new machine.

Corporate IT Procurement Team
[ORG_1] Global Logistics",admin
"Subject: Casual catchup / Hello from the [ORG_1] team!

Hey [PERSON_1],

I was just thinking about our old project team the other day and realized it's been way too long since we last caught up. How are things going over in your department?

I saw on LinkedIn that you got a promotion recently—belated congratulations! That is so well deserved. 

Let's grab a virtual coffee or an in-person lunch sometime next week if you have some breathing room. I'm pretty flexible on Tuesday or Wednesday. Drop me a ping on Slack when you get a second!

Best,

[PERSON_2]",personal
"Subject: Final RSVP - Farewell Lunch for [PERSON_1] (Next Friday, [DATE_1])

Hi all,

Just a final reminder to RSVP for [PERSON_1]'s farewell lunch next Friday, [DATE_1]. I need to give the restaurant ([ORG_1]) a final headcount by tomorrow morning so they can accommodate our large group.

Currently, I have the following people down as ""Yes"":
- [PERSON_2]
- [PERSON_3]
- [PERSON_4]
- [PERSON_5]

If you aren't on this list but plan on coming, or if your plans have changed, please let me know ASAP!

Looking forward to celebrating [PERSON_1] and wishing them luck on their new adventure.

Best,

[PERSON_6]",personal
"Subject: Question on Prorated Billing for Seat Expansion - [ORG_1]

Hi [PERSON_1],

We are planning to add 85 new users to our [ORG_1] instance next week to support our new customer support initiative. 

Before we submit the change request in our admin portal, could you clarify how the prorated billing is calculated? Our current annual contract anniversary is not until [DATE_1], and we currently pay [MONEY_1] per seat annually.

Specifically, will we be invoiced immediately for the prorated amount of the new seats for the remaining 5 months of our term, or will this charge be aggregated and added to our next annual renewal invoice?

Once we have this clarification for our finance team, we will move forward with the expansion.

Thanks,

[PERSON_2]
IT Program Manager
[ORG_2]
[PHONE_1]",client
"Subject: Compliance Alert: Missing DPAs / International Data Transfer Safeguards

Hi Team,

During our internal preparation for the upcoming ISO 27001 and SOC 2 Type II audit, we identified a compliance gap regarding international data transfers.

Specifically, we are missing executed Data Processing Addenda (DPAs) containing the approved Standard Contractual Clauses (SCCs) for the following third-party processors:
- [ORG_1] (Marketing automation - US hosted)
- [ORG_2] (Analytics infrastructure - APAC hosted)

As these tools process PII of our EU-based customers, we are technically out of compliance with GDPR Article 46. We need to initiate the DPA review and execution process with these vendors immediately.

[PERSON_1], could you please reach out to our account managers at these companies today? We must have these signed agreements secured in our compliance repository by [DATE_1] to avoid a major non-conformity finding during the audit.

Thanks,

[PERSON_2]
VP of Information Security
[ORG_3]",security
"Subject: Escalation: Repeated Platform Latency & SLA Service Credits - [ORG_1]

Hi [PERSON_1],

I want to escalate a critical issue regarding the performance of the [ORG_1] platform over the last 30 days. We have observed average response latencies exceeding 1500ms, which is well above the 500ms threshold specified in our SLA.

This degradation in performance directly impacts our customer-facing agents and has led to a measurable drop in our CSAT scores. Under our current agreement, we are tracking this as a continuous Category 2 SLA breach.

We require a formal service credit of [MONEY_1] to compensate for the lost productivity during this period. Furthermore, we would like to schedule an urgent executive SLA review meeting next week to discuss your path to resolution. Please let me know your availability for [DATE_1] or [DATE_2].

Thanks,

[PERSON_2]
Director of IT Operations, [ORG_2]",client
"Subject: Shhh... [PERSON_1]'s Birthday is Coming Up! 🎂

Hi team,

Can you believe it's already that time of year? [PERSON_1]'s birthday is next [DATE_1], and we want to make sure they feel celebrated!

I’ve set up a virtual GroupGreeting card for everyone to sign. Please take a quick minute to leave a nice note, share a funny meme, or upload a photo of a great memory you share. Here is the link to sign: https://www.groupgreeting.com/sign/birthday-[PERSON_1]

Please make sure to sign it by [DATE_2] at 5:00 PM so we can virtually ""deliver"" it to them on their actual birthday. Keep this on the down-low so it’s a nice surprise!

Best,

[PERSON_2]",personal
"Subject: URGENT: License Limit Reached / Temporary Expansion Request for [ORG_1]

Hi Support Team,

We have run into an urgent issue this morning. We are currently in the middle of onboarding a new batch of [MONEY_1] contract consultants, and our administrator just notified us that we have reached our maximum limit of 150 enterprise seats.

We are in the process of submitting a formal purchase order to add 50 permanent seats to our contract, but our internal procurement approval cycle usually takes 3-5 business days. 

Can you please temporarily provision 20 additional seats on our tenant so we do not disrupt our onboarding training scheduled for [DATE_1]? We can assure you that the formal addendum will be signed and processed as soon as our purchasing department releases the PO.

Thank you for your prompt help with this!

Best,

[PERSON_1]
HR Operations Lead
[ORG_1]
[PHONE_1]",client
"Subject: Compliance Alert: Outdated DPA with Subprocessor [ORG_1]

This is an automated notification from the [ORG_1] Compliance Portal.

Our automated vendor monitoring system has flagged an outstanding compliance item for our subprocessor, [ORG_2]. The existing Data Processing Addendum (DPA) on file does not account for the updated EU-US Data Privacy Framework (DPF) or the necessary fallback Standard Contractual Clauses (SCCs) for international transfers.

To maintain our SOC 2 Type II readiness and GDPR compliance, we must remediate this gap immediately. Please contact [PERSON_1] at [EMAIL_1] to initiate the DPA amendment workflow.

Failure to resolve this by [DATE_1] may trigger an internal escalations review regarding our data sharing pipeline with this vendor.",security
"Subject: RE: [ORG_1] - License Seat Expansion Request (Q3)

Hi [PERSON_1],

Following up on our call from yesterday, our APAC division is looking to onboard their entire regional team onto your platform much earlier than anticipated. We currently have 500 active enterprise seats, and we need to add another 250 seats by [DATE_1] to support this rollout.

Could you please send over a pricing proposal for this expansion? We would like to understand if we can maintain our current discounted enterprise rate of [MONEY_1] per user/month, or if there is an additional volume discount we can leverage with this new tier. 

We would also appreciate it if you could clarify how the billing will be co-termed with our existing agreement which expires on [DATE_2].

Best regards,

[PERSON_2]
Director of Global Procurement
[ORG_1]
[PHONE_1]",client
"Subject: Q4 Product Roadmap Deck & Timeline Updates

Hi everyone,

I have updated our Q4 roadmap slide deck based on the feedback from the leadership review yesterday. 

To ensure we meet our security compliance goals, we are pushing the automated reporting module to early Q1 of next year ([DATE_1]). This allows us to focus entirely on the core data pipeline encryption upgrade, which must be completed before the end of the year.

Please review the updated timeline slides and leave your feedback directly on the workspace page. If you have any immediate concerns regarding the new milestones, feel free to ping me directly or email me at [EMAIL_1].

Best regards,

[PERSON_1]
Director of Product, [ORG_1]",internal
"Subject: Quick question on migration v3.12 (staging blocker)

Hey [PERSON_1],

I'm looking at the migration script `v3.12_add_user_preferences.sql` that went out to staging yesterday right before the environment crashed.

It looks like we are trying to run an ALTER TABLE statement that adds a non-null column with a default value to a table with over 2 million rows. On staging, this lock took over 4 minutes to execute, which timed out the deployment runner and left the DB in a corrupted lock state.

Do you think we can split this migration? We could add the column as nullable first, populate the defaults in batches, and then apply the non-null constraint. Let me know what you think, or if you have a better approach to avoid locking the database.

Thanks,
[PERSON_2]",internal
"Subject: Don't forget to sign [PERSON_1]'s birthday card!

Hi everyone,

Just a quick reminder that [PERSON_1]'s birthday is tomorrow, [DATE_1]! 

We only have a few signatures on the virtual GroupGreeting card so far. Let's make sure they feel celebrated by the whole [ORG_1] team. It only takes two minutes to add a quick note.

Here is the link to sign: [URL_1]

Thanks for helping make their day special!",personal
"Subject: ACTION REQUIRED: Complete Q3 Security Awareness Training

Hi Team,

This is a reminder that our mandatory Q3 Security Awareness Training module is now live on the [ORG_1] learning management portal. As part of our ongoing commitment to SOC 2 compliance and protecting our customer data, all employees are required to complete this training annually.

This quarter's focus is on sophisticated social engineering tactics, including spear-phishing and business email compromise (BEC). The module will take approximately 25 minutes to complete.

Deadline for completion: [DATE_1]

Please log in to your portal or click the direct training link here to start. Failure to complete this training by the deadline may result in temporary restriction of your system access.

Thank you for doing your part to keep [ORG_1] secure.

Best regards,

[PERSON_1]
Director of Information Security
[ORG_1]",security
"Subject: Invoice [NUMBER] - Placement Fee for [PERSON_1] - [ORG_1]

Dear [PERSON_2],

Please find attached our invoice #[NUMBER] for the successful placement of [PERSON_1] in the role of Senior Director of Engineering at [ORG_1].

As per our contingency search agreement dated [DATE_1], the placement fee is calculated at 20% of the base salary, totaling [MONEY_1].

Remittance Details:
Please remit payment within 30 days via bank transfer to:
Account Name: [ORG_2] Talent Partners
Bank Name: [ORG_3]
Routing Number: [NUMBER]
Account Number: [NUMBER]

Please reference invoice number [NUMBER] on the remittance advice. Let us know if you require a current W-9 form to set us up in your accounts payable system.

Best regards,

[PERSON_3]
Managing Partner, [ORG_2]",vendor
"Subject: Instructions for Returning Your Decommissioned Laptop - [ORG_1] IT Admin

Hi [PERSON_1],

We hope you are enjoying your newly issued corporate laptop. This is a quick operational update regarding the return of your old laptop.

We have dispatched a specialized return kit to your home address via UPS. This kit contains a secure box, bubble wrap, and a prepaid UPS Ground return label.

Steps to complete your return:
- Ensure all personal files are removed and enterprise data is synced to your corporate drive.
- Pack the laptop and its power brick securely in the provided box.
- Apply the return shipping label (addressed to the [ORG_1] IT Depot in Austin).
- Drop off the package at a UPS Store.

Please ensure the tracking number is scanned by [DATE_1] to avoid any automated notifications from our asset tracking database.

If you need assistance, please contact us at [PHONE_1].

Regards,

[PERSON_2]
IT Lifecycle Coordinator",admin
"Subject: Recap & Action Items: [ORG_1] Onboarding Kickoff Call

Hi Team [ORG_1],

Thank you for taking the time to join our onboarding kickoff call earlier today. It was great meeting everyone and aligning on our implementation objectives.

As promised, here is a quick recap of the key takeaways and immediate action items:
- [ORG_2] to provision admin access for [PERSON_1] and [PERSON_2] by [DATE_1].
- [ORG_1] team to export and share the legacy schema mapping by [DATE_2].
- Next sync scheduled for [DATE_3] to review the initial data load.

I have attached the meeting notes and the slide deck we presented for your reference. Let's keep the momentum going!

Best,

[PERSON_3]
Customer Onboarding Manager
[ORG_2]
[PHONE_1]",client
"Subject: ISO: Best ramen in town?

Hey everyone,

I have a friend visiting from out of town this weekend, [DATE_1], and they are a self-proclaimed ramen critic. I really want to impress them, but my usual spot, [ORG_1], is closed for renovations.

Do you have any go-to recommendations in the downtown area? Bonus points if it's close to the metro line and doesn't have a 2-hour wait on a Saturday night.

Thanks in advance for saving my weekend plans!

Best,
[PERSON_1]",personal
"Subject: coffee downstairs?

Hey [PERSON_1],

Heading down to the lobby coffee shop in about 5 minutes before our daily standup. 

I definitely need a quick screen break and a caffeine boost to start the day. Let me know if you want to join!

Thanks,

[PERSON_2]",personal
"Subject: ACTION REQUIRED: [ORG_1] Annual Subscription Renewal & License Agreement Update - [ORG_2]

Dear [PERSON_1],

This is a formal notification that your annual subscription for [ORG_1] Cloud Security Suite is scheduled to renew on [DATE_1]. As part of our commitment to providing top-tier security infrastructure, we have updated our Master Subscription Agreement (MSA) and licensing structure to better accommodate your organization's growth.

Key updates to your renewal terms include:
- Transition from fixed-tier to active-user licensing.
- Updated data processing addendum (DPA) aligned with the latest compliance standards.
- An adjusted annual renewal fee of [MONEY_1], reflecting your current seat count of 150 users.

Please review the attached updated license terms and return a signed copy of the addendum to [EMAIL_1] by [DATE_2] to ensure uninterrupted service. If you have any questions or wish to schedule a brief call to discuss these updates, please reach out to me directly.

Best regards,

[PERSON_2]
Director of Customer Success, [ORG_1]
[PHONE_1]",vendor
"Subject: Confirmed Travel Itinerary: [PERSON_1] - [ORG_1] Offsite ([DATE_1])

Dear [PERSON_1],

Your travel booking for the [ORG_1] Corporate Offsite has been confirmed by [ORG_2] Business Travel.

Flight Details:
- Outbound: [DATE_1] | [ORG_3] Airlines Flight 442 | Boston (BOS) to Austin (AUS) | Departs 10:15 AM
- Return: [DATE_2] | [ORG_3] Airlines Flight 109 | Austin (AUS) to Boston (BOS) | Departs 5:30 PM

Hotel Details:
- Hotel: [ORG_4] Austin Downtown
- Nights: 3 Nights (Check-in: [DATE_1], Check-out: [DATE_2])
- Total Cost: [MONEY_1] (Billed directly to [ORG_1] corporate account)

Please note that you will need to present a personal credit card upon check-in for incidental charges. If you have any questions or require assistance during your trip, please call our 24/7 support line at [PHONE_1] or email [EMAIL_1].

Safe travels,

[ORG_2] Travel Support Team",admin
"Subject: quick caffeine fix before standup

Hey [PERSON_1],

Heading down to the [ORG_1] cafe on the ground floor to grab a quick drip coffee before the team standup. Want to join?

I really need to get away from my screen for a few minutes before the day fully starts. Let me know if you want to walk down.

Thanks,
[PERSON_2]",personal
"Subject: Happy early birthday, [PERSON_1]! 🎂

Hey everyone,

[PERSON_1]'s big day is coming up this [DATE_1]! To celebrate, I've set up a virtual group card so we can all leave some nice messages, team photos, and maybe upload some funny GIFs.

Please take a couple of minutes to sign the card before the end of the week. Let's make sure they feel celebrated by the whole [ORG_1] team!

Here is the link to the virtual card: https://www.groupgreeting.com/sign/[PERSON_1]-birthday

Let's try to get all signatures in by [DATE_2] so we can present it to them during our weekly morning standup.

Best,

[PERSON_2]",personal
"Subject: Urgent: Staging (stg-us-east-1) down since 09:00 UTC - Investigation ongoing

Hi team,

We are currently experiencing a complete outage on our staging environment (stg-us-east-1). The API gateway is throwing 504 Gateway Timeouts and all service-to-service communication seems to be degraded.

[PERSON_1] and [PERSON_2] are already looking into the cluster logs. We suspect the latest deployment of the billing microservice at [DATE_1] might have triggered a database connection pool exhaustion. 

Please hold off on running any automated E2E test suites until we resolve this to prevent further load. Keep an eye on the #eng-status Slack channel for live updates.

Thanks,
[PERSON_3]",internal
"Subject: Facilities Alert: Emergency HVAC Repairs - West Wing Floor 3 Closure

All Staff,

We are experiencing an unexpected breakdown in the primary compressor servicing the West Wing of Floor 3. To facilitate emergency repairs, the West Wing of Floor 3 will be closed tomorrow, [DATE_1].

We expect temperatures in this zone to fluctuate significantly while technicians from [ORG_1] work on the unit. Employees currently stationed in this area are instructed to work remotely or relocate to the East Wing common areas for the day.

We apologize for the short notice and any inconvenience this may cause. We expect full operations to resume by [DATE_2]. For immediate assistance, please ping the Facilities Slack channel or email [EMAIL_1].

Sincerely,

[PERSON_1]
Office Operations Manager",admin
"Subject: Action Required: Floating Holiday Submission and Year-End Calendar Alignment

Dear [ORG_1] Employees,

As we approach the end of the fiscal year, we want to remind you to review your remaining floating holidays. Per [ORG_1] policy, floating holidays do not roll over into the next calendar year and must be utilized by [DATE_1].

Please log into the [ORG_2] portal to verify your balance and submit any remaining time-off requests to your direct manager for approval. 

Additionally, please note that our corporate offices will be closed for the winter break from [DATE_2] through [DATE_3]. Critical support teams will operate on a modified holiday roster, which will be finalized by [PERSON_1] by the end of this week.

If you have any questions or experience issues with the portal, please contact the payroll and benefits team at [EMAIL_1].

Best,

[PERSON_2]
Benefits & Compliance Manager
[ORG_1] People Team",admin
"Subject: Re: Post-Mortem: Staging Outage on [DATE_1] (DB Pool Exhaustion)

Hey team,

I did some digging into the configuration changes from earlier this week. It looks like the PR for the new notification service merged by [PERSON_1] on [DATE_1] set the maximum database pool size to 150 without scaling up the staging DB instance's max connections limit. This caused the RDS instance to hit its hard limit of 500 concurrent connections almost immediately under the nightly load test.

I've opened a draft PR to revert the config change temporarily. Let's discuss whether we need to resize the staging DB or optimize the service's connection pooling logic during the sync tomorrow.

Cheers,

[PERSON_2]",internal
"Subject: RE: License Expansion and Enterprise Pricing Tier for [ORG_1]

Hi [PERSON_1],

Thanks for reaching out! It is fantastic to hear that your team is growing so rapidly.

I’ve reviewed your current contract and put together a custom pricing proposal for the additional 250 licenses you requested. By upgrading to our Enterprise Platinum tier, we can offer you a discounted rate of [MONEY_1] per seat/year, down from your current [MONEY_2] per seat rate.

This would bring the total annual contract value (ACV) to [MONEY_3], effective from your next billing cycle on [DATE_1]. I have attached the formal order form for your review.

Please let me know if you have any questions or if you would like me to walk through this with your procurement team.

Best,

[PERSON_2]
Enterprise Account Executive, [ORG_2]",client
"Subject: Notice: Rotating Floor Closures for Annual HVAC Inspection ([DATE_1] - [DATE_2])

Dear Colleagues,

Our annual preventative HVAC inspection and maintenance cycle is scheduled to begin next week, running from [DATE_1] through [DATE_2]. To minimize disruption to our daily operations, we will be implementing rotating floor closures according to the schedule below:

- Floors 1 & 2: Closed on [DATE_1]
- Floors 3 & 4: Closed on [DATE_3]
- Floors 5 & 6: Closed on [DATE_4]

If your floor is scheduled for closure, please plan to work remotely on that day. If you absolutely must come into the office, limited hot-desking options will be available on the active floors, which can be booked through the [ORG_1] intranet.

We appreciate your understanding and support in helping us keep our systems running efficiently. If you have any questions, please contact [PERSON_1] at [EMAIL_1].

Best regards,
Facilities Management Team
[ORG_1]",admin
"Subject: Review comments on PR #882: Mongoose schema migration for notifications

Hi [PERSON_1],

I reviewed the Mongoose schema changes you pushed yesterday for the notification service.

The new sub-document array for `read_receipts` looks good, but since we expect some power users to have thousands of notifications, we might run into the 16MB BSON document limit in MongoDB if we keep nesting everything inside a single document.

Could we instead reference a separate `ReadReceipt` collection, or at least cap the array size? Let's chat about this or loop in [PERSON_2] from the DBA team to get their thoughts before we finalize the schema.

Thanks,
[PERSON_3]",internal
"Subject: Quarterly Partner Sync & Joint Solution Brief - [ORG_1] / [ORG_2]

Dear [PERSON_1],

I hope you're doing well. As our API integration continues to gain traction, we are looking to equip our respective sales and account management teams with updated, co-branded collateral.

Our design team has put together a draft for a 2-page joint solution brief that outlines the technical architecture and business benefits of our API connection. We would love to sync with your marketing and technical product managers to review the draft, ensure messaging alignment, and finalize the distribution plan.

Are you available for a 30-minute sync on [DATE_1] at 11:00 AM PST? 

I have attached the initial PDF draft here for your preliminary review. Let me know if we need to adjust the invitees.

Best,

[PERSON_2]
Head of Partner Success
[ORG_1]
[PHONE_1]",vendor
"Subject: SOC 2 Audit - HR Onboarding & Termination Evidence Needed

Hi [PERSON_1],

We are in the process of gathering evidence for our annual SOC 2 Type II audit, and I need to request some documentation from the HR department.

Our external auditors have selected a random sample of 10 employees who onboarded and 5 who offboarded during the audit period of [DATE_1] to [DATE_2]. For the onboarded employees, we need to provide signed offer letters, NDAs, and completed background check confirmations. For the offboarded employees, we need the signed termination checklists and evidence of access revocation within 24 hours of departure.

Please upload these files directly to the secure compliance folder in G-Drive, or ping me if you need the specific file path. If you have any questions, you can reach me directly at [PHONE_1].

Thanks for your help with this compliance push!

Best,

[PERSON_2]
Compliance Coordinator",security
"Subject: Re: [Ticket #883921] Critical API Latency on Sync Endpoints

Hi [PERSON_1],

I am following up on Ticket #883921. We have not received an update in the last 4 hours, and the API latency on the sync endpoints is still hovering around 10 seconds.

Our customer success team is getting flooded with complaints from our end-users because their dashboards are failing to load. This is a critical blocker for our enterprise accounts.

Can you please escalate this to [PERSON_2] or the on-call engineering lead? We need an immediate update on the root cause analysis.

Regards,

[PERSON_1]
Head of Customer Support, [ORG_1]",client
"Subject: Code Review Comments: Hibernate entity mapping for Subscription entities

Hi [PERSON_1],

I completed the review on your subscription schema updates. I noticed that you mapped the `@OneToMany` relationship between `Customer` and `Subscription` to use `FetchType.EAGER`.

This is highly likely to introduce N+1 query issues in our customer reporting endpoints, which are already struggling with latency. Could we switch this to `FetchType.LAZY` and instead write a custom JPQL join fetch query where we actually need the eager load? 

I've commented on the specific lines in the GitHub PR. Once we get this resolved, we should be good to merge and deploy.

Best regards,

[PERSON_2]
Staff Engineer, [ORG_1]",internal
"Subject: Sign [PERSON_1]'s Birthday Kudoboard!

Hi everyone,

[PERSON_1]'s birthday is next [DATE_1], and we want to show our appreciation for everything they do for the department here at [ORG_1]. 

We've put together a virtual card. Please jump in and add your messages, pictures, or GIFs by Friday afternoon so we can wrap it up: [URL_1]

We are also chipping in for a digital coffee voucher to go along with the card. If you'd like to contribute, feel free to Venmo me at [PERSON_2] (totally optional, of course!).

Thanks,

[PERSON_3]",personal
"Subject: UPDATE: Executive Boardroom B Reservation & AV Requirements - [DATE_1]

Hi [PERSON_1],

This email confirms the updated AV requirements for your booking of Executive Boardroom B this coming [DATE_1].

Per your request, we have added two additional tabletop boundary microphones and swapped the default HDMI connection for a wireless USB-C casting hub to accommodate the presenter's hardware. The reservation remains scheduled for 10:00 AM - 12:00 PM.

Please reach out to the helpdesk at [PHONE_1] if there are any last-minute changes to your attendee count or technical needs. 

Thanks,

[PERSON_2]
IT & Facilities Support",admin
"Subject: API Automation Test Failures & Triage Notes - [DATE_1]

Hi Backend Team,

The automated API contract tests (Postman/Newman suite) failed on the integration branch this morning with 9 assertions failing across our payment API endpoints.

Triage Notes:
- The /payments/charge endpoint is returning a 400 Bad Request instead of the expected 200 OK. The error payload indicates a missing required field: billing_zip.
- It appears the schema update merged yesterday made this field mandatory, but the automation test payloads were not updated to reflect this change.

I have updated the test payloads in the test repository to include the mock zip code. However, we also need to confirm if this breaking change was communicated to the frontend team. [PERSON_1], did we update the API documentation for this?

Let's discuss during the sync at [PHONE_1] or on Slack.

Best,
[PERSON_2]
QA Engineer",internal
"Subject: Quick coffee run? ☕

Hi [PERSON_1],

I need some serious caffeine before we dive into the daily standup at 10. I'm heading down to the lobby cafe in about 5 minutes.

Want to tag along? We can complain about the morning commute or just stare blankly at our cups in peace.

Cheers,
[PERSON_2]",personal
"Subject: BLOCKER: Staging Smoke Test Failures for Release v4.2.0

Hi release-group,

During our automated smoke test deployment to the Staging environment for release v4.2.0, we hit several critical automation failures. The deployment has been paused.

Failures Breakdown:
- Auth Service: All login automation scripts failed due to a 401 Unauthorized response on the /api/v1/auth/login endpoint. It looks like the staging database migration did not run successfully, leaving test accounts missing.
- Navigation: Header navigation tests failed to locate the new 'Help Center' link.

[PERSON_1] has already rolled back the staging deployment to the previous stable build. [PERSON_2], can you verify the DB migration script that was included in yesterday's release candidate?

We will hold an emergency triage meeting in the War Room Zoom link at 2:00 PM EST.

Thanks,
[PERSON_3]
Release Coordinator
[ORG_1]",internal
"Subject: Update: Q4 Roadmap Shifts & Priority Adjustments

Hi Team,

Following our executive review with [PERSON_1] yesterday, we have made some adjustments to our Q4 roadmap priorities to better support our sales pipeline.

We are fast-tracking the Enterprise Single Sign-On (SSO) integration, moving it up to Priority 1. To accommodate this shift, we are pushing the automated PDF reporting feature to Q1 of next year. 

Here is the updated timeline:
- Enterprise SSO (SAML/OIDC): Kickoff on [DATE_1], Target GA [DATE_2]
- Performance Enhancements (Database indexing): Target completion [DATE_3]
- Custom Dashboards: Target GA [DATE_4]

I've updated the roadmap slide deck and the Jira board to reflect these changes. Let's discuss how this impacts our current sprint planning in tomorrow's standup.

Thanks,

[PERSON_2]
Product Manager, [ORG_1]",internal
"Subject: FINAL WARNING: Mandatory Security Training Overdue - Potential Account Suspension

Hello [PERSON_1],

This is your final notice regarding your overdue [DATE_1] Security Awareness and Compliance Training. Despite multiple reminders, our records indicate that you have not completed the required modules.

Under [ORG_1]'s Security & Compliance Policy, all employees must complete mandatory training to ensure our continued compliance with ISO 27001 standards.

If you do not complete the training on the [ORG_2] portal by [DATE_2] at 5:00 PM EST, your active directory account will be automatically suspended. Reactivating your account will require managerial approval and direct intervention from the IT Security Team.

Please complete the training immediately to avoid disruption to your work.

Training Portal Link: [EMAIL_1]

For technical assistance, please call the helpdesk at [PHONE_1] immediately.

Sincerely,

[PERSON_2]
VP of Information Security, [ORG_1]",security
"Subject: Coffee / catch up before standup?

Hey [PERSON_1],

Do you have 10 minutes to grab a quick coffee downstairs? I wanted to hear how your weekend trip went, and we can head straight into the standup together afterward.

Let's meet up near the lobby reception around 9:40 AM if that works for you. I think the line shouldn't be too bad right now.

See ya,
[PERSON_2]",personal
"Subject: Renewal Quote - Enterprise Subscription - [ORG_1]

Hi [PERSON_1],

Thanks for sending over the renewal quotation for our Enterprise plan, which is set to expire on [DATE_1]. We've been very happy with the platform's performance over the past year and would love to continue our partnership.

The current quote of [MONEY_1] is a bit higher than our budgeted allocation for next year. However, we are willing to commit to a 3-year agreement if we can secure a multi-year discount. Could you please let us know what kind of pricing concession you can offer for a multi-year commitment, paid upfront?

Looking forward to your revised proposal.

Best regards,

[PERSON_2]
Procurement Lead, [ORG_1]",client
"Subject: Co-Marketing Opportunity: [ORG_1] Partner Newsletter Feature & Joint Case Study

Hello [PERSON_1],

I hope your week is off to a great start.

Our quarterly partner newsletter is scheduled to go out to over 50,000 enterprise customers on [DATE_1], and we would love to feature the newly launched [ORG_2] API integration as our spotlight story. 

Additionally, one of our mutual enterprise clients, [ORG_3], has agreed to participate in a joint case study highlighting how the [ORG_1]-[ORG_2] integration helped them save [MONEY_1] in operational overhead last quarter. 

I would love to coordinate a sync between our marketing teams to draft the case study outline and approve the newsletter copy. Let me know if you have any availability this Thursday.

Best,

[PERSON_2]
VP of Business Development
[ORG_1]
[PHONE_1]",vendor
"Subject: coffee run! ☕

Morning [PERSON_1]!

I am seriously dragging today after that late deployment last night. I'm heading downstairs to the espresso bar before our daily standup to get some life-saving caffeine.

Let's grab a quick cup and wake up. Leaving in 5 mins, meet me by the elevators?

- [PERSON_2]",personal
"Subject: Q2 Phishing Simulation Results & Key Takeaways

Hi everyone,

Last week, the [ORG_1] Security Team conducted our quarterly unannounced phishing simulation. This exercise is designed to help us identify potential vulnerabilities and keep our defense mechanisms sharp.

Here are the results of the simulation:
- Total emails sent: 1,240
- Report rate (clicked ""Report Phishing""): 78% (Up from 72% last quarter)
- Click rate (interacted with the link): 4.2% (Down from 5.8% last quarter)

While we are pleased to see our report rate improving, the simulated lure—which impersonated a shared [ORG_2] document notification—still managed to compromise several accounts. If this had been a real attack, credentials could have been leaked.

As a reminder, always verify the sender's full email address before clicking any shared document links, especially if you were not expecting the file.

Keep up the great work, and let's aim for a sub-2% click rate next quarter!

Best,

[PERSON_1]
Head of Cyber Security, [ORG_1]",security
"Subject: Security Notice: Remediation Training Required (Phishing Simulation)

Dear [PERSON_1],

During our recent automated phishing simulation on [DATE_1], you interacted with a simulated malicious link or attachment.

Don't worry—this was only a test, and no actual harm was done to your device or the [ORG_1] network. However, simulations like this highlight areas where we need to remain extra vigilant to prevent real-world breaches.

To help reinforce security best practices, you have been automatically enrolled in a brief, 5-minute remediation training module titled ""Spotting Document Sharing Lures.""

Please complete this mandatory training by [DATE_2]. You can access the module directly through the security portal.

Thank you for your cooperation and commitment to keeping our workplace secure.

Sincerely,

[PERSON_2]
IT Security Compliance Officer
[EMAIL_1]",security
"Subject: Q4 Roadmap: Balancing Tech Debt and Feature Deliverables

Hi [PERSON_1], [PERSON_2], and [PERSON_3],

I wanted to follow up on our discussion regarding the Q4 roadmap balance. We've received feedback from engineering that we need to allocate more bandwidth to address the legacy database latency issues.

To accommodate this, I have updated our Q4 feature roadmap to allocate 30% of our capacity to tech debt. Here is the revised priority list:
1. [ORG_1] Database Migration (Engineering-led) - Target completion: [DATE_1]
2. Dark Mode Support (Feature) - Target completion: [DATE_2]
3. Automated PDF Reporting (Feature) - Scope reduced to MVP only for Q4.

Please review the updated timeline in the attached document and let me know if you think this strikes the right balance for your respective teams.

Best,

[PERSON_4]
Product Manager, Core Experience",internal
"Subject: Escalation: SLA breach warning - API response times exceeding 5000ms

Dear [PERSON_1],

I hope you are doing well. I am reaching out from the operations team at [ORG_1] regarding a sustained degradation in your API's performance. 

Over the past 24 hours, our APM tools have flagged average response times exceeding 5000ms on the `/records` and `/query` endpoints, which normally resolve in under 200ms. This sustained latency is a direct breach of our Service Level Agreement (SLA) of sub-500ms response times for Tier 1 services. 

We have already opened a standard support ticket (Ref: #[PHONE_1]), but we have not received an adequate response. Given the impact on our daily operations, we are requesting an immediate technical bridge call today, [DATE_1], to review your mitigation plan. 

Sincerely,

[PERSON_2]
Director of Global Infrastructure, [ORG_1]
[PHONE_2]",client
"Subject: Thank you all for the amazing birthday wishes!

Hi everyone,

I just wanted to send a quick note to say a huge thank you for the wonderful virtual birthday card! 

Reading through all your kind messages, funny GIFs, and memories absolutely made my day. I'm so incredibly lucky to work with such an amazing and thoughtful group of people here at [ORG_1].

Thanks again for making my birthday so special!",personal
"Subject: Security awareness: Oops, you clicked a simulated phishing link

Hi [PERSON_1],

Earlier today, you interacted with an email that was part of our routine [ORG_1] Phishing Simulation program. The email you clicked on simulated a ""Document Shared via OneDrive"" notification.

Don't worry—this was only a test, and your credentials and device are completely safe. However, in a real-world scenario, this could have resulted in malware installation or credential theft.

Here are a few quick tips to spot similar phishing attempts in the future:
- Always check the sender's full email address, not just the display name.
- Hover over links before clicking them to verify the destination URL.
- Be cautious of urgent language or unexpected document shares.

To help reinforce these skills, we've enrolled you in a micro-learning module titled ""Spotting Shared Document Phishes."" Please complete this 5-minute training within the next 5 business days.

Thank you,

[PERSON_2]
Director of IT Security, [ORG_1]",security
"Subject: Action Required: Q4 Town Hall Agenda & Calendar Invite - [DATE_1]

Team [ORG_1],

Please make sure to accept the calendar invitation for our final Q4 Town Hall of the year, scheduled for [DATE_1] at 3:00 PM EST.

We will wrap up the year by looking at our overall performance against our annual targets, as well as outlining our vision and key goals for [DATE_2]. [PERSON_1] will also be announcing our Q4 employee recognition winners.

Dial-In & Video Access:
- Join Zoom Meeting: https://zoom.us/j/992019488
- Dial-in Number: [PHONE_1]
- International Dial-in Numbers: https://zoom.us/u/[ORG_1]numbers
- Meeting ID: 992 019 488

If you have any last-minute questions for the executive panel, please send them to [EMAIL_1].

We look forward to celebrating our collective achievements with you all.

Sincerely,

Executive Operations
[ORG_1]",admin
"Subject: Action Required: Your IT Laptop Upgrade is Ready for Shipment

Hi [PERSON_1],

According to our records, your current corporate laptop has reached its 3-year lifecycle limit and is scheduled for a replacement. Your new [ORG_1] standard-issue laptop has been successfully provisioned by our IT Logistics team.

To facilitate delivery, please verify your shipping address on the employee portal by [DATE_1]. Once confirmed, your new device will ship via our corporate carrier, and a tracking number will be sent to [EMAIL_1].

Please note: Your package will include a pre-paid shipping label and box to return your legacy device. You must return your old laptop within 14 business days of receiving the new one to avoid asset non-compliance penalties.

Best regards,

[PERSON_2]
IT Asset Management Team, [ORG_1]",admin
"Subject: Flight Itineraries & Hotel Confirmations: [ORG_1] Q3 Product Offsite

Hi Team,

I have finalized the flight bookings and hotel reservations for our upcoming Q3 Product Offsite in Denver.

Flights have been booked via [ORG_2] Travel. You should each receive an individual confirmation email directly from the airline. Please review your departure times for [DATE_1] to ensure there are no scheduling conflicts.

Hotel Accommodations:
We will be staying at the [ORG_3] Denver Downtown.
Check-in: [DATE_1] (3:00 PM)
Check-out: [DATE_2] (11:00 AM)
Confirmation Number: [PERSON_1] (Group Ref: #8839120)

Ground transportation from the airport to the hotel has been arranged via shuttle. Please meet at the baggage claim area at 2:00 PM on [DATE_1]. If you have any last-minute changes or travel emergencies, please text me at [PHONE_1].

Best,

[PERSON_2]
Office Manager, [ORG_1]",admin
"Subject: Q4 Roadmap Alignment & Cross-Team Dependencies

Hi all,

Ahead of our Q4 planning session next week, I wanted to share the high-level roadmap priorities and highlight a few cross-team dependencies we need to resolve.

Our main objective for Q4 is launching the new billing engine, which is scheduled to go live on [DATE_1]. This project requires tight collaboration between [PERSON_1]'s platform team (for backend migration) and [PERSON_2]'s frontend team (for the new billing UI).

Key Milestones:
- [DATE_2]: Database schema changes finalized
- [DATE_3]: Stripe integration testing completed
- [DATE_4]: Internal beta release
- [DATE_1]: General Availability

I have scheduled a 30-minute alignment call for tomorrow afternoon to map out these dependencies in Jira. Please make sure someone from your respective teams is present.

Regards,

[PERSON_3]
Director of Product, [ORG_1]",internal
"Subject: Q3 IAM Access Review Cycle - Final Sign-off & Audit Metrics

Hi Team,

I am pleased to report that the Q3 IAM access privilege review and re-certification cycle is now officially complete. Thanks to your hard work and timely responses, we achieved a 100% completion rate ahead of our audit preparation schedule.

Here is a quick summary of the metrics from this cycle:
- Total user accounts reviewed: 1,450
- Total discrete permissions analyzed: 8,200
- Access privileges approved: 7,850
- Access privileges revoked (due to inactivity or role changes): 350

These cleanups are vital for reducing our internal attack surface and ensuring we remain fully aligned with our ISO 27001 commitments. Special thanks to [PERSON_1] and the IAM Operations team for coordinate the campaign and managing the automation scripts.

Our next quarterly review cycle is scheduled to begin on [DATE_1]. If you have any feedback on how we can improve the review portal or the overall workflow, please share it in our feedback channel.

Best,

[PERSON_2]
Chief Information Security Officer (CISO)
[ORG_1]",security
"Subject: Happy early birthday, [PERSON_1]! + Virtual Card Link

Hi team,

We have a milestone birthday coming up! [PERSON_1] is turning another year wiser on [DATE_1]. 

To celebrate, I've created a digital card for everyone to sign. Please add your wishes, photos, and GIFs by Thursday afternoon: [URL_1]

We will also do a quick 10-minute virtual celebration during our usual standup slot on Friday. Grab your coffee or tea and let's celebrate together!",personal
"Subject: Proactive License Expansion & Renewal Strategy - [ORG_1]

Hi [PERSON_1],

As we approach our annual renewal date on [DATE_1], I wanted to congratulate you and the [ORG_1] team on a phenomenal year of growth.

I noticed that your team has consistently been running at maximum capacity on your current 1,000 seat license, frequently requesting temporary overage passes. To support your projected growth for next year, I’ve structured a proactive expansion package.

If we bundle your upcoming renewal with an additional 300 seats today, we can lower your overall per-seat cost from [MONEY_1] to [MONEY_2] for the entire contract duration. This will result in a total savings of [MONEY_3] annually.

I’ve attached the draft agreement for your review. Let me know if you have 15 minutes to sync on this next Tuesday.

Warm regards,

[PERSON_2]
Customer Success Director, [ORG_2]",client
"Subject: Moving this week's 1-on-1 to [DATE_1]

Hi [PERSON_1],

I have a calendar conflict during our usual slot this week due to an emergency leadership alignment meeting regarding the [ORG_1] integration timeline. I have proposed a new time for our 1-on-1 on [DATE_1] at 10:00 AM.

Could you please add your topics to our shared running doc before we meet? On my end, I want to make sure we cover:
1. Your feedback on the recent sprint retro and team velocity
2. The high-level timeline for the upcoming microservices transition
3. Planning your upcoming PTO for next month to ensure team coverage

Let me know if the new time works on your end. 

Best,
[PERSON_2]
Engineering Manager",internal
"Subject: Proposal for Multi-Year Renewal - [ORG_1] / [ORG_2]

Hi [PERSON_1],

I hope you are doing well.

We received the renewal notice for our licensing tier which is set to expire on [DATE_1]. The current rate of [MONEY_1] per year is slightly higher than what we had budgeted for this fiscal cycle. However, our team is extremely happy with the platform and we want to avoid the overhead of evaluating other vendors.

If we sign a 3-year or 5-year contract and commit to prepaying the terms, is there a standard discount tier you can apply to the annual rate? We are trying to secure a lower per-year cost in exchange for a longer-term commitment.

Please let me know what pricing structures you can offer so I can present them to our CFO for approval this week.

Thanks,

[PERSON_2]
[PHONE_1]
[ORG_2]",client
"Subject: Don't forget to sign [PERSON_1]'s birthday card!

Hi all,

Just a quick reminder that [PERSON_1]'s birthday is tomorrow, [DATE_1]!

If you haven't had a chance to sign the group card yet, please do so by 5:00 PM today. We want to make sure everyone's warm wishes are captured before the system auto-sends it to their inbox at [EMAIL_1].

Here is the link to the card: https://www.kudoboard.com/boards/[PERSON_1]-celebration

Let's show [PERSON_1] some team love!

Cheers,

[PERSON_2]",personal
"Subject: SECOND NOTICE: Past Due IAM Access Review for [ORG_1] Engineering

Hi [PERSON_1],

Our records show that your quarterly IAM Access Privilege Review for the Engineering team, originally due on [DATE_1], is now past due. 

As a reminder, completing these reviews is a critical component of our quarterly SOC 2 compliance audits. If these reviews are not completed within the next 48 hours (by [DATE_2] at 5:00 PM EST), we will be forced to programmatically revoke AWS Admin and GitHub Write access for your direct reports to ensure audit compliance.

Please navigate to the [ORG_1] IAM portal and complete the certification today. It should take no more than 10 minutes.

Link: https://iam-portal.[ORG_1].internal/reviews

If you have any questions or are experiencing technical difficulties, please reach out directly to the SecOps team at [EMAIL_1] or call [PHONE_1].

Best,

[PERSON_2]
Lead Security Compliance Analyst
[ORG_1] Infosec",security
"Subject: Urgent: Requesting Temporary Seat Increase for [ORG_1]

Hello [PERSON_1],

We are currently facing an unexpected surge in customer support volume due to our seasonal campaign and urgently need to provision 75 temporary seats for our contractor team. 

Our current subscription is capped, and we cannot add any more users through our admin portal. Could you please temporarily increase our limit to allow these 75 additional users immediately? We are happy to true-up and pay the prorated amount on our next scheduled billing cycle on [DATE_1].

Please let me know if this is possible, or if we need to schedule an emergency call to get this approved. Our team is standing by to start their training shift.

Thank you,

[PERSON_2]
VP of Customer Experience
[ORG_1]
[PHONE_1]",client
"Subject: Action Required: DPA and Transfer Impact Assessment (TIA) Review for [ORG_1]

Hi [PERSON_1],

I've completed the preliminary security compliance review of the updated Data Processing Addendum (DPA) submitted by [ORG_1] for our use of their cloud analytics platform. Since they host metadata in the US, we must ensure strict compliance with EU cross-border transfer requirements.

I have attached the draft TIA for your sign-off. Please review the mitigation controls listed in Section 4, specifically around their end-to-end encryption protocols and their government data request policy. We need this finalized and signed off by [DATE_1] to avoid any service disruptions.

Best,

[PERSON_2]
Information Security Compliance",security
"Subject: Scheduling: Q2 Partner Alignment & API Co-Marketing Sync

Hello [PERSON_1],

I hope your quarter is off to a great start.

With the successful rollout of our V2 API integration, we want to make sure we are maximizing the visibility of our partnership. I'd like to schedule our Q2 partner alignment sync to discuss our joint marketing roadmap.

Specifically, I'd love to explore:
* Joint participation in the upcoming [ORG_1] DevCon
* Co-authored technical blog posts focused on our API architecture
* Shared pipeline tracking and lead routing for the integration

Please let me know if [DATE_1] at 10:00 AM EST works for you and your team, or feel free to suggest an alternative time.

Sincerely,

[PERSON_2]
VP of Global Channels & Alliances, [ORG_1]",vendor
"Subject: pre-standup fuel ☕️

Hey [PERSON_1],

I'm about to head downstairs to grab a quick flat white before our daily standup. I heard they finally have that new seasonal blend at the espresso bar today.

We've got about 15 minutes before the daily scrum starts, so it should be a quick in-and-out trip.

Let me know if you want to grab a cup and catch up real quick!

Thanks,

[PERSON_2]",personal
"Subject: Facilities Update: Phased HVAC Maintenance and Weekend Floor Closures

Dear Colleagues,

As part of our commitment to maintaining a comfortable and safe working environment, [ORG_1] will be conducting a phased maintenance of our main HVAC units over the next two weekends. This will require temporary closures of specific floors to ensure the safety of our staff and contractors.

Please review the schedule below carefully:
- Phase 1: Floors 7 and 8 will be closed from Friday, [DATE_1] at 8:00 PM to Sunday, [DATE_2] at 8:00 PM.
- Phase 2: Floors 9 and 10 will be closed from Friday, [DATE_3] at 8:00 PM to Sunday, [DATE_4] at 8:00 PM.

Please ensure you do not plan to access these floors during their respective maintenance windows. Power and network connectivity may also be intermittently affected during this time.

If you have any questions or require special accommodations, please reach out to the Facilities Helpdesk at [EMAIL_1].

Sincerely,
[PERSON_1]
Director of Corporate Real Estate & Facilities",admin
"Subject: DevRel Co-Marketing: Guest Blog Post Exchange for [ORG_1]/[ORG_2] API Release

Hello [PERSON_1],

With the new v2 endpoint integration successfully deployed, our Developer Relations team is eager to draft a highly technical blog post explaining how developers can implement this connection to optimize their API latency.

We would love to do a reciprocal guest blog post exchange. We can write a piece for the [ORG_2] blog, and your technical writers can publish a piece on the [ORG_1] Developer Hub. This is a fantastic way to cross-pollinate our developer communities and drive adoption for the new integration.

Let's schedule a content alignment sync next week to exchange outlines and agree on publishing dates. Does [DATE_1] work for a quick call?

Warm regards,

[PERSON_2]
Lead Developer Advocate
[ORG_1]
[EMAIL_1]",vendor
"Subject: Company-Wide Action: Q3 IT Hardware Refresh Program Launch

Dear [ORG_1] Team,

We are launching the Q3 IT Hardware Refresh Program starting [DATE_1]. Employees currently using laptops older than three years (issued prior to [DATE_2]) are eligible for an immediate upgrade.

**What you need to do:**
1. Check your laptop's deployment date in the IT Inventory Portal.
2. If eligible, submit your hardware preference (MacBook Pro vs. Dell Latitude) via the service catalog.
3. Confirm your shipping address for home-office delivery.

**Returning Legacy Hardware:**
To maintain our strict security and environmental compliance, all old laptops must be returned to IT Headquarters. A return kit with a prepaid shipping label will be included with your new device. All old assets must be returned within 14 days of receiving your new device.

For detailed FAQs and support, please visit the IT Wiki or email [EMAIL_1].

Best regards,

[PERSON_1]
VP of Infrastructure and Operations, [ORG_1]",admin
"Subject: CONFIRMED: Executive Boardroom Reservation (VIP Client Pitch) - [DATE_1]

Dear [PERSON_1],

We have finalized your booking of the Executive Boardroom on [DATE_1] for the [ORG_1] partnership pitch. The room is blocked from 8:00 AM to 1:00 PM.

The AV suite has been prepared for secure external casting, and we have white-listed the external email domains of the [ORG_1] stakeholders for the secure Webex bridge. Our AV Lead, [PERSON_2], will meet you in the boardroom at 7:45 AM for a dry run of the presentation slides and remote audio levels.

If you need any additional administrative support or specialized catering arrangements, please contact me directly at [EMAIL_1].

Sincerely,

[PERSON_3]
Executive Assistant to leadership
[ORG_2]",admin
"Subject: Action Items: Post-Mortem - Staging Outage [DATE_1]

Team,

Thanks for the constructive discussion during yesterday's post-mortem review of the staging environment downtime. As agreed, here are the high-priority action items we need to track:

1. [PERSON_1] to implement circuit breakers on the auth service calls (Target: [DATE_2]).
2. [PERSON_2] to update the auto-scaling policy to prevent node starvation.
3. [PERSON_3] to set up automated health-check alerts in Datadog specifically targeting staging gateway latency.

Let's make sure these tickets are pulled into the upcoming sprint planning.

Best regards,
[PERSON_4]",internal
"Subject: Staging environment instability & impact on QA testing cycles

Hi [PERSON_1] and [PERSON_2],

I wanted to flag that the recent staging environment outages are heavily impacting our QA testing cycles for the upcoming [ORG_1] integration release. The QA team was blocked for nearly 4 hours yesterday due to the DB pool issues.

Since we are targeting [DATE_1] for production release, this leaves us very little buffer. Could we coordinate to get a stable hotfix deployed to staging by this afternoon? We need to verify the critical path items before we can sign off on the release.

Thank you,

[PERSON_3]
QA Lead
[PHONE_1]",internal
"Subject: Action Required: [ORG_1] [DATE_1] Company Holiday Calendar & Office Closures

Hi Everyone,

As we approach the end of the year, we are pleased to share the official [ORG_1] Company Holiday Calendar for [DATE_1]. Please review the schedule below to plan your time off and project timelines accordingly.

The office will be fully closed on the following dates:
• New Year's Day (Observed): [DATE_2]
• Memorial Day: [DATE_3]
• Independence Day: [DATE_4]
• Labor Day: [DATE_5]
• Thanksgiving Day & Day After: [DATE_6] and [DATE_7]
• Winter Holiday Break: [DATE_8] through [DATE_9]

Please make sure to log your planned time off in our HR portal, and sync with your team leads to ensure seamless project handovers. If you have any questions regarding holiday pay eligibility, please reach out to [PERSON_1] at [EMAIL_1].

Warm regards,

[PERSON_2]
VP of People & Culture",admin
"Subject: Urgent: Execution of Updated Standard Contractual Clauses (SCCs) - [ORG_1]

Dear [PERSON_1],

As part of [ORG_1]'s annual security and compliance review of our third-party vendors, we are updating our records to ensure full compliance with international data transfer regulations under GDPR Chapter V. Our records indicate that our current agreement with [ORG_2] relies on outdated transfer mechanisms.

To address this, we require the execution of our updated Data Processing Addendum (DPA), which incorporates the latest EU Standard Contractual Clauses (SCCs) and the UK International Data Transfer Addendum (IDTA). 

Please have your authorized signatory review and execute the attached DPA via DocuSign by [DATE_1]. For any legal inquiries regarding these clauses, you can contact our privacy team at [EMAIL_1] or call [PHONE_1].

Sincerely,

[PERSON_2]
Vendor Risk Management",security
"Subject: Logistics Coordination: Finance Team Laptop Upgrades

Hi Team,

On [DATE_1], the IT Administration team will be executing the scheduled bulk laptop refresh for the entire Finance Department. 

We will deliver the new pre-configured laptops directly to your desks on the 3rd floor. For remote team members, your devices will be dispatched via courier on [DATE_2].

Please ensure all local files are backed up to [ORG_1] OneDrive before [DATE_1]. Once you receive your new laptop, place your old machine in the designated ""Return bins"" located next to the Floor 3 printing station. All returned drives will undergo a DoD-compliant data wipe before physical recycling.

Thanks for your cooperation,
[PERSON_1]
IT Lead Coordinator
[ORG_2] Technology Group",admin
"Subject: Q4 Product Roadmap - Final Sign-off

Hi Engineering and Design Teams,

Thank you all for the feedback and collaborative effort over the past two weeks. I am pleased to share that the Q4 Product Roadmap has been officially finalized and signed off by leadership.

We have locked in the following schedule:
- Sprint 21-22: UI/UX design and architecture definition for the Analytics Dashboard.
- Sprint 23-24: Backend implementation and core API endpoints (Target: Beta release on [DATE_1]).
- Sprint 25-26: Frontend integration, QA testing, and bug fixing (Target: GA on [DATE_2]).

[PERSON_1] will be setting up the sprint epics in Jira today, and [PERSON_2] will share the Figma prototypes by tomorrow afternoon. Let's make Q4 a highly successful quarter!

Best regards,

[PERSON_3]
Senior Product Manager
[EMAIL_1]",internal
"Subject: Critical Vulnerability Notification: Immediate Action Required on Production Clusters

Hi Team,

We were notified today by our external security partner, [ORG_1], regarding a critical zero-day vulnerability affecting our Kubernetes ingress controllers. If exploited, this vulnerability could allow an attacker to bypass authentication mechanisms completely.

To secure our environments, the Security team has scheduled an emergency patch deployment according to the following schedule:

* **Staging/UAT Environments:** [DATE_1] at 2:00 PM EST (No downtime expected)
* **Production Clusters:** [DATE_1] at 8:00 PM EST (Brief routing interruptions under 5 minutes)

Please ensure that your team representatives are available on the incident response Slack channel (#incident-response) during these windows to validate service health post-patching.

If you have any immediate concerns, please contact me directly or email [EMAIL_1].

Thanks,

[PERSON_1]
VP of Cloud Infrastructure & Security",security
"Subject: Addendum: [ORG_1] License Expansion (500 to 750 seats)

Hi [PERSON_1],

Great speaking with you yesterday. It is exciting to see [ORG_1] expanding its use of our platform so rapidly across the APAC region.

Per our conversation, I have drafted the contract addendum to increase your Enterprise seat count from 500 to 750 seats. We have applied the negotiated volume discount of 15%, bringing the unit price down to [MONEY_1] per seat annually, prorated for the remaining 7 months of your current term.

The total prorated amount for this expansion is [MONEY_2], which will be billed on net-30 terms.

Please review the attached PDF addendum. If everything looks correct, let me know, and I will send over the DocuSign link for execution.

Best,

[PERSON_2]
Enterprise Account Executive, [ORG_2]
[EMAIL_2]",client
"Subject: System Alert: Flagged Admin Accounts during Q4 IAM Privilege Review

Attention: security-alerts@ [ORG_1].com

This is an automated system notification from the [ORG_1] IAM Audit Engine. 

During the automated scan phase of the Q4 access re-certification cycle, the system detected 3 user accounts possessing persistent Domain Admin or Super User privileges that have not undergone manager re-certification within the mandatory 90-day window:

- Account: [EMAIL_1] (Owner: [PERSON_1]) - Role: AWS AdministratorAccess
- Account: [EMAIL_2] (Owner: [PERSON_2]) - Role: GCP Organization Admin
- Account: [EMAIL_3] (Owner: [PERSON_3]) - Role: Salesforce System Administrator

Under Security Policy Sec-402 (Privileged Access Management), these accounts have been placed on a 48-hour grace period. If formal re-certification approvals are not submitted by [DATE_1] at 17:00 UTC, these administrative roles will be automatically downgraded to read-only status.

To resolve this immediately, please access the IAM Admin Console: https://iam.internal.[ORG_1].com/audits/Q4

IAM Security Automated Daemon
Ref: AL-77291-Q4",security
"Subject: Reschedule request: [PERSON_1]/[PERSON_2] 1:1

Hi [PERSON_1],

I hope your week is going well. I have a personal appointment on [DATE_1] that conflicts with our scheduled 1:1. Would it be possible to reschedule our sync to [DATE_2] at 11:00 AM, or anytime after 2:00 PM?

For our agenda this week, I'd love to chat about:
- Status of the CI/CD pipeline optimization and the performance improvements we've seen
- Some architectural blockers I'm facing with the legacy codebase on the billing module
- Getting your thoughts on the technical design doc I shared yesterday for the notification service

Apologies for the inconvenience, and let me know if any of those slots work for you.

Thanks!
[PERSON_2]
Senior Software Engineer",internal
"Subject: ISO 27001 Audit: Sample Evidence needed for IAM Access Reviews

Hi [PERSON_1],

We are currently in the fieldwork phase of our annual ISO 27001 audit with [ORG_1]. The auditors have selected a sample of employees to verify that our quarterly access reviews are being executed and documented properly.

Could you please provide the signed-off review logs or system screenshots showing the Q2 re-certification for the following individuals:
- [PERSON_2] (DevOps Team - AWS Root access review)
- [PERSON_3] (Finance Team - NetSuite access review)

We need to demonstrate to [ORG_1] that these reviews were completed, approved by their respective managers, and that any requested revocations were processed within our SLA of 5 business days.

Please upload the evidence to our secure audit portal by [DATE_1]. Let me know if you need any assistance pulling these logs from Okta.

Thanks,

[PERSON_4]
IT Compliance & Risk Manager
[EMAIL_1]",security
"Subject: Q3 Co-Marketing & Integration Launch Sync: [ORG_1] + [ORG_2]

Hi [PERSON_1],

I hope this email finds you well. As a valued API technology partner, we are incredibly excited about the upcoming launch of our v2 integration between [ORG_1] and [ORG_2], scheduled to go live on [DATE_1].

To maximize the impact of this release, our marketing team is eager to collaborate on a joint co-marketing campaign. We have drafted a co-branded landing page and a press release template, and we would love to get your team's feedback.

Do you or someone on your product marketing team have 20 minutes next week to sync on this? Let me know if any of the following slots work for you:
- [DATE_2] at 10:00 AM EST
- [DATE_3] at 2:00 PM EST

Best regards,

[PERSON_2]
Partner Marketing Manager, [ORG_1]",vendor
"Subject: [ORG_1] / [ORG_2] - Annual Renewal & API Licensing Updates

Hello [PERSON_1],

I hope you are doing well. I'm reaching out from the Account Management team at [ORG_1] regarding your upcoming annual API subscription renewal on [DATE_1]. 

Over the past year, we've introduced several new endpoints and security enhancements to our developer platform. To support these infrastructure upgrades, we have updated our API Licensing Agreement. The new terms introduce a fair-use rate-limiting clause (Section 3.4) and adjust the annual API call volume tiers. Under the new rate structure, your renewal quote is finalized at [MONEY_1] for the 12-month period.

I have attached the renewed order form and the updated licensing terms for your review. Please have your authorized signatory sign and return the document by [DATE_2] to prevent any temporary throttling of your production API keys.

Let me know if you would like to jump on a quick call to discuss these updates in detail.

Best,

[PERSON_2]
Enterprise Account Executive, [ORG_1]
[EMAIL_1]",vendor
"Subject: Policy Reminder: [DATE_1] Floating Holiday & Calendar Sync

Hello [ORG_1] Employees,

To support our diverse workforce, we are pleased to remind you of our Floating Holiday policy for the [DATE_1] calendar year. In addition to our standard scheduled closures, every full-time employee is allotted two floating holidays to observe cultural, religious, or personal days of significance.

To use your floating holidays:
1. Request the day off in the HR system at least two weeks in advance.
2. Once approved, mark your calendar as ""Out of Office"" and set up your automated email responder.
3. Coordinate with your team lead to ensure proper client coverage.

If you have any questions regarding how to log these hours or check your remaining balance, please contact [PERSON_1] at [EMAIL_1] or call HR services at [PHONE_1].

Best regards,

Human Resources Team
[ORG_1]",admin
"Subject: RE: MSA Redlines - [ORG_1] & [ORG_2] Procurement Review

Hi [PERSON_1],

Attached are our legal team's redlines for the Master Service Agreement. We accepted most of your terms, but we had to make some adjustments to Section 8 (Indemnification) and Section 12 (Data Security/IP rights). We need to align these with our standard procurement policies.

Please review with your legal counsel and let us know if we can hop on a quick call this week to finalize. 

Thanks,

[PERSON_2]
Procurement Manager
[ORG_1]
[EMAIL_1]
[PHONE_1]",vendor
"Subject: ACTION REQUIRED: Milestone Sign-Off - UAT & API Integration

Dear [PERSON_1],

We have officially concluded the User Acceptance Testing (UAT) phase for the [ORG_1] platform integration, and all critical test cases have successfully passed. This represents a major milestone in your onboarding journey.

To transition your workspace into the production environment and prepare for the live launch, we need formal sign-off on this milestone. Please review the UAT sign-off document attached and reply to this thread with your approval by [DATE_1].

Should you have any pending questions regarding the custom API endpoints or the single sign-on (SSO) configuration, please let us know so we can address them prior to final deployment.

Best regards,

[PERSON_2]
Lead Solutions Architect
[ORG_3]
[EMAIL_1]",client
"Subject: INTERNAL ONLY: Updated DPA Templates and EU-US Data Privacy Framework Guidance

Hi Team,

Legal and Security have completed the revision of our standard Data Processing Addendum (DPA) templates to reflect the new EU-US Data Privacy Framework (DPF) adequacy decision.

Going forward, when onboarding any US-based vendor processing European personal data, you must:
- Verify if the vendor is certified under the EU-US DPF.
- If certified, use the ""Form A"" DPA amendment.
- If not certified, we must continue to utilize the standard SCCs along with a Transfer Impact Assessment (TIA).

Please ensure your teams are trained on this workflow. For any questions or to access the new templates, please visit the security compliance wiki or contact [PERSON_1] at [EMAIL_1].

Regards,

[PERSON_2]
VP of Information Security & Compliance
[ORG_1]",security
"Subject: URGENT: Emergency HVAC Repairs - 6th Floor Restricted Access Today

Hello everyone,

We are experiencing an unexpected cooling failure on the 6th Floor affecting our server room and the adjacent open-office area. Emergency technicians from [ORG_1] are currently on-site addressing the issue.

To allow the maintenance crew space to perform critical repairs, the entire 6th floor is temporarily closed to non-essential personnel, effective immediately. If your workspace is on the 6th floor, please pack up your laptop and relocate to the 1st-floor cafeteria or the 2nd-floor collaborative lounge for the remainder of the day.

We apologize for this sudden disruption and expect to have the systems fully operational by tomorrow morning. We will send a follow-up confirmation email once the floor has officially reopened.

For immediate questions or assistance with temporary desk setups, please contact [PERSON_1] at [PHONE_1].

Thank you,

[ORG_2] Facilities Helpdesk",admin
"Subject: Early Office Closure: [DATE_1] (Christmas Eve)

Hi Team,

To allow everyone additional time to prepare for the holidays and travel to see loved ones, [ORG_1] will be implementing an early office closure on [DATE_1].

All physical office locations will close early at 1:00 PM local time. Employees are permitted to log off at this time, provided that critical daily tasks have been completed and client-facing coverage is managed.

Please ensure you set up your Out of Office (OOO) email auto-responder before you leave. If you have any emergency client needs after 1:00 PM, please coordinate with [PERSON_1] at [EMAIL_1].

Thank you for all your hard work, and we hope you enjoy the extended break!

Best regards,

[PERSON_2]
HR & Admin Director",admin
"Subject: Action Required: Annual Renewal and Updated License Terms for [ORG_1] Workspace

Hi [PERSON_1],

Your [ORG_1] Workspace subscription is renewing on [DATE_1]. 

As part of this year's renewal cycle, we are migrating all legacy enterprise plans to our new Unified Terms of Service. These updated terms streamline our data privacy compliance frameworks (GDPR, CCPA, and HIPAA) and introduce improved service credit policies for any unexpected downtime.

Your renewed annual fee for [ORG_2] will be [MONEY_1] for the upcoming 12-month period, reflecting your active team count of 1,200 users. 

Please click the link below to review the updated terms and authorize the renewal: 
https://workspace.portal.[ORG_1].com/billing/renew/auth-93820

If you have any questions or require our vendor W-9 form to complete the procurement process, please reply directly to this email.

Best regards,

[PERSON_2]
Global Renewals Manager, [ORG_1]",vendor
"Subject: Design Review: Q4 Feature Roadmap Mockups

Hi Team,

As part of our Q4 feature roadmap preparation, [PERSON_1] has completed the initial design concepts for the upcoming Notification Center feature, which is scheduled for development in mid-October.

We want to ensure these designs are technically feasible and align with our design system before we lock down the product requirements document (PRD) on [DATE_1]. 

Please take 15 minutes to review the Figma file and leave your feedback directly on the canvas. We are particularly interested in engineering feedback regarding the real-time notification delivery mechanism and how it impacts mobile performance.

Figma Link: [ORG_1].figma.com/file/Q4-Notification-Center-v1

Let's aim to have all feedback submitted by [DATE_2] so we can make any necessary revisions.

Cheers,

[PERSON_2]
Associate Product Manager, [ORG_1]",internal
"Subject: RE: Draft Q4 Product Roadmap & Feature Priorities

Hi [PERSON_1],

Thanks for sharing this early draft. The engineering team has reviewed the proposed features, and we have some feedback regarding the timeline for the MFA Enforcement epic.

Given the current technical debt in our authentication service, delivering MFA by [DATE_1] is going to be extremely tight, especially with the holidays in November and December. We recommend pushing the target release date to [DATE_2] to ensure we have adequate time for security audits and penetration testing.

Let's discuss this during our sync tomorrow morning at 10:00 AM. I want to make sure we set realistic expectations before this goes to the executive team.

Best,

[PERSON_2]
Engineering Manager, [ORG_1]",internal
"Subject: Quick coffee? ☕

Hey [PERSON_1],

I'm heading down to the [ORG_1] lobby cafe in about 10 minutes to grab a flat white before our [DATE_1] morning standup.

Want to tag along and grab something? I definitely need a quick caffeine hit to wake up today before we go over the board.

Let me know if you're free to walk down!

Cheers,
[PERSON_2]",personal
"Subject: Sync request: Co-marketing the [ORG_1] + [ORG_2] API integration

Hello [PERSON_1],

I’m reaching out from the Developer Relations team here at [ORG_1]. Over the past month, we have seen an incredible uptick in developer sign-ups utilizing our joint API endpoint, crossing over [MONEY_1] in equivalent API traffic value last week alone.

Given the strong momentum, we think there is a fantastic opportunity to collaborate on some technical co-marketing. Specifically, we would like to draft a technical case study or developer-focused guest blog post highlighting the low-latency performance of the integration.

Let's jump on a quick call next week to coordinate. Please let me know if any of the below times work for you:
- [DATE_1] at 10:00 AM EST
- [DATE_2] at 2:00 PM EST

Looking forward to working together on this launch.

Cheers,

[PERSON_2]
Developer Relations Lead
[ORG_1]
[EMAIL_1]",vendor
"Subject: Ticket #[NUMBER] - Your New Lenovo ThinkPad Has Shipped - Return Instructions Inside

Hi [PERSON_1],

This is an automated notification from the [ORG_1] Global Logistics Hub. Your replacement laptop (Lenovo ThinkPad X1 Carbon) has been successfully imaged and dispatched. 

Tracking Information:
* Carrier: DHL Express
* Tracking Number: [TRACKING_NUMBER]
* Estimated Delivery: [DATE_1]

Important Return Instructions for Legacy Asset:
Your current laptop must be returned to our central inventory for secure decommissioning and data sanitization. A pre-printed, prepaid return label has been placed inside the shipping box. Please ensure your old laptop is securely packed and shipped back to us no later than [DATE_2]. 

Please note: Under [ORG_1] hardware policy, unreturned assets will be flagged as lost/stolen, and a replacement fee of up to [MONEY_1] may be charged to your department's cost center.

For technical setup support once your machine arrives, please visit the IT Portal or open a chat ticket with our desktop support team.

Thank you,

IT Logistics & Operations
[ORG_1]",admin
"Subject: Triage Notes & Action Items - [DATE_1] Core Platform Bug Triage

Hi everyone,

Thanks for joining the triage sync today. We reviewed 14 newly reported defects from the automated end-to-end runs and manual QA exploratory testing. Here is the summary of action items and assignments:

* [ORG_1]-8842: Memory leak in telemetry worker (P1 Blocker) -> Assigned to [PERSON_1]. Target fix: [DATE_2].
* [ORG_1]-8849: Flaky Cypress tests on the billing dashboard (P2) -> Assigned to [PERSON_2] to investigate race conditions.
* [ORG_1]-8855: CSS alignment issue on mobile safari (P3) -> Backlogged for Sprint 25.

Please update your respective tickets with ETA comments by EOD. Our next triage sync is scheduled for Thursday.

Best,
[PERSON_3]
Engineering Manager, [ORG_1]",internal
"Subject: Update: Floating Holidays and Local Public Holiday Policy

Hi all,

We have received a few questions regarding the upcoming public holiday on [DATE_1] and how it applies to our remote workers and regional hubs.

As a reminder, [ORG_1] matches office closures to the local public holiday calendar of each respective region. For employees based in offices where [DATE_1] is not an official public holiday, the office will remain open, and standard working hours will apply.

However, all full-time employees are allocated two floating holiday days per calendar year to use for cultural, religious, or local holidays not covered by our standard corporate calendar. Additionally, as part of our year-end wellness initiative, the company is offering a holiday wellness stipend of [MONEY_1] to support your physical and mental health. This can be claimed via the expense portal starting next week.

If you wish to use a floating holiday for [DATE_1], please submit a request through the HR portal at least 5 business days in advance. For questions regarding benefits, please contact [PERSON_1] in the Admin department at [EMAIL_1].

Best,

[PERSON_2]
Operations & Benefits Team",admin
"Subject: Action Required (The Fun Kind!): Sign [PERSON_1]'s Birthday Card! 🎉

Hey everyone,

Quick reminder that [PERSON_1] is celebrating another trip around the sun this coming [DATE_1]!

We’ve put together a Kudoboard to show our appreciation and wish them a fantastic day. Please hop on and add your messages, photos, or funny memes by [DATE_2]:

Link to Kudoboard: https://www.kudoboard.com/boards/[PERSON_1]-birthday-celebration

We are also putting together a small group gift (digital gift card). If you'd like to chip in, you can Venmo me at @[PERSON_2]-deals or send [MONEY_1] over. Totally optional, of course!

Let's keep this a secret until Friday!

Cheers,

[PERSON_3]",personal
"Subject: Carpool / Logistics for [PERSON_1]'s farewell lunch next Friday

Hey team,

For those attending [PERSON_1]’s farewell lunch next Friday, [DATE_1] at [ORG_1], I wanted to coordinate rides so we don't have to take ten different cars and pay for parking multiple times.

I have 4 open spots in my car. [PERSON_2] has also offered to drive and has 3 spots. 

We plan to leave the office parking lot at exactly 11:45 AM so we can make our 12:00 PM reservation. Reply to this thread or ping me on Slack if you want to snag a seat with either of us!

Thanks,

[PERSON_3]",personal
"Subject: ACTION REQUIRED: Kickoff of [ORG_1] Annual SOC 2 Type II Audit Evidence Collection

Hi Team,

It is that time of the year again. Our annual SOC 2 Type II audit window is closing on [DATE_1], and we need to begin our evidence collection phase. As with last year, we are utilizing [ORG_2]'s compliance platform to track progress and upload evidence artifacts.

Attached to this email is the master checklist for this audit cycle. Please review the items assigned to your respective departments (Engineering, HR, IT, and Security). All evidence must be uploaded to the portal no later than [DATE_2].

If you have any questions or need clarification on what specific artifacts are required for your assigned controls, please reach out to [PERSON_1] at [EMAIL_1]. Thank you for your cooperation in keeping [ORG_1] compliant and secure.

Best regards,

[PERSON_2]
VP of Security & Compliance
[ORG_1]",security
"Subject: ACTION REQUIRED: Urgent Security Patch for GlobalProtect VPN Client

Dear Colleagues,

A critical security vulnerability has been disclosed affecting the Palo Alto Networks GlobalProtect VPN client used across [ORG_1]. This vulnerability allows for remote code execution and poses an immediate threat to our corporate network integrity.

An emergency patch has been pushed to all corporate-managed endpoints. To complete the installation and secure your system, you must restart your computer as soon as possible, but no later than [DATE_1] at 5:00 PM local time.

If you do not restart your machine by the deadline, your VPN access will be automatically revoked to protect the network. You can verify the patch status or request assistance by emailing the SecOps team at [EMAIL_1].

Thank you for your prompt attention to this matter.

Sincerely,

[PERSON_1]
IT Security Operations Lead",security
"Subject: Review of Customer-Facing DPA & UK/EU Cross-Border Transfer Templates

Hi [PERSON_1],

I am writing to share the redlines from our external legal counsel, [ORG_1], regarding our standard customer-facing Data Processing Addendum (DPA). As we expand our sales footprint into EMEA and APAC, several enterprise prospects have flagged gaps in our international transfer clauses, specifically regarding the UK Addendum to the EU SCCs.

I have uploaded the revised draft to our compliance repository. Key updates include:
1. Updated description of technical and organizational measures (TOMs) in Annex II.
2. Implementation of the Swiss and UK transfer amendments.
3. Clarification on our subprocessor notification period (increased from 14 to 30 days).

Please review these updates by [DATE_1] so we can publish the new version on our trust center.

Regards,

[PERSON_2]
Privacy Counsel",security
"Subject: ACTION REQUIRED: Overdue IT Asset Return - Laptop Replacement Program

Hi [PERSON_1],

Our records indicate that you received your upgraded corporate laptop on [DATE_1]. However, we have not yet received your old asset (Serial Number: [ORG_1]-99281) back at our IT distribution center.

Company policy requires all decommissioned assets to be returned within 14 days of receiving replacement hardware to ensure proper data sanitization and environmental recycling. 

Please use the pre-labeled shipping box sent with your new device. If you have misplaced the return shipping label, please contact [EMAIL_1] immediately to request a digital replacement.

Failure to return the device by [DATE_2] may result in the remote locking of the asset and escalation to [ORG_2] Management.

Thank you for your prompt attention to this matter.

Regards,

[PERSON_2]
Global Asset Recovery Logistics",admin
"Subject: URGENT: Emergency Patching Required - Critical Remote Code Execution (RCE) in [ORG_1] Systems

Team,

We have been notified of a critical Zero-Day Remote Code Execution (RCE) vulnerability actively being exploited in the wild that affects our core [ORG_1] application servers. The security team has rated this as a CVSS 9.8 (Critical) vulnerability.

To mitigate this risk, we are initiating an emergency out-of-band patching cycle. 

Emergency Maintenance Window Details:
- Start Time: [DATE_1] at 10:00 PM EST
- Estimated Downtime: 15-30 minutes per cluster
- Scope: All production and staging application servers

Please ensure all active deployments are paused by 9:00 PM EST on [DATE_1]. [PERSON_1] will be leading the infrastructure team during this maintenance window. If you have any critical workloads running that cannot be interrupted, contact the Security Operations Center immediately at [EMAIL_1].

Thank you for your prompt cooperation in securing our infrastructure.

Best regards,

[PERSON_2]
Director of Information Security
[ORG_2] Security Group",security
"Subject: Action Required: Missing Countersigned NDA for [ORG_1] Integration

Hi [PERSON_1],

During our weekly compliance audit, I noticed that we are still missing the fully executed (countersigned) Mutual NDA for our new partner, [ORG_1].

According to our records, we sent our signed copy to [PERSON_2] ([EMAIL_1]) back on [DATE_1], but we have not received their countersigned version yet. As per our ISO 27001 access control policy, we cannot provision their developer sandbox accounts until this agreement is legally finalized.

Could you please reach out to your contact at [ORG_1] and request the countersigned document?

Thanks,

[PERSON_3]
Security Compliance Coordinator
[ORG_2]",security
"Subject: Scheduled Laptop Refresh: Pick-up and Return Details for [DATE_1]

Hello [PERSON_1],

Your department is scheduled for a mandatory hardware refresh. Your new MacBook Pro is ready for collection at the HQ Tech Bar (Floor 4, Room 402) on [DATE_1] between 9:00 AM and 4:00 PM.

When you come to pick up your new laptop, you must bring your current laptop, power adapter, and any corporate-issued adapters. The IT team will assist you with a quick 15-minute data migration checklist before we decommission and wipe your old machine.

If you cannot make this window due to travel or meetings, please reach out to the helpdesk at [EMAIL_1] to reschedule. Note that unreturned legacy assets will have their network access deactivated after [DATE_2] for security compliance.

Sincerely,
IT Support & Logistics
[ORG_1] Enterprises",admin
"Subject: [ORG_1] Global Holiday Calendar - [DATE_1] Schedule

Dear Employees,

The global Human Resources and Workplace Operations teams have finalized the [ORG_1] corporate holiday calendar for the upcoming [DATE_1] calendar year. 

Attached to this email, you will find the complete country-by-country breakdown of public holidays and corporate office closures. Please review the schedule relevant to your primary work location to plan your time off and project timelines accordingly.

Key Highlights:
- US offices will observe a total of 11 paid company holidays.
- EMEA and APAC regional offices will observe local statutory holidays as detailed in the attached schedule.
- Floating holidays must be submitted and approved via the HR portal by [DATE_2].

If you have any questions regarding your local holiday calendar or PTO accruals, please reach out to the HR Helpdesk at [EMAIL_1] or call [PHONE_1].

Warm regards,

[PERSON_1]
VP of Human Resources
[ORG_1]",admin
"Subject: High Priority: Compliance Remediation for [ORG_1] Data Transfer Agreement

Hi [PERSON_1],

I am writing to escalate an outstanding compliance issue regarding our vendor relationship with [ORG_2]. During our quarterly vendor risk assessment, our legal and security teams identified that the current Data Processing Addendum (DPA) on file does not comply with current Schrems II requirements for international transfers.

Specifically, [ORG_2] processes customer telemetry data in a non-adequate country without the required Standard Contractual Clauses (SCCs) or verified supplementary measures. We have reached out to their account team multiple times but have not received a signed copy of the updated DPA.

Because this poses a critical compliance risk to our upcoming SOC 2 Type II audit, we may be forced to suspend data flows to [ORG_2] if this is not resolved by [DATE_1]. Please let me know if you can leverage your relationship with [PERSON_2] at [ORG_2] to get this signed off immediately.

Regards,

[PERSON_3]
VP of Information Security, [ORG_3]",security
"Subject: REMINDER: Weekend HVAC Maintenance & Floor 10 Closure

Hi everyone,

This is a quick reminder that the 10th floor will be closed this coming weekend, starting Friday, [DATE_1] at 6:00 PM, through Sunday, [DATE_2] at 8:00 PM, for critical HVAC filter replacements and airflow testing.

Power to all desktop units on Floor 10 will be temporarily shut down to prevent dust damage. Please ensure you save all your work and shut down your computers before leaving the office on Friday afternoon.

If you require weekend access to the office, please use the hot-desks on Floor 8. For any building security concerns during this maintenance window, please contact security at [PHONE_1].

Thank you,

Facilities Team
[ORG_1]",admin
"Subject: [ORG_1] - Demo Request & InfoSec Verification

Hello,

My name is [PERSON_1], Enterprise Architect at [ORG_1]. We are reviewing enterprise customer success platforms and would like to arrange a demo of your dashboarding and automation modules.

To help prepare our team, could you send a brief overview of your data hosting locations (AWS/Azure regions) and your data privacy policies? We have strict data residency requirements that we must verify before booking the demo.

If you could also include your standard security package (SOC 2, Sig Lite, or CAIQ), that would help us expedite the vetting process.

Looking forward to connecting soon.

Kind regards,

[PERSON_1]
[ORG_1]",client
"Subject: Enterprise License Scale-Up & Pricing Review - [ORG_1]

Dear [PERSON_1],

As we prepare for our upcoming fiscal year, [ORG_1] is planning a global consolidation of our software stack. We are looking to migrate several legacy teams over to your platform, which will require a massive scale-up of our user base.

We currently license 1,200 seats under our current agreement. We anticipate needing an additional 3,500 seats starting [DATE_1]. Given the scale of this expansion, our executive leadership has requested a formal review of our enterprise pricing structure.

Could you please arrange a meeting with your sales leadership and our procurement team next week? We would like to negotiate a customized enterprise tier flat-rate or a significantly reduced per-seat cost that reflects a 4,700-seat commitment. 

Please let me know your availability for [DATE_2] or [DATE_3].

Sincerely,

[PERSON_2]
VP of IT Operations
[ORG_1]
[EMAIL_1]",client
"Subject: Q2 Phishing Simulation Campaign Results - [ORG_1] Engineering

Hi [PERSON_1],

I am writing to share the results of our Q2 Phishing Simulation Campaign for the Engineering department, which concluded on [DATE_1].

Overall, the department performed well, but there is still room for improvement:
- Total Emails Sent: 142
- Reported: 68%
- Click Rate: 4.2% (Target is < 2%)
- Credential Harvested: 1.4%

While our reporting rate has improved by 5% since Q1, the click rate remains slightly above our corporate target. Please remind your teams to always use the 'Report Phishing' button in Outlook rather than forwarding suspicious emails to IT.

We will be conducting targeted, micro-learning sessions for individuals who interacted with the simulation link next week.

Regards,

[PERSON_2]
IT Security Analyst
[ORG_1] SecOps",security
"Subject: Action Required: Team Compliance Status for Security Training

Hi [PERSON_1],

As we prepare for our upcoming SOC 2 Type II audit, we need to ensure 100% completion of our mandatory Security Training modules across all departments.

Currently, your team ([ORG_1] Engineering) is at an 82% completion rate. The following team members still have outstanding modules due by [DATE_1]:
- [PERSON_2] (Pending: Secure Coding Practices)
- [PERSON_3] (Pending: Phishing Awareness Recap)

Please follow up with them directly to ensure these are completed before the auditor's review. Our compliance certification depends heavily on these training records.

Let me know if you need me to pull a detailed report or if there are any technical roadblocks we need to resolve.

Best regards,

[PERSON_4]
Director of Information Security
[ORG_1]",security
"Subject: Birthday Card for [PERSON_1] - Please sign by EOD [DATE_1]!

Hi Team,

[PERSON_1]'s birthday is just around the corner on [DATE_2]!

To show our appreciation for everything they do for the [ORG_1] team, we've set up a digital card. Please take a moment to leave a note, share a funny team memory, or upload a GIF:

👉 Sign the card here: https://www.groupgreeting.com/sign/[PERSON_1]s-special-day

Please make sure to add your message by [DATE_1] at 5:00 PM so we can deliver it to their inbox first thing in the morning on their birthday.

Thank you!

[PERSON_2]
[ORG_1] Operations Team",personal
"Subject: Q4 Roadmap Alignment & Engineering Sizing - [ORG_1] Billing Team

Hi Billing Squad,

I've drafted our Q4 roadmap priorities and wanted to share them with you all for feedback and engineering sizing before we lock them in next week.

For Q4, our team is heavily focused on automated invoicing and integrating [ORG_2] as a secondary payment gateway. Here is the tentative timeline:
- [DATE_1] to [DATE_2]: API integration and sandbox testing with [ORG_2].
- [DATE_3] to [DATE_4]: Beta testing with select enterprise clients.
- [DATE_5]: General Availability and automated invoicing roll-out.

Please take a look at the Jira epic and add your initial t-shirt sizing estimates by [DATE_6]. Let's discuss blockers during our sync on Tuesday.

Thanks,

[PERSON_1]
Product Manager, Billing & Payments",internal
"Subject: Counter-proposals: [ORG_1] / [ORG_2] Master Services Agreement

Hi [PERSON_1],

Thank you for sharing [ORG_2]'s feedback on the draft MSA. I've reviewed the redlines with our internal legal team. 

We can agree to your proposed changes on the SLA terms, but we have a counter-proposal regarding the liability cap in Section 10. We've proposed capping it at [MONEY_1] (which represents 12 months of fees) rather than the unlimited liability requested. 

Attached is the updated document with our suggested edits in blue. Let me know if this works for your team.

Best,

[PERSON_2]
Enterprise Account Executive
[ORG_1]
[EMAIL_1]",vendor
"Subject: Rescheduling our weekly sync - [DATE_1]

Hey [PERSON_1],

I have a personal appointment on [DATE_1] during our regular 1:1 slot, so I need to reschedule our sync for this week. How does [DATE_2] at 3:30 PM sound to you?

When we meet, I'd like to dedicate our time to:
- Drafting our team's Q4 OKRs
- Resolving the authentication blocker with the [ORG_1] OAuth flow
- Checking in on your overall workload balance and burnout prevention

Let me know if that time works, and I will update the calendar invite accordingly. 

Cheers,

[PERSON_2]
Engineering Lead
[ORG_2]",internal
"Subject: Happy Birthday [PERSON_1]!!! 🎈🍰

Hi [PERSON_1],

On behalf of the entire [ORG_1] team, we want to wish you the happiest of birthdays today!

We are so incredibly lucky to have you on the team. Your positive energy and dedication make working together such a blast. We hope you take some well-deserved time to celebrate and relax.

We put together a little surprise for you. Check out your virtual birthday card from all of us here: https://www.kudoboard.com/boards/[PERSON_1]-happy-birthday

Hope you have an amazing day filled with cake, fun, and absolutely zero work emails!

Cheers,

[PERSON_2] and the rest of the team",personal
"Subject: Great Job! Q3 Phishing Simulation Wrap-Up and Prize Winners

Hello [ORG_1] Team,

We have officially wrapped up our Q3 Phishing Simulation Campaign, and the results are fantastic! 

We saw our highest reporting rate ever, with 89% of employees successfully using the PhishAlarm button to flag the suspicious ""IT System Update"" email. This shows that our continuous security awareness efforts are paying off.

To celebrate, we randomly selected three employees who reported the phish within the first hour to receive a [MONEY_1] gift card. Congratulations to our winners:
- [PERSON_1] (Marketing)
- [PERSON_2] (Engineering)
- [PERSON_3] (Customer Success)

Your gift cards will be sent to your email shortly. 

Thank you to everyone for staying alert and helping to defend our digital workspace. Remember, if you see something suspicious, always report it!

Best regards,

[ORG_1] Security & Compliance Team",security
"Subject: Welcome to [ORG_1]! Kickoff Agenda and Pre-Work

Hello [PERSON_1] and team,

We are excited for our upcoming kickoff call scheduled for [DATE_1] at 11:00 AM.

Ahead of our call, please find the agenda attached. We will cover our deployment roadmap, key milestones, and define roles and responsibilities. To make the most of our time, please ensure your technical lead has completed the pre-kickoff questionnaire at [EMAIL_1] (or via the portal link provided in our welcome kit).

If you need to add any additional stakeholders from [ORG_2] to the invite, please forward this email or let me know and I will update the calendar invite.

See you all on [DATE_2]!

Best,

[PERSON_2]
Customer Success Manager, [ORG_1]",client
"Subject: Urgent: Nightly Regression Failures on [DATE_1] - API Gateway Auth timeouts

Hi team,

Our nightly automation run on [DATE_1] experienced a massive spike in failures, specifically within the `api-gateway-auth` test suite. Out of 150 test cases, 42 failed consistently with a 504 Gateway Timeout error. 

Based on the preliminary logs, this appears to be related to the rate-limiting changes merged yesterday afternoon. I have uploaded the full HTML report and stack traces to our shared drive. 

Let's meet at 10:00 AM today in the engineering triage room to review the logs and assign ownership. CC'ing [PERSON_1] for visibility on the potential blocker for the upcoming sprint release.

Best,
[PERSON_2]
Lead QA Automation Engineer, [ORG_1]",internal
"Subject: coffee run ☕

Hey [PERSON_1],

Heading downstairs to grab an espresso before we kick off the daily standup at 10:00. Want me to grab you something, or do you want to walk down together?

I'll probably head down in about 10 minutes. Let me know!

Cheers,

[PERSON_2]
Senior Developer, [ORG_1]",personal
"Subject: Draft Review: Co-branded Landing Page & API Integration Announcement

Hi [PERSON_1],

Our design and content teams have put together the first draft of the co-branded landing page for the [ORG_1] x [ORG_2] API integration.

You can review the staging link and draft copy in the shared drive. We want to ensure that your API's authentication protocols and rate-limiting details are accurately represented before this goes live.

Could we hop on a quick 15-minute alignment call on [DATE_1] to finalize the copy? Our goal is to launch this campaign by [DATE_2], alongside a dedicated product announcement email.

Looking forward to your feedback.

Best,

[PERSON_2]
Partner Marketing Lead, [ORG_1]
[EMAIL_1]",vendor
"Subject: ACTION REQUIRED: Post-Phishing Simulation Follow-up Training

Hi [PERSON_1],

As part of our ongoing commitment to security at [ORG_1], we recently conducted a simulated phishing exercise on [DATE_1]. Our records show that you interacted with the simulated malicious link in that email.

Don't worry, this was just a test, but it highlights how convincing these modern social engineering attacks can be. To help you spot these indicators in the future, we have assigned a short, 5-minute remedial training module: ""Spotting Phishing Attempts"" to your profile in the [ORG_2] learning portal.

Please complete this module by [DATE_2] to ensure our team remains compliant with our annual security training goals. If you have any questions or believe this was logged in error, please contact the IT Helpdesk at [EMAIL_1].

Thanks,

[PERSON_2]
Chief Information Security Officer
[ORG_1]",security
"Subject: Quick watercooler check-in / weekend recap!

Hey [PERSON_1],

Missed you at the coffee machine this morning! I wanted to check in and see how your weekend went. Did you end up going to that concert you mentioned last Friday? I ended up just binge-watching that new show on Netflix, which was desperately needed.

Also, we need to catch up on the latest office gossip whenever you have a quick 10 minutes to step away from your desk. I'll be hanging out near the kitchen around [DATE_1] at 2 PM if you want to grab a matcha.

Talk soon,

[PERSON_2]",personal
"Subject: Urgent: Execution of Updated Standard Contractual Clauses (SCCs) - [ORG_1]

Dear [PERSON_1],

I am writing on behalf of the Legal & Security Compliance team at [ORG_1]. In light of recent regulatory updates regarding international data transfers under the GDPR and UK GDPR, we are systematically reviewing and updating our Data Processing Addendums (DPAs) with all critical vendors.

Our records indicate that [ORG_2] processes personal data originating from the EEA/UK on our behalf. To ensure continued compliance, we require the execution of the latest EU Standard Contractual Clauses (Module 2: Controller-to-Processor) along with the UK Addendum.

Please review the attached DPA Amendment and have it executed by an authorized signatory by [DATE_1]. If there are any specific transfer impact assessments (TIAs) or security posture reports you would like us to review in tandem, please send them over.

Thank you for your prompt attention to this security and compliance matter.

Sincerely,

[PERSON_2]
Global Data Privacy Officer
[ORG_1]",security
"Subject: Blocker: Need DB access to debug staging db lockup

Hey [PERSON_1],

I'm currently investigating the ongoing staging environment outage. The API pods are failing to connect to the PostgreSQL instance.

I suspect there's an unindexed query from the new analytics dashboard locking the main transactions table. However, my IAM role doesn't have read access to the performance insights on the staging AWS account. Could you or someone from DevOps temporarily grant me permission or pull the active query locks for me? 

We've been down for 3 hours now and QA is completely blocked. Reach me at [PHONE_1] if you can jump on a quick call to debug together.

Thanks,
[PERSON_2]",internal
"Subject: Happy Birthday, [PERSON_1]! 🥳🎉

Hi [PERSON_1],

On behalf of the entire team here at [ORG_1], we want to wish you a very Happy Birthday today!

We are so incredibly lucky to have you on the team. Your positive energy, dedication, and humor make working together such a blast. To celebrate, we all chipped in and wrote you a little something.

Here is a link to your virtual birthday card filled with messages, memes, and well-wishes from the whole crew: https://www.groupgreeting.com/delivered/[PERSON_1]-birthday

Hope you have a fantastic day, eat some delicious cake, and get to relax this evening!

Cheers,

[PERSON_2] and the [ORG_1] Team",personal
"Subject: Did you see that game last night? 🏀

Hey [PERSON_1],

I know we both have a crazy day of meetings ahead, but I had to reach out—did you actually stay up to watch the end of the game last night? I cannot believe they pulled off that win in the final ten seconds!

We definitely need a quick watercooler debrief. Let me know if you are taking a screen break around 3 PM today. I'll meet you by the cafeteria and we can dissect that terrible referee call over some tea.

Have a good morning!

Best,

[PERSON_2]",personal
"Subject: RE: SLA Breach Compensation - [ORG_1] / [ORG_2] Partnership

Hi [PERSON_1],

Thank you for sending over the Root Cause Analysis (RCA) regarding the system failure on [DATE_1]. While we appreciate the transparency and the steps your engineering team is taking to prevent future occurrences, the business impact on our side remains severe.

Our team has evaluated the direct losses incurred during the 6-hour window where our agents could not access the system. While your standard SLA credit policy caps compensation at [MONEY_1], we believe this does not adequately address the scale of this breach, especially given that this is the second SLA failure this quarter.

We would like to propose a goodwill credit of [MONEY_2] to be applied to our annual enterprise renewal. This would go a long way in restoring confidence in [ORG_2]'s services as we look to renew our contract next month.

Let's schedule some time tomorrow to discuss this compromise. You can reach me directly at [PHONE_1] or we can coordinate via email at [EMAIL_1].

Kind regards,

[PERSON_2]
Head of Global Procurement, [ORG_1]",client
"Subject: Milestone Sign-off Request: Phase 1 Data Migration for [ORG_1]

Hi [PERSON_1],

I am pleased to report that we have successfully completed the Phase 1 Data Migration milestone for [ORG_1]'s instance. Our technical team has migrated all historical records and validated the schema mapping against your requirements.

To proceed to Phase 2 (API Integrations and custom workflows), we require your formal sign-off on this milestone. Please review the attached Validation Report, which highlights the record counts and field validations.

Could you please reply to this email with ""APPROVED"" or provide any feedback by [DATE_1]? If you would like to hop on a quick 15-minute call to review the validation report together, please let me know and I will set up a meeting.

Thank you for your continued partnership,

[PERSON_2]
Technical Onboarding Lead, [ORG_2]
[EMAIL_1]",client
"Subject: Rescheduling our 1-on-1 + Agenda for this week

Hi [PERSON_1],

I need to push our 1-on-1 this week because I have a conflicting leadership sync on [DATE_1]. Let's move our session to [DATE_2] at 4:00 PM.

I wanted to make sure we have dedicated time to discuss:
- The technical debt backlog and how we should prioritize it in the upcoming sprint.
- Mid-year performance self-evaluations (due by the end of next week).
- Feedback on the system design presentation you gave to the [ORG_1] engineering group.

Please let me know if this new time works for you, or feel free to suggest a better time via Slack or [EMAIL_1].

Best,
[PERSON_2]",internal
"Subject: Q4 Product Roadmap & Feature Priorities

Hi Team,

As we approach the end of Q3, I wanted to share our finalized Q4 product roadmap and core priorities. Our primary objective for next quarter is enhancing platform stability while delivering the highly requested analytics dashboard.

Here is a breakdown of our three main epics for Q4:
1. Custom Analytics Engine (Target Release: [DATE_1])
2. Batch Export Functionality (Target Release: [DATE_2])
3. Core Infrastructure & API Latency reduction

Please review the detailed specs on Confluence and add your comments before our alignment meeting this Thursday. I've attached the timeline slide deck for your reference.

Best,

[PERSON_1]
Lead Product Manager, [ORG_1]",internal
"Subject: URGENT: Broken build on main - Automated UI Test Failures [DATE_1]

Hi team,

Our nightly Playwright automation run on the main branch failed last night with 14 critical failures in the checkout flow. This is currently blocking our release candidate packaging.

Triage Summary:
- 8 failures due to a TimeoutError: waiting for selector ""#submit-payment"" on the cart page. It looks like the button ID was changed in the recent frontend refactor.
- 6 failures in the shipping address validation step, returning a 500 error from the backend mock service.

[PERSON_1] is already investigating the frontend selector changes. [PERSON_2], could you please check if there were any changes to the mock server configurations yesterday?

Let's sync up on the triage Slack channel at 10:30 AM to coordinate the fixes. 

Best,
[PERSON_3]
QA Automation Lead
[ORG_1]",internal
"Subject: Balancing Tech Debt and Q4 Feature Commitments

Hi [PERSON_1],

Following up on our 1-on-1 earlier today, I want to make sure we are fully aligned on how we balance technical debt with our Q4 product roadmap commitments.

Our primary customer-facing goal remains the launch of the advanced search UX enhancement by [DATE_1]. However, I have carved out 25% of the sprint capacity specifically for the database migration and index optimizations you flagged. 

Let's review the sprint-by-sprint timeline together on [DATE_2] to ensure the engineering team feels comfortable with this distribution.

Best,

[PERSON_2]
Product Manager, Search & Discovery",internal
"Subject: Django Migration Review - PR #1105 (User Profile Schema Update)

Hey [PERSON_1],

Thanks for setting up the user profile updates. I looked at the Django migrations in `0042_update_user_profiles.py` and had a quick question regarding backward compatibility.

Since we are splitting the `full_name` field into `first_name` and `last_name`, we need a data migration step *before* we drop the old column. If we run this migration directly, we run the risk of losing existing production data during the deployment window on [DATE_1].

Could you write a historical data migration using Django's `RunPython` to split the existing string data safely? I left some code snippets and details directly on the PR. Let me know if you need a hand testing this locally.

Cheers,

[PERSON_2]",internal
"Subject: Unresolved High Severity Ticket #[PHONE_1] - SLA Breach and Compensation Request

Hi [PERSON_1] and Support Team,

I am writing to express our deep dissatisfaction with the handling of Ticket #[PHONE_1] (Priority 1 - Critical Outage), which was opened on [DATE_1] at 08:00 AM.

Per our enterprise support agreement, P1 tickets require a response within 30 minutes and a workaround or resolution within 4 hours. Our team did not receive an initial response until 6 hours after filing, and the issue was not fully resolved until [DATE_2], representing a major breach of our support SLA.

Given the business disruption this caused, we are requesting a compensation credit of [MONEY_1] to be applied to our account. We would also like to schedule an immediate review meeting with our Account Manager to ensure this failure in support escalation does not happen again.

Regards,

[PERSON_2]
Infrastructure Manager, [ORG_1]",client
"Subject: Welcome to [ORG_1]! Onboarding Kickoff Prep

Hello [PERSON_1] and [PERSON_2],

On behalf of the entire team at [ORG_1], I want to formally welcome [ORG_2] as our newest enterprise partner. We are excited to support your digital transformation journey.

Ahead of our kickoff call scheduled for [DATE_1], we have set up your dedicated Slack channel (#org2-onboarding) and shared a shared Google Drive folder for project deliverables. Please review the attached pre-kickoff questionnaire and complete it by [DATE_2] so we can tailor our session to your team's specific integration needs.

If you need to add any additional team members to the calendar invite for the kickoff, please forward their details to [EMAIL_1].

Warm regards,

[PERSON_3]
Director of Customer Onboarding
[ORG_1]",client
"Subject: Post-Launch Sync: [ORG_1] / [ORG_2] API Adoption & Co-Marketing Phase 2

Hi [PERSON_1],

It's been about a month since we launched the [ORG_1] integration for the [ORG_2] API, and the initial adoption metrics are looking fantastic! We've already seen over 200 mutual customers activate the connection.

Given this early success, we want to propose a Phase 2 co-marketing campaign. We'd love to partner on a customer case study featuring one of our high-growth users who has significantly reduced latency using this integration.

Let's schedule a 30-minute sync next week to discuss this and review our shared pipeline. Would [DATE_1] at 10:00 AM EST work for you? Let me know, and I'll send an invite.

Best,

[PERSON_2]
Partner Success Manager, [ORG_1]",vendor
"Subject: Quick coffee before standup?

Hey [PERSON_1],

Are you already in the office? I'm headed downstairs to the [ORG_1] Cafe in about 5 minutes to grab a quick latte before our [DATE_1] morning standup.

Let me know if you want to walk down together or if I can grab you something while I'm down there!

Best,

[PERSON_2]",personal
"Subject: Signing [PERSON_1]'s birthday card! 🌟

Hi folks,

Over in the marketing department, our colleague [PERSON_1] is celebrating a birthday on [DATE_1]! Since we are spread across different offices and working hybrid, we’re doing a big virtual card push.

We know [PERSON_1] works closely with many of you in Sales and Support, so we wanted to extend the invite to your teams as well. Here is the link to the card: https://www.kudoboard.com/boards/marketing-[PERSON_1]

Feel free to forward this to anyone else who might want to write a quick note. Let's show [PERSON_1] some love!

Best,

[PERSON_2]",personal
"Subject: Announcement: Building-Wide HVAC Upgrades & Scheduled Floor Closures

Dear team members,

We are pleased to announce a major upgrade to our office building's climate control system. Starting next month, we will be installing energy-efficient HVAC units to improve air quality and reduce our carbon footprint.

To minimize disruption, the installation will be done on a floor-by-floor basis over the course of four weeks, beginning on [DATE_1]. Each affected floor will be closed to all staff for exactly three working days while old units are decommissioned and new ones are installed.

Your respective department leads will share the detailed schedule and remote work guidelines for your specific floor later this week. Please make sure to coordinate with [PERSON_1] at [EMAIL_1] if you have any questions regarding alternative seating or equipment removal.

This project is a significant investment of [MONEY_1] in our workspace, and we thank you in advance for your flexibility and support as we modernize our facilities.

Warm regards,
[PERSON_2]
VP of Operations, [ORG_1]",admin
"Subject: Action Required: Flaky Test Quarantine & Triage - [DATE_1]

Hi Dev and QA folks,

To improve our CI/CD pipeline reliability, we have quarantined 5 highly flaky Cypress specs today that were frequently blocking PR merges. These tests will be excluded from the blocking build check until they are resolved.

Quarantined Tests & Triage Assignments:
- billing_spec.js (Flakiness index: 42%) - Assigned to [PERSON_1]. Likely a race condition in the stripe modal loading state.
- user_settings_spec.js (Flakiness index: 35%) - Assigned to [PERSON_2]. Flakes during the timezone dropdown selection.
- dashboard_analytics_spec.js (Flakiness index: 28%) - Assigned to [PERSON_3]. Seems to be an issue with slow API response times in the staging environment.

Please aim to have these triaged, fixed, and unquarantined by the end of the sprint on [DATE_2].

Regards,
[PERSON_4]
Engineering Manager, DevOps",internal
"Subject: coffee run? ☕

Hey [PERSON_1],

I need a serious caffeine hit before we kick off the daily standup at 9:30. I'm heading down to the lobby espresso bar in like ten minutes.

Do you want to tag along? My treat today since you helped me out with that slide deck yesterday. Let me know!

Cheers,

[PERSON_2]",personal
"Subject: Disputed SLA Credit Calculation - [ORG_1] / [ORG_2] Agreement

Dear [PERSON_1],

We have received your proposed service credit of [MONEY_1] regarding the network outage on [DATE_1]. However, after reviewing our internal logging and the terms of our contract, we must formally dispute this calculation.

Your team calculated the downtime as 2 hours and 15 minutes. However, our records show that full service restoration for [ORG_1] was not achieved until [DATE_2] at 03:00 UTC, making the total downtime 5 hours and 45 minutes. Under Section 7.3 of our contract, any outage over 5 hours qualifies for a 50% monthly service fee credit, which equates to [MONEY_2], not the [MONEY_1] originally offered.

We have attached our network log files and the corresponding ping reports for your engineering team to verify. Please review this evidence and issue an updated credit memo reflecting the correct amount.

Sincerely,

[PERSON_2]
Director of Procurement, [ORG_1]
[PHONE_1] | [EMAIL_1]",client
"Subject: Confirmation: Your IT Tech Bar Appointment for Laptop Replacement

Hi [PERSON_1],

This is a confirmation of your upcoming appointment at the [ORG_1] IT Tech Bar to replace your corporate laptop.

Appointment Details:
* Date: [DATE_1]
* Time: 2:00 PM - 2:30 PM
* Location: Building 4, 3rd Floor, Tech Bar Counter 2
* Technician: [PERSON_2]

Please ensure you complete a full cloud backup of your local files to OneDrive or iCloud before arriving at your appointment. 

What to bring to your appointment:
1. Your current corporate laptop.
2. Your current laptop charger and accessories.
3. Your corporate ID badge for verification.

We will configure your new laptop on-site, and you will leave with your new operational device. The IT Tech Bar team will immediately decommission and inventory your old device, so no further return steps will be necessary.

If you need to cancel or reschedule, please use the booking link found in the [ORG_1] intranet portal.

We look forward to assisting you,

[ORG_1] Tech Bar Team",admin
"Subject: Final Approved MSA - [ORG_1] and [ORG_2] - Ready for Signature

Hi [PERSON_1],

Great news! Both our legal and procurement teams have approved the final redlines on the Master Service Agreement. We have successfully resolved the outstanding issues regarding the termination clause and the payment terms ([DATE_1] net-30).

I have uploaded the clean, execution-ready version of the MSA to DocuSign for your signature. You should receive the automated notification shortly. Once signed on your end, our VP of Procurement, [PERSON_2], will countersign.

Looking forward to working together!

Best regards,

[PERSON_3]
Vendor Management Office
[ORG_2]",vendor
"Subject: IMPORTANT: [ORG_1] Subscription Renewal & License Agreement Updates

Hello [PERSON_1],

Your annual subscription for the [ORG_1] Developer Suite is up for renewal on [DATE_1]. To ensure uninterrupted service for your engineering teams, please review the renewal details below.

We have recently updated our Master Subscription Agreement (MSA). The key changes include:
- Standardized data security protocols aligned with SOC2 Type II compliance.
- Adjusted terms regarding concurrent API rate limits for enterprise tenants.
- Minor adjustments to seat-sharing permissions within multi-national teams.

The total renewal cost for the next 12-month term is [MONEY_1]. If you require an updated Purchase Order (PO) to be referenced on the final invoice, please submit it to [EMAIL_1] no later than [DATE_2].

Thank you for your continued partnership.

Sincerely,

[ORG_1] Billing Team
[EMAIL_1]",vendor
"Subject: Invoice [NUMBER] and Storage Overage Notice - [ORG_1]

Dear Finance and Procurement Team,

Please find attached invoice [NUMBER] for your cloud object storage services provided by [ORG_1] for the service period of [DATE_1] to [DATE_2].

This month's invoice includes a line item for ""Excess Block Storage Utilization"" totaling [MONEY_1]. Our logs indicate that [ORG_2] has stored 150TB over your allocated 500TB contract limit, primarily driven by backup retention policy changes in your APAC region.

If you anticipate that your storage requirements will remain at this level, we recommend modifying your base subscription during our next capacity planning window. Purchasing committed storage in advance will reduce your per-gigabyte costs by nearly 30% compared to these on-demand overage rates.

Please remit payment for the outstanding balance of [MONEY_2] by [DATE_3]. To discuss adjusting your storage quotas, please contact [EMAIL_1].

Warm regards,

[PERSON_1]
Billing Operations, [ORG_1]
[PHONE_1]",vendor
"Subject: Urgent: Ticket Escalation and SLA Violation - Account: [ORG_1]

Dear [PERSON_1],

I want to bring to your attention a serious breach of our support response times. On [DATE_1], we submitted a Priority 1 (P1) ticket (Ref: #88392) regarding a critical database sync failure that halted our provisioning system.

According to our contract, P1 issues require an initial response within 30 minutes and a resolution or workaround within 4 hours. However, we did not receive a meaningful response from your support engineering team until [DATE_2], over 28 hours later. This delay has breached our agreed-upon support SLAs.

Consequently, we are requesting a service credit of [MONEY_1] to be credited against our upcoming invoice for [DATE_3]. Let's schedule a call this week to discuss how [ORG_2] plans to prevent these support delays in the future.

Sincerely,

[PERSON_2]
IT Operations Manager, [ORG_1]",client
"Subject: Happy Birthday, [PERSON_1]! 🥳 Let's celebrate!

Hi [ORG_1] Team,

Today is [PERSON_1]’s birthday! Let's all shower them with some love today.

We’ve set up a virtual celebration card for them. If you haven't had a chance to sign it yet, it’s not too late! You can add your birthday wishes here: https://www.cardflow.com/bday/[PERSON_1]

We'll also be doing a quick 15-minute virtual coffee break today at 2:00 PM EST to sing happy birthday and catch up. Grab your favorite beverage and join us using the Zoom link in the calendar invite.

See you all there!

Best,

[PERSON_2]",personal
"Subject: Re: Quick coffee downstairs?

Morning [PERSON_1],

I'm running slightly ahead of schedule today. Planning on grabbing a cold brew downstairs before we sync up for our daily standup.

Want to join? We can catch up on how your weekend trip went. I'll swing by your desk in 5 minutes to see if you're ready.

Best,

[PERSON_2]",personal
"Subject: Annual True-Up & Capacity Planning Review: [ORG_1] / [ORG_2]

Hi [PERSON_1],

As we approach the end of our current fiscal year, it is time to conduct our annual true-up and capacity planning review for [ORG_1]'s deployment of the [ORG_2] Enterprise Data Platform.

Throughout the past twelve months, your teams have leveraged our serverless compute clusters extensively. While your initial contract committed to an average of 5,000 compute hours per month, your actual monthly usage has averaged 6,450 hours. Over the year, this cumulative overage represents [MONEY_1] in unbilled consumption.

We want to work with you to structure a mutually beneficial renewal. To that end, I have drafted a revised capacity plan that incorporates this 29% organic growth and offers a volume discount on your upcoming [DATE_1] renewal contract.

Could we schedule a 30-minute call next Tuesday or Wednesday to walk through the usage metrics and review the draft proposal? Please let me know what times work best for you and the [ORG_1] engineering leadership.

Best regards,

[PERSON_2]
VP of Strategic Accounts, [ORG_2]
[EMAIL_1]
[PHONE_1]",vendor
"Subject: RE: Technical Integration Complete - Next Steps for Joint Launch [ORG_1] / [ORG_2]

Hi [PERSON_1],

Great news! Our engineering team confirmed that the v2 API integration is officially live and stable in production. Thanks to your team for the seamless collaboration over the past few weeks.

Now that the technical work is wrapped up, we should transition to the co-marketing phase. We want to ensure our mutual customers are aware of the new capabilities, especially the automated data sync feature.

Could we set up a quick call on [DATE_1] to discuss the launch timeline? I've looped in [PERSON_2] from our product marketing side to coordinate on the blog post and newsletter feature. Let us know your availability.

Cheers,

[PERSON_3]
Tech Partner Lead, [ORG_1]",vendor
"Subject: STATUS UPDATE: Urgent Security Patch Compliance - Action Required by Managers

Hi Team Leads and Managers,

On [DATE_1], we issued an emergency security patch directive to address the critical ""Log4Shell-style"" vulnerability affecting several internal Java services.

As of this morning, our vulnerability scanner indicates that approximately 15% of our microservices remain unpatched. This represents an unacceptable risk to [ORG_1]'s compliance with SOC 2 and ISO 27001 standards.

We need 100% remediation by [DATE_2] at 5:00 PM EST. Please review the attached compliance dashboard to see if any services owned by your teams are outstanding.

If you need resources or assistance to implement the patch, please contact [PERSON_1] from the AppSec team at [EMAIL_1] immediately.

Thank you for prioritizing this critical security effort.

Best,

[PERSON_2]
Chief Information Security Officer, [ORG_1]",security
"Subject: Inquiry: Enterprise Demo & Security Questionnaire - [ORG_1]

Hi [PERSON_1],

My name is [PERSON_2], and I am the Head of Information Security at [ORG_1]. We are currently evaluating solutions for our automated workflow management and your platform has come highly recommended.

We would love to schedule a 30-minute product demo sometime next week, preferably on [DATE_1] or [DATE_2] if your team has availability. 

Since we operate in a highly regulated industry, could you also share your latest SOC 2 Type II report and a blank copy of your standard Enterprise Security Overview? We need to pre-vet these before initiating a formal POC.

Looking forward to hearing from you.

Best regards,

[PERSON_2]
[ORG_1]
[PHONE_1]",client
"Subject: URGENT: API Latency & 504 Timeout Issues on Production - [ORG_1]

Hi [PERSON_1],

I am writing to escalate a critical issue we are experiencing with your core API endpoints. Since [DATE_1], our production environment has been hit with a severe latency spike, with response times averaging over 4,500ms, and we are seeing a 15% failure rate due to 504 Gateway Timeout errors on the `/v2/transactions` endpoint.

This is directly impacting our checkout flow, and we have already had several enterprise customers complain about failed transactions. We are currently meeting with our leadership team in an hour and urgently need an official update on your system health and what immediate mitigation steps your engineering team is taking to resolve this.

Please call me back at [PHONE_1] or reply here as soon as possible.

Thanks,

[PERSON_2]
VP of Engineering, [ORG_1]",client
"Subject: Statement of Work: [ORG_1] Organizational Design Initiative

Dear [PERSON_1],

I am pleased to submit the formal Statement of Work (SOW) for the [ORG_1] Organizational Design and Leadership Alignment project.

Our team at [ORG_2] has designed this program to help your leadership team restructure the global product organization for scale. The scope of work is divided into three key phases: Discovery & Diagnostic, Design Options, and Implementation Planning, as outlined in the attached document.

The total professional fees for this engagement are [MONEY_1], excluding pre-approved travel expenses. We are aiming for a kickoff during the week of [DATE_1] and anticipate a 12-week timeline.

Please let us know if you have any feedback or if you are ready to proceed with signature routing.

Respectfully,

[PERSON_2]
Principal Consultant, [ORG_2]
[EMAIL_1] | [PHONE_1]",vendor
"Subject: Invoice Submission: Q3 Digital Marketing Campaign - [ORG_1]

Hello Finance Team,

Attached is Invoice [NUMBER] from [ORG_1] for the Q3 digital marketing deliverables and ad-spend management for [ORG_2].

The total amount due is [MONEY_1]. Please note our standard remittance instructions for ACH and wire payments:

Bank Name: [ORG_3]
Account Name: [ORG_1] Media Group
Routing Number (ACH): [NUMBER]
Account Number: [NUMBER]

Please send the payment confirmation remittance advice to [EMAIL_1] once the transaction has been initiated. Should you have any questions, feel free to contact me directly at [PHONE_1].

Thank you for your business.

Warm regards,

[PERSON_1]
Account Director, [ORG_1]",vendor
"Subject: Trivia Night RSVP / Catching up

Hi [PERSON_1],

Thanks so much for organizing the team trivia night! Sadly, I can't make it this Thursday because of a prior family commitment. I'm super bummed to miss out on the team banter (and the free nachos!).

Let's definitely grab lunch or a coffee sometime next week though, as I really want to hear all about how the team did and catch up on how your new project is treating you.

Good luck to the team, hope we take home the trophy!

Cheers,

[PERSON_2]",personal
"Subject: Shhh! [PERSON_1]'s Birthday Card - Please Sign! 🎂

Hi everyone,

It's that time of the year again! [PERSON_1]'s birthday is coming up this [DATE_1], and we want to show them some love.

I've set up a virtual card on GroupGreeting so we can all leave a message, share some funny GIFs, or upload pictures of our favorite team moments. 

Here is the link to sign: https://www.groupgreeting.com/sign/[ORG_1]/[PERSON_1]-birthday

Please make sure to add your wishes by end of day [DATE_2] so we can deliver it to their inbox on Friday morning. Keep it a secret until then!

Thanks,

[PERSON_2]",personal
"Subject: Urgent: [ORG_1] Annual Subscription Renewal & License Restructuring

Hello [PERSON_1],

Our records show that [ORG_2]’s annual subscription for [ORG_1] Developer Suite is up for renewal on [DATE_1]. To align with our unified enterprise offerings, we are transitioning your legacy plan to our new Professional Tier.

This transition updates your licensing terms, expanding your access to include our new automated testing modules and advanced security integrations. The revised annual cost for this updated tier is [MONEY_1], representing a standard adjustment for our enhanced feature set. 

To finalize this renewal and accept the new license terms, please have an authorized signatory sign the attached digital SOW via the link below. If you would like to discuss these changes or explore alternative licensing options, please contact me at [EMAIL_1] or [PHONE_1] as soon as possible.

Best,

[PERSON_2]
Enterprise Account Executive, [ORG_1]",vendor
"Subject: Joint Developer Workshop Collaboration - [ORG_1] & [ORG_2]

Hi [PERSON_1],

I hope all is well. I’m reaching out from [ORG_1]'s Developer Relations team.

With the recent release of our joint webhook integration, we've had several developers ask for concrete implementation examples. We think a co-hosted virtual workshop or developer ""office hours"" would be a fantastic way to engage our developer communities and drive adoption of both our APIs.

We are targeting mid-[DATE_1] for this session and would love to co-market this to both of our developer newsletters (reaching over 100k engineers combined).

Let's sync sometime this week to discuss the technical agenda and logistics. Do you have 20 minutes to spare on [DATE_2]?

Warm regards,

[PERSON_2]
Developer Advocate, [ORG_1]
[PHONE_1]",vendor
"Subject: Shhh... Secret Birthday Card for [PERSON_1]! 🤫🎂

Hi team,

[PERSON_1]'s birthday is coming up this Friday, [DATE_1]! To celebrate, I've set up a virtual group card so we can all share our well wishes and favorite memories.

Please take a quick moment to sign the card using the link below before [DATE_2]. Feel free to add GIFs, photos, or memes to make it extra special!

Link to the card: https://[ORG_1].groupgreeting.com/sign/[PERSON_1]

Let's keep this a secret until Friday morning!

Best,
[PERSON_2]",personal
"Subject: Let's celebrate [PERSON_1]'s Milestone Birthday! 🎉

Hey everyone,

Our wonderful teammate [PERSON_1] is turning the big 4-0 on [DATE_1]! To celebrate this milestone, we are putting together a special digital memory book and card.

Please hop over to this link to leave your wishes, jokes, and any favorite photos: https://www.kudoboard.com/boards/happy-birthday-[PERSON_1]

If you'd like to chip in for a group gift card, [PERSON_2] is organizing that via Venmo. You can find them at @[PERSON_2]-temp or reach out at [PHONE_1] if you have any questions.

Let’s get all our signatures in by [DATE_2]! Thank you!

Cheers,

[PERSON_3]",personal
"Subject: Quick Friday hello! ☕️

Hey [PERSON_1],

Just walking past your desk earlier and missed you, so I wanted to drop a quick note to say hi!

How have things been? I know we've both been buried in our respective department queues, but I'd love to hear how your weekend trip to the mountains went. Did you end up doing that hike you mentioned?

Let me know if you have 10 minutes to spare for a quick virtual coffee or a walk to the lobby cafe on Monday.

Have a great, relaxing weekend!

Cheers,
[PERSON_2]",personal
"Subject: MSA Redline Review: Section 6 (Intellectual Property) - [ORG_1] & [ORG_2]

Hello [PERSON_1],

Our legal team has reviewed your counter-redlines regarding Section 6 (IP Ownership). 

Since [ORG_2] is customizing certain modules of your platform specifically for our proprietary workflows, we must retain ownership of those custom integrations. We have modified the language to clarify that while [ORG_1] retains all core platform IP, [ORG_2] will own the custom-developed API wrappers.

Please see the attached draft and let us know if your legal team can sign off on this compromise so we can move to execution.

Regards,

[PERSON_2]
Global Procurement Lead
[ORG_2]
[PHONE_1]",vendor
"Subject: HVAC Upgrade Project: 6th Floor Closure & Packing Instructions

Hello [ORG_1] Team,

As part of our ongoing sustainability initiative, we are upgrading the HVAC climate control systems across our campus. The next phase of this project requires a complete closure of the 6th floor from [DATE_1] to [DATE_2].

Because this project involves ceiling tile removal, we highly recommend clearing your personal desks of any sensitive paperwork or exposed electronics. The facilities team will provide plastic protective sheeting for remaining hardware starting this afternoon.

Temporary seating has been reserved for the 6th-floor teams on Floors 1 and 2. Please review the attached seating chart to find your temporary desk assignment. If you have any logistical questions, reach out to [PERSON_1] at [PHONE_1].

Best,

Facilities & Operations
[ORG_1]",admin
"Subject: Secret: [PERSON_1]'s Farewell Gift & Card! 🤫

Hey guys,

Shhh... please don't forward this to [PERSON_1]!

As you know, next Friday ([DATE_1]) is [PERSON_1]'s last day. We are doing a farewell lunch at that taco place they love, but I also wanted to get a nice physical card signed by the whole team to present to them during the lunch.

I'll have the card at my desk all day Tuesday and Wednesday next week. Please swing by whenever you have a free minute to write a little note. 

Also, [PERSON_2] is picking up some cupcakes for the office for afterwards. If you want to contribute to the cake/gift fund, shoot me a quick message or ping me at [PHONE_1].

Thanks!

[PERSON_3]",personal
"Subject: Action Required: Draft Press Release & Co-Marketing Sync - [ORG_1] API Partnership

Hi [PERSON_1],

I hope you're having a productive week. Following up on our last integration status update, we have drafted the joint press release and updated our public API documentation directory to feature [ORG_2].

Before we go live on [DATE_1], we would like to jump on a quick 15-minute sync to get your team's sign-off on the copy and discuss social media cross-promotion. We want to make sure the value proposition of the API integration is perfectly aligned with both of our brands.

Please let me know if you or [PERSON_2] can make some time on [DATE_2]. I've attached the draft release and the promotional graphics for your review.

Thanks!

[PERSON_3]
Director of Strategic Alliances, [ORG_1]
[PHONE_1]",vendor
"Subject: Birthday Card & Gift for [PERSON_1]'s Milestone Birthday! 🎁

Hi team,

As some of you may know, [PERSON_1] is celebrating a big milestone birthday on [DATE_1]!

To celebrate, we've set up a virtual card and are also collecting contributions for an Amazon gift card. If you'd like to chip in, we are suggesting around [MONEY_1], but any amount is completely optional and welcome.

You can sign the virtual card here: https://www.groupgreeting.com/sign/[ORG_1]/[PERSON_1]-milestone

If you'd like to contribute to the gift, please Venmo me at @[PERSON_2]-venmo or send it via PayPal to [EMAIL_1] by [DATE_2]. Let's keep this under wraps until the big day!

Best,

[PERSON_2]",personal
"Subject: UPDATE: Room Change & AV Confirmation - Executive Boardroom [DATE_1]

Hello Team,

Please note that the VIP client briefing scheduled for [DATE_1] has been moved from Conference Room C to the Executive Boardroom (Room 600) to better accommodate the hybrid setup requirements requested by [PERSON_1].

Our onsite facilities team has already migrated the reservation details and updated the AV itinerary. The boardroom is fully equipped with the Microsoft Teams Room (MTR) system, digital whiteboards, and spatial audio ceiling tiles. A dedicated AV technician, [PERSON_2], will remain standby outside the room for the first 30 minutes of your session to assist with the launch.

If you require any additional adapters or specialized hardware (such as document cameras), please reach out to [EMAIL_1] as soon as possible.

Kind regards,

[PERSON_3]
Lead Facilities Coordinator
[ORG_1]",admin
"Subject: Reminder: Sign [PERSON_1]'s Birthday Card by EOD! ⏱️

Quick heads-up, team!

If you haven't had a chance to sign the virtual card for [PERSON_1]'s birthday yet, please do so by 5:00 PM today. We want to send it over to them first thing tomorrow morning.

Here is the link to the card: [URL_1]

They've been such a pillar of our team this year, so let's make sure we flood the card with lots of love and appreciation. It only takes 30 seconds to write a quick note!

Thanks,

[PERSON_2]",personal
"Subject: Shipping Confirmation: Your New Developer Workstation & Return Shipping Label

Hello [PERSON_1],

Great news! Your custom-configured developer laptop has been dispatched from our central warehouse and is expected to arrive on [DATE_1]. You can track the shipment via FedEx using tracking number [PHONE_1].

Inside the shipping box, you will find:
1. Your new developer laptop and power supply.
2. A return shipping label and secure bubble wrap for your current MacBook.

Please backup all local repositories to [ORG_1] Gitlab before migrating. Once your new machine is operational, place your old MacBook inside the provided bubble wrap sleeve, seal it in the box, and affix the prepaid shipping label. Please ensure the old asset is shipped back no later than [DATE_2].

Thank you,

[ORG_1] IT Procurement",admin
"Subject: Urgent: Kubernetes Node Pool Exhaustion and Auto-Scaling Limit Reached

Attention: DevOps and Infrastructure Team, [ORG_1]

This is an automated operational alert from [ORG_2] Managed Kubernetes Support.

Your production cluster cluster-prod-01 has hit its hard ceiling auto-scaling limit of 150 worker nodes. This limit was put in place under your standard enterprise subscription to manage monthly spend, but current resource utilization (CPU and Memory) across all active pods is currently averaging 96%.

Because the cluster cannot scale out further, you are at imminent risk of pod eviction and application latency for your end users. 

To resolve this, an authorized administrator from [ORG_1] must immediately approve an increase in your subscription capacity cap. Increasing your node ceiling to 200 will incur an additional estimated monthly charge of [MONEY_1]. Please reply to this ticket with ""APPROVE CAP INCREASE"" or contact our enterprise desk at [PHONE_1] immediately to authorize this change.

Sincerely,

[ORG_2] Managed Infrastructure Support
Ticket Reference: #K8S-99210-CR",vendor
"Subject: Re: API Latency Escalation - [ORG_1] Status Update

Hi [PERSON_1],

Thank you for speaking with me earlier today. I wanted to follow up in writing to confirm that our engineering team has identified the root cause of the API latency and timeout errors your team has been experiencing since [DATE_1]. 

There was an unindexed query on the `/v2/reports` database cluster that caused CPU utilization to spike to 100%, leading to the 504 timeouts. A database index migration has just been successfully deployed to resolve this.

Could your team please verify if you are still seeing high latencies on your end? We will keep this customer support ticket open until you confirm everything is back to normal.

Best regards,

[PERSON_2]
Customer Success Manager, [ORG_2]",client
"Subject: Temporary License Expansion for Migration Phase - [ORG_1]

Hi [PERSON_1],

Our migration team is preparing to transition data from our legacy system to your platform starting next week.

To facilitate this parallel run, we will need to temporarily provision 100 extra developer seats for our external consultants for a period of 90 days. These users do not need permanent licenses, as they will be deactivated once the migration is complete on [DATE_1].

Could you let us know what the pricing structure is for short-term/temporary license expansion? We are hoping we can avoid paying a full annual commitment for these temporary migration seats.

Looking forward to your response.

Best,

[PERSON_2]
IT Infrastructure Lead, [ORG_1]
[PHONE_1]",client
"Subject: Upcoming October Birthdays! 🎂🎈 (Card links inside)

Hey team,

We have a busy month of celebrations ahead in [ORG_1]! We have three team members celebrating birthdays this month:

- [PERSON_1] - [DATE_1]
- [PERSON_2] - [DATE_2]
- [PERSON_3] - [DATE_3]

To make sure we celebrate everyone, I've set up virtual cards for each of them. Please take a few minutes this week to sign them and leave your wishes:

- Sign [PERSON_1]'s card: https://www.kudoboard.com/boards/[PERSON_1]
- Sign [PERSON_2]'s card: https://www.kudoboard.com/boards/[PERSON_2]
- Sign [PERSON_3]'s card: https://www.kudoboard.com/boards/[PERSON_3]

Thanks for helping make our virtual workplace feel a bit more like home!

Best,

[PERSON_4]
Office Manager, [ORG_1]",personal
"Subject: IMPORTANT: Instructions for Returning [ORG_1] Corporate Equipment

Dear [PERSON_1],

In connection with your recent departure from [ORG_1], we are writing to coordinate the return of your company-issued IT equipment.

Our records show you currently have the following items in your possession:
- 1x MacBook Pro 16""
- 1x USB-C Multiport Adapter
- 1x Apple Power Charger

We have sent a prepaid FedEx shipping box to your home address. Please pack the items securely and arrange for FedEx pickup or drop-off by [DATE_1]. If you have any questions or did not receive the shipping materials, please contact the IT Offboarding team immediately at [EMAIL_1] or call [PHONE_1].

Regards,
IT Logistics and Compliance Team
[ORG_1] Admin Services",admin
"Subject: Shh... Secret Birthday Card for [PERSON_1]! 🎂

Hi team,

[PERSON_1]'s birthday is coming up on [DATE_1]! To celebrate, I've set up a virtual group card so we can all share our well-wishes, memories, and maybe some funny memes or GIFs.

Please take a couple of minutes to sign it before [DATE_2] so we can send it over first thing in the morning on their actual birthday. 

You can access the digital card here: [URL_1]

Thanks everyone, let's make sure [PERSON_1] has a fantastic day! 

Best,

[PERSON_2]",personal
"Subject: Kickoff Call & Onboarding Schedule - [ORG_1] x [ORG_2]

Hi [PERSON_1],

Welcome to [ORG_2]! We are thrilled to partner with you and the team at [ORG_1] to get your new platform up and running.

To kick things off, we'd like to schedule our official Onboarding Kickoff Call. During this 45-minute session, we will align on your implementation goals, review the project timeline, and introduce your dedicated onboarding team.

Please let us know if any of the following times work for your team next week:
- [DATE_1] at 10:00 AM EST
- [DATE_2] at 2:00 PM EST

Once confirmed, I will send over a calendar invite with the Zoom link and our preliminary agenda. Looking forward to working together!

Best regards,

[PERSON_2]
Onboarding Manager, [ORG_2]",client
"Subject: Shift weekly 1:1 to Thursday?

Hi [PERSON_1],

I have a personal appointment on [DATE_1] morning that conflicts with our regular 1:1. Would you mind if we rescheduled to [DATE_2] at 11:00 AM?

Here is what I have on my radar for us to discuss:
- Status of the CI/CD pipeline optimization and the remaining blockers.
- Feedback on my latest PR (#4022) regarding the database migration scripts.
- My quarterly OKR progress and alignment for the rest of the month.

Let me know if that time slot works for you, or propose an alternative on my calendar.

Best regards,
[PERSON_2]",internal
"Subject: CONFIRMED: Executive Boardroom Booking & AV Setup - [DATE_1]

Hi [PERSON_1],

This email confirms your reservation of the Executive Boardroom (Room 402) for the upcoming Q3 Strategy Review on [DATE_1] from 9:00 AM to 3:00 PM.

Per your request, the AV team has scheduled a pre-meeting diagnostic at 8:15 AM to ensure the dual-screen Zoom Room setup, wireless microphones, and ceiling array mics are fully operational. [PERSON_2] from the IT Helpdesk will be on-site to assist with the initial connection and troubleshooting.

If you have any last-minute catering adjustments or need additional HDMI adapters, please let us know by [DATE_2] at 5:00 PM.

Best regards,

[PERSON_3]
Facilities & Admin Coordinator
[ORG_1]
[PHONE_1]",admin
"Subject: RE: Kickoff Meeting Notes & Action Items - [ORG_1] Integration

Hi [PERSON_1] and Team,

Thank you all for your time and active participation during our onboarding kickoff call earlier today. It was great to align on the project goals and establish our key milestones.

As discussed, here is a summary of the immediate action items and owners:
- [ORG_1] to provide access to the sandbox API endpoints (Owner: [PERSON_2] | Target: [DATE_1])
- [ORG_2] to share the template for user data migration (Owner: [PERSON_3] | Target: [DATE_2])
- [ORG_1] to schedule weekly sync meetings starting [DATE_3] (Owner: [PERSON_1])

I have attached the finalized slide deck from today's presentation and our high-level implementation roadmap for your reference. 

If you have any questions or need to make adjustments to this plan, please let me know. Otherwise, we will speak during our first weekly sync next week.

Warm regards,

[PERSON_4]
Customer Success Manager
[ORG_2]",client
"Subject: Proposal: Joint Webinar on [ORG_1] + [ORG_2] API Integration Workflow

Hi [PERSON_1],

Our mutual customers have been expressing a ton of interest in how the [ORG_1] API connects with [ORG_2] to automate their backend workflows. To address this, I would love to propose a joint educational webinar.

We are looking at hosting this on [DATE_1]. Our proposed agenda would cover:
- The common data challenges our mutual clients face
- A live, 10-minute demo of the new API integration
- A case study showcasing a customer who saved over [MONEY_1] annually using the connector
- Live Q&A

I've CC'd our event coordinator, [PERSON_2], who can help coordinate the logistics. Let us know if you have 15 minutes this Thursday to hop on a call and map out the next steps.

Best,

[PERSON_3]
Head of Developer Relations
[ORG_1]
[PHONE_1]",vendor
"Subject: Code Review: SQLAlchemy model updates for OrderHistory (#811)

Hey [PERSON_1],

I just left a few comments on your PR #811 concerning the new `OrderHistory` relationship. 

Specifically, please make sure we are not using default lazy loading here. In `models/order.py`, changing `lazy='select'` to `lazy='joined'` (or handling it explicitly via `joinedload` in the repository layer) is going to be critical. Without this, the upcoming accounting dashboard release is going to trigger an N+1 query storm on the `orders` table for every single customer record loaded.

Also, let's make sure we add a composite index on `(customer_id, created_at)` in the migration script. Without that index, the sorting on the history tab is going to degrade rapidly.

Thanks,

[PERSON_2]
Senior Software Engineer
[ORG_1]",internal
"Subject: Urgent: Scheduled HVAC Maintenance and Temporary Floor Closures - [DATE_1] to [DATE_2]

Hi Team,

Please be advised that [ORG_1] Facilities will be conducting major HVAC system maintenance and upgrades over the upcoming weekend. To facilitate these essential works, the 4th and 5th floors of the headquarters building will be completely closed from [DATE_1] at 6:00 PM through [DATE_2] at 6:00 AM.

During this period, there will be no heating, ventilation, or air conditioning on these floors, and access will be restricted to authorized maintenance personnel only. If your desk is located on either of these floors, please plan to work remotely on [DATE_3] or coordinate with your manager to utilize hot-desking spaces on the 2nd and 3rd floors.

We apologize for any inconvenience this may cause and appreciate your cooperation in keeping our office infrastructure running smoothly. For any urgent questions, please contact [PERSON_1] at [EMAIL_1] or call [PHONE_1].

Best regards,
[ORG_1] Facilities Management Team",admin
"Subject: Action Required: Triage of failing API integration tests in `v4-dev` branch

Hello Engineering,

Our automated integration tests on the `v4-dev` branch have been failing consistently since yesterday's merge window. It looks like the payload schema change in the user-profile microservice broke 15 downstream API assertions.

I've scheduled a quick 15-minute triage sync today at 11:00 AM to align on the fix. Please ensure a representative from the Profile team and the Downstream integrations team attends. 

If we cannot resolve this by [DATE_1], we will have to revert the schema changes to unblock other feature teams.

Thanks,
[PERSON_1]
QA Lead, [ORG_1]",internal
"Subject: Proposal & Statement of Work: Enterprise Security Assessment - [ORG_1]

Hello [PERSON_1],

Thank you for taking the time to discuss your upcoming security initiatives with our team.

Attached is our formal Statement of Work (SOW) for the Enterprise Security Assessment and Penetration Testing engagement. Our team of certified security consultants will evaluate your external network, internal active directory, and cloud infrastructure as detailed in Appendix A.

The fixed-fee investment for this assessment is [MONEY_1], which includes the testing execution, a comprehensive remediation report, and a post-assessment presentation to your executive team. We are prepared to kick off this project on [DATE_1], subject to contract execution.

Please review the attached document and let me know if you would like to schedule a brief call to go over the scope or terms.

Warm regards,

[PERSON_2]
Managing Partner, [ORG_2] Security Solutions",vendor
"Subject: Upcoming Renewal Notice: [ORG_1] Enterprise Analytics Subscription - [DATE_1]

Hi [PERSON_1],

I hope you are doing well. This is a courtesy reminder that your annual subscription for the [ORG_1] Enterprise Analytics Platform is scheduled to renew on [DATE_1]. 

As part of this renewal cycle, we have updated our Standard Service Terms and licensing agreements. Most notably, we have revised our data egress limits and clarified our support SLA schedules (detailed in Section 4.2 of the attached agreement). 

Your renewal quote for the upcoming period ([DATE_1] to [DATE_2]) is [MONEY_1], reflecting your current tier of 250 provisioning seats. Please review the attached license agreement and confirm your acceptance by replying to this email or signing via DocuSign. 

If you have any questions or would like to schedule a brief call to discuss your usage metrics from the past year, please let me know.

Best regards,

[PERSON_2]
Director of Customer Success, [ORG_2]
[EMAIL_1] | [PHONE_1]",vendor
"Subject: Action Required: Year-End Holiday Closure & Timecard Submission Deadlines

To all [ORG_1] Employees,

As we approach the end of the year, please be advised that [ORG_1] will observe its annual winter shutdown from [DATE_1] through [DATE_2]. All corporate offices will be closed, and regular operations will resume on [DATE_3].

Due to the holiday schedule, there is an accelerated deadline for payroll and timecard submissions:

- Hourly / Non-Exempt Employees: Please submit your final timecards for approval by [DATE_4] at 5:00 PM EST.
- Managers: All timecard approvals must be completed in the portal by [DATE_5] at 12:00 PM EST.

Failure to submit on time may result in delays to your final paycheck of the year. If you have any questions or encounter issues with the HR portal, please contact payroll support at [EMAIL_1].

Happy Holidays!

HR Payroll & Administration Team",admin
"Subject: Annual Renewal Confirmation & Updated License Terms - [ORG_1] HR Suite

Dear [PERSON_1],

We appreciate your continued partnership with [ORG_1]. Your annual SaaS subscription for our HR Suite is set to renew on [DATE_1]. 

Attached, you will find the renewal invoice for [MONEY_1] alongside our updated End User License Agreement (EULA). This year's agreement contains updated terms regarding automated payroll processing limits and enhanced encryption protocols for employee records.

Please review the attached documents and confirm your acceptance of the updated terms by replying to this email with a signed copy of the agreement by [DATE_2]. 

If you require any assistance or need to update your company's billing address on the invoice, please don't hesitate to reach out to our support desk at [EMAIL_1] or call [PHONE_1].

Sincerely,

[PERSON_2]
Customer Success Lead, [ORG_1]
[EMAIL_1]",vendor
"Subject: PR #402: Feedback on Prisma migration for transactional history schema

Hi [PERSON_1],

I left a few comments on PR #402 regarding the database schema updates. Specifically, the migration adding a unique constraint on `transaction_id` in our `ledger` table might cause a full table lock during deployment.

Since we have over 50 million rows in that table in production, running this raw DDL could result in significant downtime for the [ORG_1] payment gateway. Let's look into doing this concurrently or setting up a multi-step migration path to avoid locking up writes. 

I've detailed a potential workaround in the GitHub review. Let me know what you think so we can get this merged before the freeze on [DATE_1].

Thanks,

[PERSON_2]
Senior Database Engineer, [ORG_1]",internal
"Subject: Quick coffee before standup?

Hey [PERSON_1],

Are you free to grab a quick coffee downstairs before our [DATE_1] standup? I am desperately in need of some caffeine to get my brain functioning today.

I was thinking of heading down to the lobby cafe around 9:15 AM. Let me know if you want to tag along!

Best,

[PERSON_2]",personal
"Subject: Quick coffee downstairs? ☕

Hi [PERSON_1],

Do you have 10 minutes to spare before our daily standup at 10:00 AM? I need a serious caffeine hit and am about to run down to the lobby cart.

I'd love to quickly catch up on how your weekend went and how the move to the new place is going. Let me know if you want to walk down together!

See you,

[PERSON_2]",personal
"Subject: Fintech Scaling: Request for Demo & Security Overview

Hi [PERSON_1],

I'm the CTO and Co-Founder at [ORG_1], a fintech company scaling rapidly in North America. We are currently evaluating your enterprise offering for cloud infrastructure management.

We'd like to schedule a technical demo for our DevOps team next week. We are specifically looking to understand your API capabilities, RBAC (Role-Based Access Control) granularity, and zero-trust security framework.

As a financial services provider, security is our top priority. Please send over any collateral regarding your penetration testing reports, vulnerability disclosure program, and compliance posture (PCI-DSS / SOC 2).

Let me know if you have any open slots on [DATE_1] around [DATE_2].

Best,

[PERSON_2]
[EMAIL_1] | [PHONE_1]",client
"Subject: Facilities Update: Completion of HVAC Maintenance & Reopening of Floor 4

Hi All,

We are pleased to report that the urgent HVAC repairs on Floor 4 have been successfully completed ahead of schedule. The floor is now fully reopened and ready for regular occupancy starting tomorrow morning, [DATE_1].

As the climate control system recalibrates over the next 24 hours, you may experience slight temperature fluctuations. We recommend bringing a light jacket or sweater just in case. 

We would like to thank everyone on Floor 4 for their flexibility and cooperation during this temporary relocation. Special thanks to [PERSON_1] and the [ORG_1] facilities crew for their hard work in resolving this issue quickly and safely.

Best,
[PERSON_2]
Operations Lead",admin
"Subject: Milestone Birthday Card for [PERSON_1]! 🎈

Hi everyone,

Our very own [PERSON_1] is celebrating a milestone birthday this coming [DATE_1]!

To mark this special occasion, we've set up a virtual celebration board at [ORG_1]. Please head over to the board to leave your favorite memories, pictures, and warm wishes for [PERSON_1]: https://www.groupgreeting.com/sign/[PERSON_1]-milestone

We will be sharing the board with them during our virtual team lunch on Friday. Please make sure to add your note before [DATE_2].

Best regards,

[PERSON_2]",personal
"Subject: Birthday celebration for [PERSON_1] next week! 🍰

Hi team,

Next week on [DATE_1], we are celebrating [PERSON_1]’s milestone birthday! 

We’ve created a group card on [ORG_1] to collect everyone’s messages. Please use the link below to sign and add your wishes:
https://[ORG_2].com/cards/[PERSON_1]-birthday

Also, if you’d like to contribute to a group gift card, we are collecting [MONEY_1] per person. Totally optional, of course! You can Venmo me at [PHONE_1] or send it to my email at [EMAIL_1]. 

Let’s make this a great day for [PERSON_1]!

Best,
[PERSON_2]",personal
"Subject: [DATE_1] Office Closure and Scheduled Facility Maintenance

Hi everyone,

As a reminder, the [ORG_1] headquarters will be closed on [DATE_2] for the upcoming summer public holiday.

While the office is closed, our Facilities and IT teams will be performing scheduled HVAC maintenance and network hardware upgrades. As a result, there will be a brief power outage in the main server room on [DATE_3] between [DATE_4] and [DATE_5]. Remote VPN access to local HQ servers may be temporarily intermittent during this maintenance window.

If you experience any persistent connection issues after the holiday weekend, please raise an IT ticket at [EMAIL_1].

Thank you,

[PERSON_1]
Head of Facilities & Admin",admin
"Subject: Status Update: MSA Redline Review - [ORG_1] & [ORG_2]

Good morning [PERSON_1],

I hope your week is going well. I'm following up on the outstanding MSA redlines we sent over on [DATE_1]. 

Our executive team is eager to finalize this partnership so we can kick off the onboarding process for your team by [DATE_2]. Could you check in with your procurement/legal team to see if they have any remaining questions on our last round of redlines?

If needed, I can pull our corporate counsel, [PERSON_2], into a call to resolve any sticky points.

Thanks,

[PERSON_3]
Partner Relations
[ORG_1]",vendor
"Subject: Critical: Webhook delivery timeouts and API latency since [DATE_1] deployment

Hello Support,

We have noticed a significant spike in webhook delivery timeouts and general API latency since your scheduled system update on [DATE_1]. 

Specifically, your servers are failing to deliver event webhooks to our listener within the standard timeout window, causing our queue to fall behind by several thousand events. Additionally, standard GET requests to `/events` are taking upwards of 8 seconds to resolve, where they previously took under 300ms. 

This is creating a massive backlog in our processing queue and is impacting our live event tracking service. We need a senior infrastructure engineer to look into this immediately and rollback the change if necessary.

Best regards,

[PERSON_1]
Director of Engineering, [ORG_1]
[PHONE_1]",client
"Subject: Triage Notes: Critical memory leak caught in automated load testing

Hi everyone,

During our scheduled automated load testing yesterday evening on the staging environment, the CPU usage spiked to 100% and remained there, ultimately causing a complete service crash. 

The load test script `load_test_v2.py` simulated 5,000 concurrent users over a 10-minute duration. [PERSON_1] analyzed the memory dump and confirmed a severe memory leak in the WebSocket connection handler that was introduced in the last commit.

This is a critical blocker for the [DATE_1] production release. We have scheduled an emergency triage sync today at 2:00 PM EST to review [PERSON_1]'s proposed fix and discuss our validation strategy. 

Please make sure to join via the standard Zoom link. If you are unable to attend, please review the thread in #eng-alerts.

Thanks,

[PERSON_2]
Engineering Manager
[ORG_1]",internal
"Subject: ACTION REQUIRED: Milestone 2 Sign-off & UAT Kickoff - [ORG_1]

Hi [PERSON_1],

We have reached an exciting milestone in your onboarding! Our technical team has completed the data migration from your legacy system into [ORG_1], verifying over 50,000 user accounts.

Before we open the environment for User Acceptance Testing (UAT), we need your sign-off on this migration milestone. Please review the attached Data Validation Report. If everything looks correct, please reply to this email to confirm your sign-off.

Once received, we will schedule the UAT kickoff call to walk your administrators through the testing protocols. Please let me know if you have any questions or require a brief walkthrough of the report.

Best,

[PERSON_2]
Lead Solutions Architect, [ORG_1]",client
"Subject: Security Alert: You interacted with a simulated phishing email

Hello [PERSON_1],

This is a courtesy notification to let you know that you recently clicked on a link in a simulated phishing email sent by the [ORG_1] Security Team.

The email you interacted with had the subject line ""Action Required: Urgent Password Expiration Notice"" and appeared to come from IT Support, but it actually originated from our security simulation platform. 

Don't worry—this was only a test, and your credentials and device remain completely secure. However, in a real-world scenario, interacting with this link could have allowed attackers to install malware on your system or steal your corporate login credentials, potentially costing the company up to [MONEY_1] in remediation and regulatory fines.

To help you spot these signs in the future, please remember:
- Always verify the sender's actual email address, not just the display name.
- Check for high-urgency language demanding immediate action.
- Hover over links before clicking to verify the destination URL.

You have been automatically enrolled in a quick, 5-minute micro-learning video on credential harvesting attacks. Please complete this at your earliest convenience.

Thank you for helping us keep [ORG_1] safe.

Best,

[PERSON_2]
Security Awareness Coordinator
[EMAIL_1]",security
"Subject: Coffee / morning fuel?

Morning [PERSON_1],

I'm about to run down to the ground floor espresso bar to grab some coffee before we sync up for the sprint standup. 

I'm dying to hear how that concert was on [DATE_1]! Let me know if you want to walk down, or I can grab yours if you're stuck in an early morning fire drill.

Cheers,

[PERSON_2]",personal
"Subject: Security Review: [ORG_1] Subprocessor Notification & International Transfer Risk

Hi Team,

We received a notification from our vendor, [ORG_1], regarding the addition of a new subprocessor, [ORG_2], located in [ORG_3]. This subprocessor will handle database optimization services, which means our customer telemetry data will be transferred and processed outside of the European Economic Area (EEA).

Before we approve this subprocessor change, we must perform a compliance review of the existing DPA. Specifically, we need to verify:
- Whether the current DPA automatically covers new subprocessors under a general written authorization.
- If [ORG_1] has executed the appropriate Standard Contractual Clauses (SCCs) with [ORG_2].
- What supplementary technical and organizational security measures (e.g., pseudonymization, transit encryption) are in place to secure the international transfer.

I have scheduled a brief sync for [DATE_1] at 10:00 AM to align on our response and decide if we need to request a formal Transfer Impact Assessment (TIA) from [ORG_1].

Best,

[PERSON_1]
Lead Security Analyst
[ORG_4]",security
"Subject: Nightly Regression Failures - [DATE_1] - [ORG_1] Core API Services

Hi Team,

Here is a summary of the automated test failures from last night's regression run on the staging environment. We saw a 15% drop in our overall pass rate, primarily due to the new authentication middleware changes merged yesterday afternoon.

Key Failures:
- `test_post_token_validation` failed with a 500 Internal Server Error. It looks like the DB connection pool is exhausting under load. [PERSON_1] is currently looking into the connection timeout settings.
- `test_user_profile_update_v2` timed out after 30 seconds. This might be a flaky test or related to the same DB latency.

You can view the full HTML report and stack traces on our Jenkins server at the usual internal dashboard. Let's prioritize these fixes during our standup at 10:00 AM today so we don't block the upcoming release candidate.

Best,

[PERSON_2]
QA Automation Lead
[ORG_1]",internal
"Subject: ACTION REQUIRED: Complete your Mandatory Q3 Security Awareness Training by [DATE_1]

Hi Team,

This is a reminder that the deadline for completing our mandatory Q3 Security Awareness Training is [DATE_1]. Compliance with this training is critical for maintaining our SOC 2 and ISO 27001 certifications.

Currently, our records show that you have not yet completed the following module: 'Social Engineering and Phishing Red Flags'. The module takes approximately 15 minutes to complete.

Please log into the [ORG_1] Learning Portal at your earliest convenience to complete this requirement. Failure to complete this training by the deadline may result in a temporary suspension of your system access.

Thank you for doing your part to keep [ORG_1] secure.

Best regards,

[PERSON_1]
Director of Information Security
[ORG_1] Security & Compliance Team",security
"Subject: Action Required: Please countersign Mutual NDA - [ORG_1] / [ORG_2]

Hello [PERSON_1],

This is a friendly reminder that we are awaiting your countersignature on the Mutual Non-Disclosure Agreement between [ORG_1] and [ORG_2]. This document was initiated via DocuSign on [DATE_1] by our Security & Compliance officer, [PERSON_2].

As a reminder, completing this NDA is a prerequisite for our security team to release the SOC 2 Type II report and the latest penetration testing summary you requested for your vendor risk assessment.

Please access the document via the secure DocuSign link below to complete the signature process:

[Secure Link Redacted]

Thank you,

Information Security Team
[ORG_1]",security
"Subject: Release of the [DATE_1] [ORG_1] Global Holiday Calendar

Hi team,

Please find attached the official [ORG_1] Company Holiday Calendar for the upcoming calendar year, [DATE_1]. This schedule outlines all planned corporate office closures across our global sites.

Please review the specific dates for your region to help plan your upcoming time off and coordinate project deadlines with your cross-functional partners. 

If you have any questions regarding local regional holidays or floating holiday allocations, please reach out to HR Operations at [EMAIL_1] or contact [PERSON_1] in the Benefits department.

Best regards,

Global People Operations
[ORG_1]",admin
"Subject: Request for Revision: Renewal Quote for [ORG_1]

Hi [PERSON_1],

I am reviewing the renewal quotation you sent to [PERSON_2] last week for our enterprise support package with [ORG_2].

Before we route this through our internal procurement portal, we would like to see if there is any flexibility to apply a multi-year payment discount. If we sign a 3-year contract with annual payments, what is the maximum discount your team can offer? Additionally, please let us know if there is an additional incentive for prepaying the full 3 years.

We need to finalize this before [DATE_1] to avoid any lapse in service. Thanks for your help!

Kind regards,

[PERSON_3]
Global Procurement, [ORG_1]",client
"Subject: Demo Request & InfoSec Requirements // [ORG_1] Prospect

Hi there,

We are currently sourcing vendors for our upcoming compliance tracking project and your platform is on our shortlist. I would like to set up an initial demo for our core project team (approx. 5 people) to see the administrative controls and audit logging features in action.

Given the sensitive nature of the employee data we handle, we must ensure all third-party processors align with our stringent security policies. Could you please send over your enterprise security overview documentation ahead of our call? Specifically, we would like to confirm your GDPR compliance status and whether you support customer-managed encryption keys (CMEK).

Let me know what times work best for your team next week. We are generally flexible on Wednesday and Thursday mornings.

Best,

[PERSON_1]
Director of IT Security, [ORG_1]
[EMAIL_1]
[PHONE_1]",client
"Subject: coffee downstairs?

Hey [PERSON_1],

Hope your morning is off to a good start. I'm going to grab a quick coffee from the lobby before we jump into the [ORG_1] project standup.

Let me know if you want to walk down together, or if I can grab you your usual cold brew.

Talk soon,

[PERSON_2]",personal
"Subject: Travel Itinerary & Confirmation: [PERSON_1] - [ORG_1] Engineering Offsite

Hi [PERSON_1],

Your travel arrangements for the [ORG_1] Engineering Offsite are complete. Below is the summary of your flight and hotel reservations:

Flight details:
- Outbound: [ORG_2] Flight 402 on [DATE_1]
- Inbound: [ORG_2] Flight 819 on [DATE_2]

Hotel Details:
- Hotel: [ORG_3] Denver Downtown
- Check-in: [DATE_1]
- Check-out: [DATE_2]
- Total cost: [MONEY_1] (Pre-paid by corporate account)

Please note that any incidentals must be charged to your personal card and expensed through the [ORG_1] portal. If you experience any delays or cancellations, please reach out to our 24/7 travel hotline at [PHONE_1].

Best,
[PERSON_2]
Global Travel Operations | [ORG_1]",admin
"Subject: Fwd: Serious API Latency impacting [ORG_1]

Hi [PERSON_1],

I just received a very concerned email from [PERSON_2] over at [ORG_1]. They are experiencing severe latency issues with our REST API, specifically the `/profiles` lookup endpoint. Their automated scripts are timing out after 10 seconds, which is causing a massive backlog in their customer onboarding pipeline.

They have threatened to pause their upcoming expansion contract worth [MONEY_1] if this latency is not resolved by the end of the week. 

Can we please get an incident report or emergency hotfix scheduled? I've attached their error logs to this email. Let's sync up on this as soon as you are free today.

Best,

[PERSON_3]
Account Director, [ORG_2]",client
"Subject: Co-marketing & API Partner Enablement: Next Steps with [ORG_1]

Hello [PERSON_1] and team,

Following our successful API integration sign-off last week, I wanted to coordinate on the collateral and enablement side of our partnership. 

Our product marketing team has drafted a co-branded solution brief that details how the [ORG_1] connector seamlessly syncs data into [ORG_2]. We want to make sure the technical details are accurate and that we are highlighting the value proposition correctly for our shared customers.

Could we set up a meeting on [DATE_1] to align on the following:
- Review of the draft solution brief
- Shared customer database outreach list
- Joint sales enablement training for our respective account executives

Please let me know your availability or feel free to propose a time via my calendar link. 

Cheers,

[PERSON_2]
Partner Success Manager
[ORG_1]
[EMAIL_1]",vendor
"Subject: Hey! / Quick hello

Hey [PERSON_1],

Just passed by your desk earlier but saw you were deep in focus mode with your headphones on, so I didn't want to interrupt.

Just wanted to say a quick hello and see how you're doing! How's the new apartment coming along? Did you finally finish unpacking all those boxes over the weekend?

Drop me a ping whenever you're taking a breather. I'll be around until 4:30 PM.

Best,

[PERSON_2]",personal
"Subject: ACTION REQUIRED: Your new [ORG_1] laptop has shipped – Return instructions inside

Hi [PERSON_1],

Your new laptop replacement has been provisioned and shipped via FedEx. It is scheduled to arrive at your registered remote address on [DATE_1].

Once you receive your new device, please complete your data migration within 5 business days. Your new package includes a prepaid return shipping label and a secure foam-lined box.

To return your old device:
1. Back up all local files to OneDrive.
2. Shut down the old machine and place it securely in the return box.
3. Affix the prepaid FedEx label over the original shipping label.
4. Drop it off at any FedEx location or schedule a pickup.

Failure to return the legacy asset by [DATE_2] may result in automated device locking. If you have any questions, please contact the IT Service Desk at [EMAIL_1] or call [PHONE_1].

Best regards,

IT Asset Management Team
[ORG_1]",admin
"Subject: Ticket #[PHONE_1] (Ref: [ORG_1]) - Ongoing API write-timeouts on database sync

Hi [PERSON_1],

I'm following up on ticket #[PHONE_1] filed by our developer team yesterday. We are still experiencing intermittent write-timeouts during our nightly database synchronization process with your platform.

Specifically, the `POST /bulk/sync` endpoint is consistently timing out after 30 seconds. This is preventing us from completing our daily sync, meaning our internal dashboards are showing outdated customer data. We cannot proceed with onboarding our next cohort of [ORG_1] customers scheduled for [DATE_1] if this remains unresolved.

Can we please schedule a quick 15-minute call with one of your integration engineers this afternoon? You can reach me directly at [PHONE_2].

Thanks,

[PERSON_2]
Implementation Manager, [ORG_1]
[EMAIL_1]",client
"Subject: Draft Q4 Product Roadmap & Feature Priorities

Hi team,

As we wrap up Q3, I wanted to share the draft Q4 roadmap so we can align on engineering capacity and feature feasibility before our planning sessions next week. Our primary objective for next quarter is to improve user retention by focusing on self-service onboarding and expanding our reporting capabilities.

Here are the top three priorities for Q4:
1. Self-Service Workspace Setup (P0) - Target launch: [DATE_1]
2. Advanced Custom Dashboards (P1) - Target beta: [DATE_2]
3. API Rate Limiting & Developer Portal (P2) - Target completion: [DATE_3]

Please take a look at the detailed product spec documents linked in Jira and add your comments/questions directly to the pages. We will host a refinement session on [DATE_4] to address any technical blockers and finalize the sprint timelines.

Best,

[PERSON_1]
Lead Product Manager, [ORG_1]",internal
"Subject: Blockers on PR #1049: Alembic migration for transaction_ledger

Hi team,

I've paused the merge of PR #1049 (transaction ledger schema update) because of a potential locking issue on the PostgreSQL side.

The migration script adds a foreign key constraint linking `transaction_ledger` to `billing_accounts` with `ondelete='CASCADE'`. In Postgres, adding a foreign key constraint requires an `ACCESS EXCLUSIVE` lock on both the source and target tables. On a high-throughput table like `transaction_ledger`, this will block all incoming writes and likely cause an outage on [DATE_1].

To make this safe, we should:
1. Create the FK constraint as `NOT VALID`.
2. Validate the constraint in a separate, low-traffic window using `ALTER TABLE ... VALIDATE CONSTRAINT` (which doesn't block writes).

[PERSON_1], can you update the Alembic migration file to split this process? Let me know if you need some boilerplate code for the migration structure.

Regards,
[PERSON_2]
Database Architect, [ORG_1]",internal
"Subject: Q4 Roadmap Alignments & Cross-Team Dependencies

Hi Team,

To ensure a smooth delivery in Q4, I've mapped out our cross-team dependencies for the upcoming features.

Our main priority is launching the [ORG_1] partner integration by [DATE_1]. This will require close collaboration between the Core Platform team and the Integrations team. [PERSON_1] will be the primary engineering lead on our side, and [PERSON_2] will coordinate from the integrations side.

I've scheduled a weekly sync starting next Tuesday to track progress and unblock any dependencies early. You can find the shared timeline and dependency matrix attached.

Best regards,

[PERSON_3]
Product Management",internal
"Subject: Statement of Work (SOW): Cloud Migration & Infrastructure Optimization - [ORG_1]

Hi [PERSON_1],

I hope you are having a productive week. Following up on our discovery session last Tuesday, I am pleased to share the formal Statement of Work (SOW) for the upcoming Cloud Migration & Infrastructure Optimization project.

Our team at [ORG_2] has outlined a phased approach spanning 12 weeks, ensuring minimal disruption to your daily operations. The total estimated engagement fee is [MONEY_1], billed against key milestones as detailed in Section 4 of the attached document.

Please review the attached SOW at your earliest convenience. If everything looks correct, please sign and return it so we can schedule our kick-off meeting for [DATE_1]. Should you have any questions or require modifications, feel free to reach me at [PHONE_1] or [EMAIL_1].

Best regards,

[PERSON_2]
Managing Director, [ORG_2]",vendor
"Subject: Happy early birthday, [PERSON_1]! 🎉

Hey [PERSON_1],

I saw on the team calendar that your big day is tomorrow! I wanted to be among the first to wish you an amazing birthday and a fantastic year ahead. 

The whole [ORG_1] team put together a little digital card for you. You can check out all our messages, embarrassing team photos, and inside jokes here: [URL_1]

Hope you get to log off a bit early today and enjoy some cake and celebrations with your family!

Cheers,

[PERSON_2]",personal
"Subject: ISO 27001 Audit Evidence Request: International Data Transfer DPAs

Hello [PERSON_1],

Our external ISO 27001 auditors are currently reviewing our compliance with Control A.18.1.4 (Privacy and protection of personally identifiable information). Specifically, they have selected a sample of three international vendors to verify that valid DPAs and cross-border transfer mechanisms are in place.

Please provide the executed DPAs (including signed SCCs) and associated Transfer Impact Assessments (TIAs) for:
1. [ORG_1] (US-based hosting)
2. [ORG_2] (APAC-based customer support)
3. [ORG_3] (EU-based analytics tool with US sub-processors)

We need these uploaded to our audit evidence repository by end of day [DATE_1] to avoid a minor non-conformity finding.

Thanks,

[PERSON_2]
Information Security Auditor
[ORG_4]",security
"Subject: Great Job! Q3 Phishing Simulation Report & Top Reporters

Hi everyone,

We recently wrapped up our Q3 Phishing Simulation Campaign, and I am thrilled to share the results with you all.

During this campaign, we simulated a sophisticated credential harvesting attack disguised as an urgent IT system update. Here is how [ORG_1] performed:
- Phish Reporting Rate: 84% (A new record!)
- Click Rate: 1.8% (Down from 3.5% last quarter)

We want to give a special shout-out to [PERSON_1] from the Finance department and [PERSON_2] from HR, who were the fastest to report the simulation. They have each won a [MONEY_1] gift card!

Remember, phishing remains the #1 vector for cyber attacks globally. Keep using the 'Report Phishing' button on every suspicious email. Let’s keep this momentum going into Q4!

Cheers,

[PERSON_3]
Information Security Manager
[ORG_1] SecOps Team",security
"Subject: Kickoff Call: [ORG_1] x [ORG_2] Onboarding and Implementation

Hi [PERSON_1],

On behalf of the [ORG_2] team, I would like to formally welcome [ORG_1] as our newest enterprise partner! We are thrilled to begin this journey with you and help streamline your operations.

To ensure a seamless start, we would like to schedule our official Kickoff Call for next week. During this 45-minute session, we will introduce our core implementation team, review the project scope, align on your key success metrics, and walk through our standard 90-day onboarding timeline.

Please let us know if any of the following slots work for you and your key stakeholders:
- [DATE_1] at 10:00 AM EST
- [DATE_2] at 2:00 PM EST
- [DATE_3] at 11:30 AM EST

Once confirmed, I will send over a calendar invitation along with a preliminary agenda. If you have any questions in the meantime, please feel free to reach out directly at [PHONE_1] or via [EMAIL_1].

Looking forward to working together!

Best regards,

[PERSON_2]
Director of Customer Onboarding
[ORG_2]",client
"Subject: Happy 5-Year Work Anniversary, [PERSON_1]! 🎉

Hey [PERSON_1],

I just saw the notification pop up on [ORG_1] Connect that today is your 5-year work anniversary! I wanted to reach out and send a huge congratulations your way.

It’s been absolute fun working alongside you these past few years. From navigating the crazy [DATE_1] product launch to our weekly coffee runs, you've made the office a much brighter place. Thank you for always bringing great energy and being such a reliable teammate.

Hope you have a fantastic day and get to celebrate properly. Let's grab lunch or a coffee sometime next week to catch up!

Best,
[PERSON_2]",personal
"Subject: Coffee before standup?

Morning [PERSON_1],

Hope you're having a good morning. I'm about to head downstairs to grab a quick coffee before our team standup.

Let me know if you want to join and chat for a bit, or if you're swamped finishing up your updates. I'll probably head down in 5 minutes flat.

Thanks,

[PERSON_2]",personal
"Subject: Temporary Relocation Notice: Floor 8 HVAC Overhaul starting [DATE_1]

Hi Everyone,

Please read this email carefully if your primary workspace is located on Floor 8. 

Starting [DATE_1], the facilities team will initiate a comprehensive, multi-week HVAC infrastructure overhaul on Floor 8 to resolve ongoing airflow and temperature regulation issues. Due to the scale of this project, Floor 8 will be completely closed to all staff from [DATE_1] through [DATE_2].

**Relocation Plan:**
* **Engineering Team:** Will be temporarily relocated to the hot-desking area on Floor 5.
* **Product & Design Teams:** Will be temporarily relocated to the collaborative workspace on Floor 6.
* All team members are encouraged to utilize our hybrid WFH policy where possible to ease desk capacity constraints.

We have scheduled a brief Q&A session tomorrow, [DATE_3] at 10:00 AM via [ORG_1] Teams to address any logistical questions or concerns regarding this temporary move. You can find the invite in your calendar.

Thank you for your patience and understanding as we work to resolve these building issues once and for all.

Warm regards,

[PERSON_1]
VP of Internal Operations
[ORG_2] Corporate Services",admin
"Subject: Manager Action Required: Outstanding Security Training for Your Team

Hi [PERSON_1],

As we approach our upcoming external SOC 2 audit on [DATE_1], 100% completion of our annual Security Awareness Training is mandatory for audit evidence.

According to our compliance dashboard, one or more direct reports on your team have not completed their assigned training. The deadline was [DATE_2], and these items are now critically overdue.

Please follow up with the following team members today and ensure they prioritize completing this training:
- [PERSON_2] (Overdue by 12 days)
- [PERSON_3] (Overdue by 12 days)

We appreciate your leadership and assistance in helping us maintain our security compliance posture. Let me know if you have any questions.

Thanks,

[PERSON_4]
IT Security Compliance Manager
[ORG_1]",security
"Subject: Final Sign-off: Onboarding Completion & Go-Live Readiness

Hi [PERSON_1],

Congratulations! We have successfully completed all onboarding milestones, including data migration, system configuration, and team training. Your environment is fully optimized and ready for go-live.

To officially close out the onboarding phase and transition you to our standard support and customer success model, please reply to this email with your final sign-off.

Following this sign-off, your primary point of contact moving forward will be your Account Manager, [PERSON_2], who can be reached at [EMAIL_1] or [PHONE_1]. I've loved working with you over the last few weeks to get [ORG_1] live, and I wish you the absolute best!

Sincerely,

[PERSON_3]
Onboarding Lead, [ORG_2]",client
"Subject: SOW: Cloud Infrastructure Migration & Support - [ORG_1]

Hi [PERSON_1],

I hope you are having a productive week. Following our scoping call last Thursday, our architecture team at [ORG_2] has finalized the draft Statement of Work (SOW) for your upcoming cloud infrastructure migration initiative.

This SOW outlines the migration roadmap, key milestones, resource allocation, and a total estimated cost of [MONEY_1]. We have structured the phases to minimize downtime for your core business operations and ensure a seamless transition.

Please review the attached document and let us know if you would like to schedule a brief call to walk through the details or make any adjustments before we route it for signature.

Best regards,

[PERSON_2]
Managing Director, [ORG_2]
[PHONE_1] | [EMAIL_1]",vendor
"Subject: Urgent: Recurring latency issues and SLA penalty calculation - Account: [ORG_1]

Dear [PERSON_1],

Despite our discussion last week regarding the API latency spikes, we have observed another breach of the agreed-upon performance thresholds. Our SLA clearly stipulates that API response times must remain under 200ms for 95% of requests. Over the last 14 days, response times averaged 450ms, causing significant friction for our end-users.

As a result of this sustained degradation, we are exercising our rights under Exhibit C of our contract to claim a service credit. Based on our calculations, the penalty amount stands at [MONEY_1].

We value our partnership with [ORG_2], but these persistent performance issues are affecting our business delivery. Please confirm receipt of this request and let us know when we can schedule a call with your technical lead to discuss the remediation plan.

Sincerely,

[PERSON_2]
Procurement & Vendor Management, [ORG_1]",client
"Subject: URGENT: Outstanding SOC 2 Audit Evidence - Deadline [DATE_1]

Team,

This is a critical reminder that our final deadline for SOC 2 Type II audit evidence submission is [DATE_1]. Currently, [ORG_1] is only at 65% completion on our compliance checklist.

We have several high-priority items outstanding in the IT Operations and Infrastructure buckets, specifically around backup restoration test logs and quarterly firewall rule reviews. Failure to provide these artifacts on time risks delaying our final report, which could impact active sales cycles representing over [MONEY_1] in potential ARR.

Please prioritize these requests today. If you need assistance extracting logs or generating the necessary reports, please contact the security team immediately at [EMAIL_1].

Let's get this across the finish line.

Regards,

[PERSON_1]
Chief Information Security Officer
[ORG_1]",security
"Subject: quick coffee before standup?

Hi [PERSON_1],

I'm desperately in need of some caffeine before our 9:30 standup. I'm heading down to the [ORG_1] coffee bar on the ground floor right now.

Want to walk down and grab a quick cup? I need to step away from the screen for a few minutes anyway.

Let me know if you're coming!

Best,
[PERSON_2]",personal
"Subject: Any fun weekend plans? + Quick hello!

Hey [PERSON_1],

Hope your week has been going well! It feels like we've barely run into each other at the watercooler lately with everyone's hybrid schedules being so mismatched.

I was just curious if you had anything fun lined up for the weekend? I remember you saying you were looking into that new restaurant downtown, so let me know if it's worth checking out if you end up going!

If you're in the office on [DATE_1], let's try to coordinate our lunch break and grab a bite at the courtyard food trucks.

Have a great rest of your Thursday!

Best,
[PERSON_2]",personal
"Subject: RE: Revised Statement of Work - Data Analytics Strategy [ORG_1]

Hi [PERSON_1],

Thank you for the feedback on the initial draft. I have discussed the budget constraints with our delivery leads, and we have successfully revised the scope of work to align closer to your target figures.

In this updated SOW, we have streamlined Phase 2 (Data Modeling) by utilizing your internal database administrators for standard ETL tasks. This adjustment reduces our total consulting hours and brings the overall project cost down to [MONEY_1] (previously [MONEY_2]).

Please find the revised document attached. We are eager to partner with [ORG_1] on this analytics journey and hope this allows us to move forward. Let me know if we can finalize this by [DATE_1] to secure our engineering resources.

Warmly,

[PERSON_2]
Partner, [ORG_2]",vendor
"Subject: Countersigned Mutual NDA - [ORG_1] and [ORG_2]

Hello [PERSON_1],

Please find attached the countersigned Mutual Non-Disclosure Agreement (MNDA) between [ORG_1] and [ORG_2], executed today, [DATE_1], by our Chief Information Security Officer.

This completes our mutual pre-requisites for the technical evaluation phase. Our security team will now set up the secure data room and send over the credential details to [EMAIL_1] within the next 24 hours.

If you need to discuss any further compliance or data processing agreements (DPA), please feel free to contact me directly at [PHONE_1].

Best regards,

[PERSON_2]
Director of Information Security
[ORG_2]",security
"Subject: Fwd: Escalation: API Downtime SLA Credit Request - [ORG_1]

Hi [PERSON_1],

I'm forwarding this escalation from [PERSON_2], our primary contact at [ORG_1]. They are extremely upset about the API degradation we experienced last week on [DATE_1].

As you can see below, they are requesting a service credit of [MONEY_1] for the 3 hours of degraded performance, citing Section 8 of their contract. They've also threatened to halt their upcoming renewal discussions if we don't resolve this issue and apply the credit.

Can you please review their usage logs and let me know if we are technically in breach of the 99.5% API availability SLA? I want to have our numbers straight before I hop on an escalation call with them tomorrow.

Thanks,

[PERSON_3]
Enterprise Account Manager, [ORG_2]

--- Forwarded message ---
From: [PERSON_2] <[EMAIL_1]>
Date: [DATE_2]
Subject: Escalation: API Downtime SLA Credit Request - [ORG_1]

Hi [PERSON_3],

Following up on the API service degradation on [DATE_1]. Our developers documented high latency and 502 errors over a 3-hour period. This constitutes an SLA violation. We expect a credit of [MONEY_1] applied to our [DATE_2] billing. Let's discuss.",client
"Subject: ACTION REQUIRED: Launching [ORG_1] Annual SOC 2 Type II Audit & Evidence Collection

Hi Team,

It's that time of year again. We are officially kicking off our annual SOC 2 Type II audit window for the period of [DATE_1] to [DATE_2]. Our external auditors from [ORG_2] will begin reviewing our control implementations starting next month.

Please review the attached master evidence collection checklist. Each engineering, product, and HR lead has been assigned specific control IDs. We must ensure all screenshots, configuration files, and system logs are uploaded to our compliance portal by [DATE_3].

If you are new to this process or need a refresher on how to document evidence to meet the Trust Services Criteria (TSC), please join our brief enablement session this Thursday at 10:00 AM. 

Thanks for your cooperation in keeping [ORG_1] secure and compliant.

Best regards,

[PERSON_1]
Head of Information Security
[ORG_1]
[EMAIL_1]",security
"Subject: Happy Friday & Birthday Wishes to [PERSON_1]! 🎉

Hey team,

Happy Friday! Before we all head off for the weekend, I wanted to call out a very special occasion. Today is [PERSON_1]'s birthday!

Since we are a fully remote team, we can't do the usual office cake and snacks, but we can still celebrate virtually. Please take a moment to jump into this virtual card and leave a nice note, a favorite memory, or a goofy GIF:

https://www.groupgreeting.com/sign/[ORG_1]/[PERSON_1]-celebration

[PERSON_1], we hope you have a fantastic weekend planned and get to celebrate properly with family and friends!

Best,

[PERSON_2]",personal
"Subject: Re: Access Review Query - [PERSON_2] - GitHub Admin Permissions

Hi [PERSON_1],

During my review of [PERSON_2]’s IAM profile for the quarterly audit, I noticed they still have administrator permissions on our production GitHub organization. 

Since [PERSON_2] transitioned from the Platform Engineering team to the Product Design team last month, they should no longer require administrative write privileges to our core repositories. 

Could you please confirm if this access is still required for their current role? If not, I will go ahead and downgrade their access to ""Read-Only"" in accordance with our Least Privilege Policy. 

If I don't hear back from you by [DATE_1], I will proceed with the downgrade to ensure we remain compliant for our upcoming SOC 2 audit.

Best regards,

[PERSON_3]
Senior Security Engineer
[ORG_1] Information Security",security
"Subject: [Action Required] Pending Access Reviews for [ORG_1] Team - Due [DATE_1]

Dear [PERSON_1],

This is an automated notification from the [ORG_1] Identity Governance system. You have pending access certification tasks that require your immediate attention.

As the designated manager, you must verify the access rights for the following team members:
- [PERSON_2] (Active Directory, Salesforce, AWS Production)
- [PERSON_3] (GitHub, Jira Administrator, GCP Developer)

Please complete this review by [DATE_1] to comply with our ISO 27001 control objectives. Unreviewed access profiles will be flagged for automatic revocation on [DATE_2].

To begin your review, please click here: https://identity.[ORG_1].com/access-reviews

If you believe you have received this email in error or have questions about a specific permission, please contact [EMAIL_1].

Best regards,
[ORG_1] Identity & Access Management Team",security
"Subject: Pre-standup caffeine run

Hey [PERSON_1] and [PERSON_2],

I'm heading downstairs to grab a coffee before our 10:00 AM standup. If anyone wants to step away from their screens for 10 minutes and get some fresh air, meet me by the elevators!

If you can't make it but want me to grab you a drip coffee or an espresso, just text me at [PHONE_1] within the next 5 mins.

See ya,

[PERSON_3]",personal
"Subject: Technical Root Cause Analysis (RCA): Staging Outage [DATE_1]

Hi team,

I wanted to share the preliminary technical RCA regarding yesterday's staging outage.

During our investigation, [PERSON_1] identified that the root cause was a memory leak in the newly introduced telemetry agent on the staging nodes. This caused the kernel OOM killer to terminate the main web process repeatedly, preventing Kubernetes from successfully restarting the pods due to failing liveness probes.

We've rolled back the telemetry agent to version 1.4.2, and staging has stabilized. Let's discuss permanent mitigations and alert configurations during the retro.

Regards,
[PERSON_2]",internal
"Subject: Security Advisory: Critical Vulnerability Patched in [ORG_1] Platform

Dear [ORG_1] Customer,

At [ORG_1], the security of your data is our highest priority. We are writing to inform you of a critical vulnerability disclosure that our security team identified and successfully mitigated within the [ORG_1] cloud platform.

On [DATE_1], our internal security researchers discovered a privilege escalation vulnerability in our user management module. Within 4 hours of discovery, our engineering team deployed a hotfix to patch the vulnerability across all production environments. No customer action is required.

Our forensic analysis, conducted in partnership with [ORG_2], indicates no evidence of unauthorized access or data exfiltration. If you would like to review the complete security advisory and CVSS details, please contact our Compliance Officer, [PERSON_1], at [EMAIL_1].

We appreciate your continued trust in [ORG_1]. If you have any further questions, please contact our support desk at [PHONE_1].

Sincerely,

The [ORG_1] Security & Compliance Team",security
"Subject: Q3 Phishing Simulation Campaign Results

Hi Team,

We recently wrapped up our Q3 internal phishing simulation on [DATE_1]. This drill is part of [ORG_1]'s ongoing commitment to security awareness and compliance, helping us maintain our SOC 2 certification.

During this campaign, we simulated a fake ""unusual login attempt"" notification. I'm pleased to report that 88% of employees successfully spotted and reported the email using our PhishAlarm button. However, 12% of team members clicked the simulated link.

If you were among those who clicked, please look out for an automated enrollment email for a brief refresher module on identifying credential harvesting attempts. 

Thank you for helping keep [ORG_1] secure.

Best regards,

[PERSON_1]
Chief Information Security Officer, [ORG_1]",security
"Subject: [ORG_1] Subscription Renewal and Fair Use Policy Updates - [DATE_1]

Dear Procurement Team,

Your annual subscription for [ORG_1] Analytics is approaching its renewal date of [DATE_1]. We are reaching out to share details regarding your renewal pricing and some important updates to our software license agreement.

For the upcoming subscription term, we have introduced an updated Fair Use Policy regarding API data extraction rates to ensure optimal platform performance for all enterprise customers. Additionally, your annual subscription rate has been adjusted to [MONEY_1] to reflect the addition of our advanced reporting module requested earlier this year.

Please review the updated terms at the following link: [ORG_1]/legal/terms-update. Kindly confirm your acceptance and provide your billing purchase order (PO) number to [EMAIL_1] before [DATE_2] to avoid any disruption to your analytics dashboards.

Thank you for your continued partnership.

Warm regards,

[PERSON_1]
Renewals Manager, [ORG_1]",vendor
"Subject: [ORG_1] Regional Update: APAC Public Holiday Closures - [DATE_1]

Dear Team,

We would like to inform you of the upcoming public holiday closures for our APAC offices in Singapore, Tokyo, and Sydney, scheduled for [DATE_1].

Office Closure Details:
- Singapore Office: Closed on [DATE_2]. Reopening on [DATE_3].
- Tokyo Office: Closed on [DATE_2]. Reopening on [DATE_3].
- Sydney Office: Closed on [DATE_1]. Reopening on [DATE_2].

If your role involves supporting clients in these regions, please ensure you coordinate with your regional points of contact to establish emergency coverage protocols. External auto-responders should clearly indicate alternative contact channels for urgent escalations.

Thank you for your attention to these regional schedules.

Sincerely,

[PERSON_1]
VP of Global Operations
[ORG_1]",admin
"Subject: Platform Demo Request & Security Compliance Check - [ORG_1]

Hello,

I am the Director of Operations at [ORG_1]. We are looking to adopt your platform to manage our customer-facing support workflows, and I'd like to schedule a demo to see how your system handles multi-tenant isolation and role-based access control (RBAC).

Because we handle healthcare-related data, HIPAA compliance is a hard requirement for us. We will need to sign a Business Associate Agreement (BAA) with your company before moving forward. Can you confirm if your enterprise plan supports HIPAA compliance and if your legal team is open to reviewing our standard BAA?

Please let me know your availability for an initial discovery call and demo. I look forward to hearing from you.

Thanks,

[PERSON_1]
Director of Operations, [ORG_1]
[PHONE_1]
[EMAIL_1]",client
"Subject: REMINDER: Semi-Annual HVAC Filter Replacement & Floor Rotation Schedule

Hello [ORG_1] Team,

This is a quick reminder that our scheduled semi-annual HVAC filter replacement and duct cleaning will take place next week, starting [DATE_1].

To minimize disruption, we will be closing one floor at a time for a single business day. Please review the schedule below to see when your floor will be affected:

- Monday, [DATE_1]: 3rd Floor Closed (Marketing and Sales to work remotely)
- Tuesday, [DATE_2]: 4th Floor Closed (Product and Engineering to work remotely)
- Wednesday, [DATE_3]: 5th Floor Closed (HR, Admin, and Finance to work remotely)

Please ensure you take your laptops, chargers, and any necessary work materials home with you the evening before your scheduled floor closure.

If you have any questions or require special accommodations, please contact [PERSON_1] at [EMAIL_1].

Thank you,

Facilities Management",admin
"Subject: Happy Birthday, [PERSON_1]! / Sign the Group Card

Hey team,

[PERSON_1] is turning another year older this [DATE_1]!

I've set up a digital birthday card for them. Please take a couple of minutes out of your day to write a nice message and wish them a fantastic year ahead.

You can sign the card using the link below:
https://www.groupgreeting.com/sign/[PERSON_1]-celebrate

We'll send the completed card to [PERSON_1]'s email ([EMAIL_1]) on Friday morning.

Thanks everyone, and have a great weekend!

[PERSON_2]",personal
"Subject: Urgent: Staging-2 Environment Down - DB Connection Pool Exhaustion

Hi team,

It looks like staging-2 has been completely unresponsive since about [DATE_1] at 14:00 UTC. [PERSON_1] and I did some initial digging and it looks like we've completely exhausted our DB connection pool.

We are seeing a massive spike in connections originating from the new billing microservice deployed this morning. I've temporarily scaled down the replica count for the billing service to stop the bleeding, but we need to find the root cause.

[PERSON_2], could you jump into the `#eng-infra` Slack channel? We need to look at the telemetry together and decide if we need to roll back the entire v2.4.1 release on staging.

Best,
[PERSON_3]
Site Reliability Engineer, [ORG_1]",internal
"Subject: Kickoff Call Recap & Action Items - [ORG_1] / [ORG_2] Onboarding

Hi [PERSON_1],

Thank you to everyone who joined our onboarding kickoff call earlier today. It was great aligning on the project goals and setting expectations for our partnership.

As promised, here is a summary of the action items and next steps:
- [ORG_2] to share API documentation with [PERSON_3] by [DATE_1]
- [ORG_1] to provision sandbox access for our integration team
- Next Weekly Sync: [DATE_2] at 3:00 PM EST

I have attached the slide deck from today's presentation and a link to the call recording. We will track all milestones through our shared portal. If you have any questions in the meantime, please feel free to reach out.

Warm regards,

[PERSON_2]
Implementation Consultant, [ORG_2]",client
"Subject: Draft Q4 Product Roadmap & Feature Priorities

Hi Team,

As we approach the final weeks of Q3, I want to share the draft Q4 product roadmap so we can align on engineering capacity and design timelines. Our primary focus areas for the upcoming quarter are platform reliability and self-service onboarding.

Here are the top three priority epics we are targeting:
1. Self-Service Workspace Creation: Target release date is [DATE_1]. This will allow new teams to self-provision without manual intervention from support.
2. Multi-Factor Authentication (MFA) Enforcement: Target release date is [DATE_2]. This is a critical security requirement for our enterprise customers.
3. API Rate Limiting & Quota Management: Target release date is [DATE_3]. This will help prevent abuse on our public endpoints.

Please review the Confluence page and leave your comments on the technical feasibility and sprint estimates by this Friday. We will lock in the roadmap during our planning meeting next Monday.

Best,

[PERSON_1]
Lead Product Manager, [ORG_1]",internal
"Subject: EXTERNAL: Notice of Emergency Security Patching and Service Interruption

Dear [ORG_1] Customer,

As part of our commitment to maintaining the highest security standards for your data, [ORG_1] is issuing this notification regarding an emergency security patch deployment.

Our internal security monitoring team recently identified a high-severity vulnerability within our data ingestion pipeline. While we have no evidence that this vulnerability has been exploited or that any customer data has been accessed, we are treating this with the utmost urgency.

We will be deploying a security patch during an emergency maintenance window on [DATE_1] between 01:00 AM and 03:00 AM UTC. During this period, you may experience brief intermittent connectivity issues with the [ORG_1] API. 

No action is required on your part. If you have any questions or experience prolonged issues following this maintenance window, please contact our dedicated support team at [EMAIL_1] or call [PHONE_1].

Sincerely,

[PERSON_1]
Chief Information Security Officer
[ORG_1]",security
